
======== ★ 5.x　ROS2 node 全表 ========
/arc_lvio_node
/arc_mapping_node
/arc_state_machine_node
/aritag_location_pipline
/behavior_server
/bridge_image_topics_24
/bt_navigator
/bt_navigator_navigate_through_poses_rclcpp_node
/bt_navigator_navigate_to_pose_rclcpp_node
/charging_alignment_server
/collision_monitor
/controller_server
/error_aggregator
/global_costmap/global_costmap
/imu_driver
/kanon_rust_charge
/kanon_rust_loc
/kanon_rust_nav
/kanon_rust_slam
/launch_ros_2483
/lifecycle_manager_navigation
/local_costmap_controller/local_costmap_controller
/local_costmap/local_costmap
/localization
/map_server
/MEB
/nav2_container
/perception_jobs
/planner_server
/remoix_rust_interface
/robot_slam
/robot_tf
/ros2_alg_interface
/rslidar_sdk/param_handle
/rslidar_sdk/rslidar_points_destination_0
/rslidar_sdk/rslidar_points_destination_1
/rust_debug_node
/sixents_gps_driver
/uss_driver
/uwb_driver
/velocity_optimizer
/waypoint_follower

======== ★★★ 5.x　**全部**節點的接線（誰吃什麼、發什麼 —— 這段是畫 node/topic 圖的原始資料） ========
@@NODE /arc_lvio_node
@@NODE /arc_mapping_node
@@NODE /arc_state_machine_node
@@NODE /aritag_location_pipline
@@NODE /behavior_server
@@NODE /bridge_image_topics_24
@@NODE /bt_navigator
@@NODE /bt_navigator_navigate_through_poses_rclcpp_node
@@NODE /bt_navigator_navigate_to_pose_rclcpp_node
@@NODE /charging_alignment_server
@@NODE /collision_monitor
@@NODE /controller_server
@@NODE /error_aggregator
@@NODE /global_costmap/global_costmap
@@NODE /imu_driver
@@NODE /kanon_rust_charge
@@NODE /kanon_rust_loc
@@NODE /kanon_rust_nav
@@NODE /kanon_rust_slam
@@NODE /launch_ros_2483
@@NODE /lifecycle_manager_navigation
@@NODE /local_costmap_controller/local_costmap_controller
@@NODE /local_costmap/local_costmap
@@NODE /localization
@@NODE /map_server
@@NODE /MEB
@@NODE /nav2_container
@@NODE /perception_jobs
@@NODE /planner_server
@@NODE /remoix_rust_interface
@@NODE /robot_slam
@@NODE /robot_tf
@@NODE /ros2_alg_interface
@@NODE /rslidar_sdk/param_handle
@@NODE /rslidar_sdk/rslidar_points_destination_0
@@NODE /rslidar_sdk/rslidar_points_destination_1
@@NODE /rust_debug_node
@@NODE /sixents_gps_driver
@@NODE /uss_driver
@@NODE /uwb_driver
@@NODE /velocity_optimizer
@@NODE /waypoint_follower
節點數：42
================ NODEINFO /arc_lvio_node ================
/arc_lvio_node
  Subscribers:
    /arc/slam_mode_cmd: robots_dog_msgs/msg/ArcModuleCmd
    /front_camera/image_compressed: sensor_msgs/msg/CompressedImage
    /front_lidar: sensor_msgs/msg/PointCloud2
    /front_lidar/imu: sensor_msgs/msg/Imu
    /parameter_events: rcl_interfaces/msg/ParameterEvent
    /rear_lidar: sensor_msgs/msg/PointCloud2
  Publishers:
    /arc/slam_dock_pose: robots_dog_msgs/msg/DockPoseStamped
    /arc/slam_state: robots_dog_msgs/msg/ArcModuleState
    /parameter_events: rcl_interfaces/msg/ParameterEvent
    /rosout: rcl_interfaces/msg/Log
    /tf: tf2_msgs/msg/TFMessage
  Service Servers:
    /arc_lvio_node/describe_parameters: rcl_interfaces/srv/DescribeParameters
    /arc_lvio_node/get_parameter_types: rcl_interfaces/srv/GetParameterTypes
    /arc_lvio_node/get_parameters: rcl_interfaces/srv/GetParameters
    /arc_lvio_node/list_parameters: rcl_interfaces/srv/ListParameters
    /arc_lvio_node/set_parameters: rcl_interfaces/srv/SetParameters
    /arc_lvio_node/set_parameters_atomically: rcl_interfaces/srv/SetParametersAtomically
  Service Clients:

  Action Servers:

  Action Clients:

================ NODEINFO /arc_mapping_node ================
/arc_mapping_node
  Subscribers:
    /front_camera/image_compressed: sensor_msgs/msg/CompressedImage
    /odom/localization_odom: nav_msgs/msg/Odometry
    /parameter_events: rcl_interfaces/msg/ParameterEvent
  Publishers:
    /arc_mapping_state: robots_dog_msgs/msg/SlamState
    /parameter_events: rcl_interfaces/msg/ParameterEvent
    /rosout: rcl_interfaces/msg/Log
    /tf: tf2_msgs/msg/TFMessage
  Service Servers:
    /arc_mapping_node/describe_parameters: rcl_interfaces/srv/DescribeParameters
    /arc_mapping_node/get_parameter_types: rcl_interfaces/srv/GetParameterTypes
    /arc_mapping_node/get_parameters: rcl_interfaces/srv/GetParameters
    /arc_mapping_node/list_parameters: rcl_interfaces/srv/ListParameters
    /arc_mapping_node/set_parameters: rcl_interfaces/srv/SetParameters
    /arc_mapping_node/set_parameters_atomically: rcl_interfaces/srv/SetParametersAtomically
    /arc_mapping_service: robots_dog_msgs/srv/MapState
  Service Clients:

  Action Servers:

  Action Clients:

================ NODEINFO /arc_state_machine_node ================
/arc_state_machine_node
  Subscribers:
    /arc/arc_change_flag_test: robots_dog_msgs/msg/ArcChangeFlag
    /arc/calibration_state: robots_dog_msgs/msg/ArcModuleState
    /arc/dock_state: robots_dog_msgs/msg/DockState
    /arc/mc_state: robots_dog_msgs/msg/McState
    /arc/nav_coarse_alignment_state: robots_dog_msgs/msg/ArcModuleState
    /arc/nav_contact_alignment_state: robots_dog_msgs/msg/ArcModuleState
    /arc/nav_fine_alignment_state: robots_dog_msgs/msg/ArcModuleState
    /arc/perception_dock_pose: robots_dog_msgs/msg/DockPoseStamped
    /arc/perception_state: robots_dog_msgs/msg/ArcModuleState
    /arc/slam_dock_pose: robots_dog_msgs/msg/DockPoseStamped
    /arc/slam_state: robots_dog_msgs/msg/ArcModuleState
    /arc/start_arc: robots_dog_msgs/msg/StartArc
    /navigation_state: robots_dog_msgs/msg/NavigationState
    /odom/current_pose: nav_msgs/msg/Odometry
    /parameter_events: rcl_interfaces/msg/ParameterEvent
  Publishers:
    /arc/arc_change_flag: robots_dog_msgs/msg/ArcChangeFlag
    /arc/arc_module_states_debug_info: std_msgs/msg/String
    /arc/arc_state: robots_dog_msgs/msg/ArcState
    /arc/arc_state_debug_info: std_msgs/msg/String
    /arc/dock_pose: robots_dog_msgs/msg/DockPoseStamped
    /arc/mc_mode_cmd: robots_dog_msgs/msg/McModeCmd
    /arc/nav_coarse_alignment_mode_cmd: robots_dog_msgs/msg/ArcModuleCmd
    /arc/nav_contact_alignment_mode_cmd: robots_dog_msgs/msg/ArcModuleCmd
    /arc/nav_fine_alignment_mode_cmd: robots_dog_msgs/msg/ArcModuleCmd
    /arc/perception_mode_cmd: robots_dog_msgs/msg/ArcModuleCmd
    /arc/slam_mode_cmd: robots_dog_msgs/msg/ArcModuleCmd
    /navigation_cmd: robots_dog_msgs/msg/NavigationCmd
    /parameter_events: rcl_interfaces/msg/ParameterEvent
    /rosout: rcl_interfaces/msg/Log
    /start_navigation: robots_dog_msgs/msg/StartNavigation
  Service Servers:
    /arc_state_machine_node/describe_parameters: rcl_interfaces/srv/DescribeParameters
    /arc_state_machine_node/get_parameter_types: rcl_interfaces/srv/GetParameterTypes
    /arc_state_machine_node/get_parameters: rcl_interfaces/srv/GetParameters
    /arc_state_machine_node/list_parameters: rcl_interfaces/srv/ListParameters
    /arc_state_machine_node/set_parameters: rcl_interfaces/srv/SetParameters
    /arc_state_machine_node/set_parameters_atomically: rcl_interfaces/srv/SetParametersAtomically
  Service Clients:

  Action Servers:

  Action Clients:

================ NODEINFO /aritag_location_pipline ================
/aritag_location_pipline
  Subscribers:
    /arc/arc_state: robots_dog_msgs/msg/ArcState
    /arc/perception_mode_cmd: robots_dog_msgs/msg/ArcModuleCmd
    /front_camera/image_compressed: sensor_msgs/msg/CompressedImage
    /parameter_events: rcl_interfaces/msg/ParameterEvent
  Publishers:
    /arc/calibration_state: robots_dog_msgs/msg/ArcModuleState
    /arc/perception_dock_pose: robots_dog_msgs/msg/DockPoseStamped
    /arc/perception_state: robots_dog_msgs/msg/ArcModuleState
    /parameter_events: rcl_interfaces/msg/ParameterEvent
    /rosout: rcl_interfaces/msg/Log
    /tf: tf2_msgs/msg/TFMessage
    /tf_static: tf2_msgs/msg/TFMessage
  Service Servers:
    /aritag_location_pipline/describe_parameters: rcl_interfaces/srv/DescribeParameters
    /aritag_location_pipline/get_parameter_types: rcl_interfaces/srv/GetParameterTypes
    /aritag_location_pipline/get_parameters: rcl_interfaces/srv/GetParameters
    /aritag_location_pipline/list_parameters: rcl_interfaces/srv/ListParameters
    /aritag_location_pipline/set_parameters: rcl_interfaces/srv/SetParameters
    /aritag_location_pipline/set_parameters_atomically: rcl_interfaces/srv/SetParametersAtomically
  Service Clients:

  Action Servers:

  Action Clients:

================ NODEINFO /behavior_server ================
/behavior_server
  Subscribers:
    /navigo/lcc/cmn/vis/costmap_raw: nav2_msgs/msg/Costmap
    /navigo/lcc/cmn/vis/published_footprint: geometry_msgs/msg/PolygonStamped
    /navigo/lm/cmn/intf/bond: bond/msg/Status
    /odom/current_pose: nav_msgs/msg/Odometry
    /parameter_events: rcl_interfaces/msg/ParameterEvent
  Publishers:
    /navigo/cs/cmn/intf/cmd_vel_raw: geometry_msgs/msg/Twist
    /navigo/lm/cmn/dbg/behavior_server/transition_event: lifecycle_msgs/msg/TransitionEvent
    /navigo/lm/cmn/intf/bond: bond/msg/Status
    /parameter_events: rcl_interfaces/msg/ParameterEvent
    /rosout: rcl_interfaces/msg/Log
  Service Servers:
    /behavior_server/change_state: lifecycle_msgs/srv/ChangeState
    /behavior_server/describe_parameters: rcl_interfaces/srv/DescribeParameters
    /behavior_server/get_available_states: lifecycle_msgs/srv/GetAvailableStates
    /behavior_server/get_available_transitions: lifecycle_msgs/srv/GetAvailableTransitions
    /behavior_server/get_parameter_types: rcl_interfaces/srv/GetParameterTypes
    /behavior_server/get_parameters: rcl_interfaces/srv/GetParameters
    /behavior_server/get_state: lifecycle_msgs/srv/GetState
    /behavior_server/get_transition_graph: lifecycle_msgs/srv/GetAvailableTransitions
    /behavior_server/list_parameters: rcl_interfaces/srv/ListParameters
    /behavior_server/set_parameters: rcl_interfaces/srv/SetParameters
    /behavior_server/set_parameters_atomically: rcl_interfaces/srv/SetParametersAtomically
  Service Clients:

  Action Servers:
    /backup: robots_dog_msgs/action/BackUp
    /drive_on_heading: nav2_msgs/action/DriveOnHeading
    /spin: nav2_msgs/action/Spin
    /wait: nav2_msgs/action/Wait
  Action Clients:

================ NODEINFO /bridge_image_topics_24 ================
/bridge_image_topics_24
  Subscribers:
    /parameter_events: rcl_interfaces/msg/ParameterEvent
  Publishers:
    /front_camera/image_compressed: sensor_msgs/msg/CompressedImage
    /rear_camera/image_compressed: sensor_msgs/msg/CompressedImage
    /rosout: rcl_interfaces/msg/Log
  Service Servers:

  Service Clients:

  Action Servers:

  Action Clients:

================ NODEINFO /bt_navigator ================
/bt_navigator
  Subscribers:
    /navigo/lm/cmn/intf/bond: bond/msg/Status
    /navigo/wf/cmn/intf/update_tracking_goal: geometry_msgs/msg/PoseStamped
    /odom/current_pose: nav_msgs/msg/Odometry
    /parameter_events: rcl_interfaces/msg/ParameterEvent
    /set_desired_angular_vel_z: std_msgs/msg/Float32
    /set_desired_linear_vel_x: std_msgs/msg/Float32
    /set_desired_linear_vel_y: std_msgs/msg/Float32
  Publishers:
    /navigo/ea/cmn/intf/nav_error: robots_dog_msgs/msg/NavigationError
    /navigo/ea/cmn/intf/nav_error_clear: robots_dog_msgs/msg/NavigationError
    /navigo/lm/cmn/dbg/bt_navigator/transition_event: lifecycle_msgs/msg/TransitionEvent
    /navigo/lm/cmn/intf/bond: bond/msg/Status
    /parameter_events: rcl_interfaces/msg/ParameterEvent
    /rosout: rcl_interfaces/msg/Log
  Service Servers:
    /bt_navigator/change_state: lifecycle_msgs/srv/ChangeState
    /bt_navigator/describe_parameters: rcl_interfaces/srv/DescribeParameters
    /bt_navigator/get_available_states: lifecycle_msgs/srv/GetAvailableStates
    /bt_navigator/get_available_transitions: lifecycle_msgs/srv/GetAvailableTransitions
    /bt_navigator/get_parameter_types: rcl_interfaces/srv/GetParameterTypes
    /bt_navigator/get_parameters: rcl_interfaces/srv/GetParameters
    /bt_navigator/get_state: lifecycle_msgs/srv/GetState
    /bt_navigator/get_transition_graph: lifecycle_msgs/srv/GetAvailableTransitions
    /bt_navigator/list_parameters: rcl_interfaces/srv/ListParameters
    /bt_navigator/set_parameters: rcl_interfaces/srv/SetParameters
    /bt_navigator/set_parameters_atomically: rcl_interfaces/srv/SetParametersAtomically
  Service Clients:

  Action Servers:
    /navigate_through_poses: robots_dog_msgs/action/NavigateThroughPoses
    /navigate_to_pose: robots_dog_msgs/action/NavigateToPose
  Action Clients:
    /navigate_through_poses: robots_dog_msgs/action/NavigateThroughPoses
    /navigate_to_pose: robots_dog_msgs/action/NavigateToPose
================ NODEINFO /bt_navigator_navigate_through_poses_rclcpp_node ================
/bt_navigator_navigate_through_poses_rclcpp_node
  Subscribers:
    /parameter_events: rcl_interfaces/msg/ParameterEvent
  Publishers:
    /navigo/bn/cmn/dbg/behavior_tree_log: nav2_msgs/msg/BehaviorTreeLog
    /navigo/bn/cmn/vis/candidate_local_paths: robots_dog_msgs/msg/TrajectoryArray
    /navigo/bn/cmn/vis/global_path: nav_msgs/msg/Path
    /navigo/bn/cmn/vis/goal: geometry_msgs/msg/PoseStamped
    /navigo/bn/cmn/vis/goals: geometry_msgs/msg/PoseArray
    /navigo/bn/cmn/vis/local_path: nav_msgs/msg/Path
    /navigo/bn/cmn/vis/relocalization_goal: visualization_msgs/msg/MarkerArray
    /parameter_events: rcl_interfaces/msg/ParameterEvent
    /rosout: rcl_interfaces/msg/Log
  Service Servers:
    /bt_navigator_navigate_through_poses_rclcpp_node/describe_parameters: rcl_interfaces/srv/DescribeParameters
    /bt_navigator_navigate_through_poses_rclcpp_node/get_parameter_types: rcl_interfaces/srv/GetParameterTypes
    /bt_navigator_navigate_through_poses_rclcpp_node/get_parameters: rcl_interfaces/srv/GetParameters
    /bt_navigator_navigate_through_poses_rclcpp_node/list_parameters: rcl_interfaces/srv/ListParameters
    /bt_navigator_navigate_through_poses_rclcpp_node/set_parameters: rcl_interfaces/srv/SetParameters
    /bt_navigator_navigate_through_poses_rclcpp_node/set_parameters_atomically: rcl_interfaces/srv/SetParametersAtomically
  Service Clients:
    /get_local_esdf_map: robots_dog_msgs/srv/GetESDFMap
    /get_optimized_path: robots_dog_msgs/srv/GetOptimizedPath
    /is_path_valid: robots_dog_msgs/srv/IsPathValid
    /local_costmap/clear_entirely_local_costmap: nav2_msgs/srv/ClearEntireCostmap
  Action Servers:

  Action Clients:
    /compute_path_through_poses: robots_dog_msgs/action/ComputePathThroughPoses
    /compute_path_to_pose: robots_dog_msgs/action/ComputePathToPose
    /compute_paths_to_poses: robots_dog_msgs/action/ComputePathsToPoses
    /follow_path: robots_dog_msgs/action/FollowPath
    /spin: nav2_msgs/action/Spin
    /wait: nav2_msgs/action/Wait
================ NODEINFO /bt_navigator_navigate_to_pose_rclcpp_node ================
/bt_navigator_navigate_to_pose_rclcpp_node
  Subscribers:
    /parameter_events: rcl_interfaces/msg/ParameterEvent
  Publishers:
    /navigo/bn/cmn/dbg/behavior_tree_log: nav2_msgs/msg/BehaviorTreeLog
    /navigo/bn/cmn/vis/candidate_local_paths: robots_dog_msgs/msg/TrajectoryArray
    /navigo/bn/cmn/vis/evaluated_goal: geometry_msgs/msg/PoseStamped
    /navigo/bn/cmn/vis/global_path: nav_msgs/msg/Path
    /navigo/bn/cmn/vis/goal: geometry_msgs/msg/PoseStamped
    /navigo/bn/cmn/vis/goals: geometry_msgs/msg/PoseArray
    /navigo/bn/cmn/vis/local_path: nav_msgs/msg/Path
    /navigo/bn/cmn/vis/predicted_goal: geometry_msgs/msg/PoseStamped
    /navigo/bn/cmn/vis/predicted_goal_path: robots_dog_msgs/msg/Trajectory
    /parameter_events: rcl_interfaces/msg/ParameterEvent
    /rosout: rcl_interfaces/msg/Log
  Service Servers:
    /bt_navigator_navigate_to_pose_rclcpp_node/describe_parameters: rcl_interfaces/srv/DescribeParameters
    /bt_navigator_navigate_to_pose_rclcpp_node/get_parameter_types: rcl_interfaces/srv/GetParameterTypes
    /bt_navigator_navigate_to_pose_rclcpp_node/get_parameters: rcl_interfaces/srv/GetParameters
    /bt_navigator_navigate_to_pose_rclcpp_node/list_parameters: rcl_interfaces/srv/ListParameters
    /bt_navigator_navigate_to_pose_rclcpp_node/set_parameters: rcl_interfaces/srv/SetParameters
    /bt_navigator_navigate_to_pose_rclcpp_node/set_parameters_atomically: rcl_interfaces/srv/SetParametersAtomically
  Service Clients:
    /is_target_in_fov: robots_dog_msgs/srv/IsTargetInFov
  Action Servers:

  Action Clients:
    /compute_path_to_pose: robots_dog_msgs/action/ComputePathToPose
    /follow_path: robots_dog_msgs/action/FollowPath
    /spin: nav2_msgs/action/Spin
================ NODEINFO /charging_alignment_server ================
/charging_alignment_server
  Subscribers:
    /arc/dock_pose: robots_dog_msgs/msg/DockPoseStamped
    /arc/nav_coarse_alignment_mode_cmd: robots_dog_msgs/msg/ArcModuleCmd
    /arc/nav_contact_alignment_mode_cmd: robots_dog_msgs/msg/ArcModuleCmd
    /arc/nav_fine_alignment_mode_cmd: robots_dog_msgs/msg/ArcModuleCmd
    /parameter_events: rcl_interfaces/msg/ParameterEvent
  Publishers:
    /arc/nav_alignment/cmd_vel_raw: geometry_msgs/msg/Twist
    /arc/nav_alignment/debug_info: std_msgs/msg/String
    /arc/nav_alignment/error_vector: geometry_msgs/msg/PointStamped
    /arc/nav_coarse_alignment_state: robots_dog_msgs/msg/ArcModuleState
    /arc/nav_contact_alignment_state: robots_dog_msgs/msg/ArcModuleState
    /arc/nav_fine_alignment_state: robots_dog_msgs/msg/ArcModuleState
    /cmd_pos: geometry_msgs/msg/Pose
    /cmd_vel: geometry_msgs/msg/Twist
    /navigation_cmd: robots_dog_msgs/msg/NavigationCmd
    /parameter_events: rcl_interfaces/msg/ParameterEvent
    /rosout: rcl_interfaces/msg/Log
  Service Servers:
    /charging_alignment_server/describe_parameters: rcl_interfaces/srv/DescribeParameters
    /charging_alignment_server/get_parameter_types: rcl_interfaces/srv/GetParameterTypes
    /charging_alignment_server/get_parameters: rcl_interfaces/srv/GetParameters
    /charging_alignment_server/list_parameters: rcl_interfaces/srv/ListParameters
    /charging_alignment_server/set_parameters: rcl_interfaces/srv/SetParameters
    /charging_alignment_server/set_parameters_atomically: rcl_interfaces/srv/SetParametersAtomically
  Service Clients:

  Action Servers:

  Action Clients:

================ NODEINFO /collision_monitor ================
/collision_monitor
  Subscribers:
    /laser_scan: sensor_msgs/msg/LaserScan
    /navigo/cs/cmn/intf/cmd_vel_raw: geometry_msgs/msg/Twist
    /navigo/lm/cmn/intf/bond: bond/msg/Status
    /odom/current_pose: nav_msgs/msg/Odometry
    /parameter_events: rcl_interfaces/msg/ParameterEvent
  Publishers:
    /navigo/cm/cmn/vis/polygon_stop: geometry_msgs/msg/PolygonStamped
    /navigo/cm/cmn/vis/selective_stop: visualization_msgs/msg/MarkerArray
    /navigo/cs/cmn/intf/cmd_vel_valid: geometry_msgs/msg/Twist
    /navigo/ea/cmn/intf/nav_error: robots_dog_msgs/msg/NavigationError
    /navigo/ea/cmn/intf/nav_error_clear: robots_dog_msgs/msg/NavigationError
    /navigo/lm/cmn/dbg/collision_monitor/transition_event: lifecycle_msgs/msg/TransitionEvent
    /navigo/lm/cmn/intf/bond: bond/msg/Status
    /parameter_events: rcl_interfaces/msg/ParameterEvent
    /rosout: rcl_interfaces/msg/Log
  Service Servers:
    /collision_monitor/change_state: lifecycle_msgs/srv/ChangeState
    /collision_monitor/describe_parameters: rcl_interfaces/srv/DescribeParameters
    /collision_monitor/get_available_states: lifecycle_msgs/srv/GetAvailableStates
    /collision_monitor/get_available_transitions: lifecycle_msgs/srv/GetAvailableTransitions
    /collision_monitor/get_parameter_types: rcl_interfaces/srv/GetParameterTypes
    /collision_monitor/get_parameters: rcl_interfaces/srv/GetParameters
    /collision_monitor/get_state: lifecycle_msgs/srv/GetState
    /collision_monitor/get_transition_graph: lifecycle_msgs/srv/GetAvailableTransitions
    /collision_monitor/list_parameters: rcl_interfaces/srv/ListParameters
    /collision_monitor/set_parameters: rcl_interfaces/srv/SetParameters
    /collision_monitor/set_parameters_atomically: rcl_interfaces/srv/SetParametersAtomically
  Service Clients:

  Action Servers:

  Action Clients:

================ NODEINFO /controller_server ================
/controller_server
  Subscribers:
    /laser_scan: sensor_msgs/msg/LaserScan
    /navigo/cs/cmn/intf/cmd_vel_raw: geometry_msgs/msg/Twist
    /navigo/lm/cmn/intf/bond: bond/msg/Status
    /odom/current_pose: nav_msgs/msg/Odometry
    /parameter_events: rcl_interfaces/msg/ParameterEvent
    /set_lookahead_distance: std_msgs/msg/Float32
    /set_speed_limit: nav2_msgs/msg/SpeedLimit
  Publishers:
    /cmd_vel_with_mc_trajectory: robots_dog_msgs/msg/CmdVelWithTrajectory
    /navigo/cs/cmn/intf/cmd_vel_raw: geometry_msgs/msg/Twist
    /navigo/cs/lpc/vis/base_candidate_plan: nav_msgs/msg/Path
    /navigo/cs/lpc/vis/best_local_plan: nav_msgs/msg/Path
    /navigo/cs/lpc/vis/footprint_collision: visualization_msgs/msg/Marker
    /navigo/cs/lpc/vis/footprint_samples: visualization_msgs/msg/Marker
    /navigo/cs/lpc/vis/free_paths: sensor_msgs/msg/PointCloud2
    /navigo/cs/lpc/vis/laser_point_cloud: sensor_msgs/msg/PointCloud2
    /navigo/cs/lpc/vis/local_planner_goal: geometry_msgs/msg/PoseStamped
    /navigo/cs/lpc/vis/lookahead_point: visualization_msgs/msg/Marker
    /navigo/cs/lpc/vis/received_global_plan: nav_msgs/msg/Path
    /navigo/cs/ppc/vis/curvature_lookahead_point: geometry_msgs/msg/PointStamped
    /navigo/cs/ppc/vis/lookahead_collision_arc: nav_msgs/msg/Path
    /navigo/cs/ppc/vis/lookahead_point: geometry_msgs/msg/PointStamped
    /navigo/cs/ppc/vis/predicted_points: visualization_msgs/msg/MarkerArray
    /navigo/cs/ppc/vis/received_global_plan: nav_msgs/msg/Path
    /navigo/ea/cmn/intf/nav_error: robots_dog_msgs/msg/NavigationError
    /navigo/ea/cmn/intf/nav_error_clear: robots_dog_msgs/msg/NavigationError
    /navigo/lm/cmn/dbg/controller_server/transition_event: lifecycle_msgs/msg/TransitionEvent
    /navigo/lm/cmn/intf/bond: bond/msg/Status
    /parameter_events: rcl_interfaces/msg/ParameterEvent
    /rosout: rcl_interfaces/msg/Log
  Service Servers:
    /controller_server/change_state: lifecycle_msgs/srv/ChangeState
    /controller_server/describe_parameters: rcl_interfaces/srv/DescribeParameters
    /controller_server/get_available_states: lifecycle_msgs/srv/GetAvailableStates
    /controller_server/get_available_transitions: lifecycle_msgs/srv/GetAvailableTransitions
    /controller_server/get_parameter_types: rcl_interfaces/srv/GetParameterTypes
    /controller_server/get_parameters: rcl_interfaces/srv/GetParameters
    /controller_server/get_state: lifecycle_msgs/srv/GetState
    /controller_server/get_transition_graph: lifecycle_msgs/srv/GetAvailableTransitions
    /controller_server/list_parameters: rcl_interfaces/srv/ListParameters
    /controller_server/set_parameters: rcl_interfaces/srv/SetParameters
    /controller_server/set_parameters_atomically: rcl_interfaces/srv/SetParametersAtomically
  Service Clients:

  Action Servers:
    /follow_path: robots_dog_msgs/action/FollowPath
  Action Clients:

================ NODEINFO /error_aggregator ================
/error_aggregator
  Subscribers:
    /laser_scan: sensor_msgs/msg/LaserScan
    /navigo/ea/cmn/intf/nav_error: robots_dog_msgs/msg/NavigationError
    /navigo/ea/cmn/intf/nav_error_clear: robots_dog_msgs/msg/NavigationError
    /navigo/lm/cmn/dbg/behavior_server/transition_event: lifecycle_msgs/msg/TransitionEvent
    /navigo/lm/cmn/dbg/bt_navigator/transition_event: lifecycle_msgs/msg/TransitionEvent
    /navigo/lm/cmn/dbg/collision_monitor/transition_event: lifecycle_msgs/msg/TransitionEvent
    /navigo/lm/cmn/dbg/controller_server/transition_event: lifecycle_msgs/msg/TransitionEvent
    /navigo/lm/cmn/dbg/global_costmap/global_costmap/transition_event: lifecycle_msgs/msg/TransitionEvent
    /navigo/lm/cmn/dbg/local_costmap/local_costmap/transition_event: lifecycle_msgs/msg/TransitionEvent
    /navigo/lm/cmn/dbg/local_costmap_controller/local_costmap_controller/transition_event: lifecycle_msgs/msg/TransitionEvent
    /navigo/lm/cmn/dbg/map_server/transition_event: lifecycle_msgs/msg/TransitionEvent
    /navigo/lm/cmn/dbg/planner_server/transition_event: lifecycle_msgs/msg/TransitionEvent
    /navigo/lm/cmn/dbg/velocity_optimizer/transition_event: lifecycle_msgs/msg/TransitionEvent
    /navigo/lm/cmn/dbg/waypoint_follower/transition_event: lifecycle_msgs/msg/TransitionEvent
    /odom/current_pose: nav_msgs/msg/Odometry
    /parameter_events: rcl_interfaces/msg/ParameterEvent
  Publishers:
    /navigo/ea/cmn/intf/nav_error_primary: robots_dog_msgs/msg/NavigationError
    /navigo/ea/cmn/intf/nav_error_report: robots_dog_msgs/msg/NavigationErrorReport
    /navigo/ea/cmn/intf/nav_errors: robots_dog_msgs/msg/NavigationErrorSet
    /navigo/ea/cmn/intf/nav_lifecycle/behavior_server/state: lifecycle_msgs/msg/State
    /navigo/ea/cmn/intf/nav_lifecycle/bt_navigator/state: lifecycle_msgs/msg/State
    /navigo/ea/cmn/intf/nav_lifecycle/collision_monitor/state: lifecycle_msgs/msg/State
    /navigo/ea/cmn/intf/nav_lifecycle/controller_server/state: lifecycle_msgs/msg/State
    /navigo/ea/cmn/intf/nav_lifecycle/global_costmap/global_costmap/state: lifecycle_msgs/msg/State
    /navigo/ea/cmn/intf/nav_lifecycle/local_costmap/local_costmap/state: lifecycle_msgs/msg/State
    /navigo/ea/cmn/intf/nav_lifecycle/local_costmap_controller/local_costmap_controller/state: lifecycle_msgs/msg/State
    /navigo/ea/cmn/intf/nav_lifecycle/map_server/state: lifecycle_msgs/msg/State
    /navigo/ea/cmn/intf/nav_lifecycle/planner_server/state: lifecycle_msgs/msg/State
    /navigo/ea/cmn/intf/nav_lifecycle/velocity_optimizer/state: lifecycle_msgs/msg/State
    /navigo/ea/cmn/intf/nav_lifecycle/waypoint_follower/state: lifecycle_msgs/msg/State
    /parameter_events: rcl_interfaces/msg/ParameterEvent
    /rosout: rcl_interfaces/msg/Log
  Service Servers:
    /error_aggregator/describe_parameters: rcl_interfaces/srv/DescribeParameters
    /error_aggregator/get_parameter_types: rcl_interfaces/srv/GetParameterTypes
    /error_aggregator/get_parameters: rcl_interfaces/srv/GetParameters
    /error_aggregator/list_parameters: rcl_interfaces/srv/ListParameters
    /error_aggregator/set_parameters: rcl_interfaces/srv/SetParameters
    /error_aggregator/set_parameters_atomically: rcl_interfaces/srv/SetParametersAtomically
  Service Clients:
    /behavior_server/get_state: lifecycle_msgs/srv/GetState
    /bt_navigator/get_state: lifecycle_msgs/srv/GetState
    /collision_monitor/get_state: lifecycle_msgs/srv/GetState
    /controller_server/get_state: lifecycle_msgs/srv/GetState
    /global_costmap/global_costmap/get_state: lifecycle_msgs/srv/GetState
    /local_costmap/local_costmap/get_state: lifecycle_msgs/srv/GetState
    /local_costmap_controller/local_costmap_controller/get_state: lifecycle_msgs/srv/GetState
    /map_server/get_state: lifecycle_msgs/srv/GetState
    /planner_server/get_state: lifecycle_msgs/srv/GetState
    /velocity_optimizer/get_state: lifecycle_msgs/srv/GetState
    /waypoint_follower/get_state: lifecycle_msgs/srv/GetState
  Action Servers:

  Action Clients:

================ NODEINFO /global_costmap/global_costmap ================
/global_costmap/global_costmap
  Subscribers:
    /electronic_fence: robots_dog_msgs/msg/ElectronicMap
    /navigo/gc/cmn/intf/footprint: geometry_msgs/msg/Polygon
    /navigo/ms/cmn/intf/map: nav_msgs/msg/OccupancyGrid
    /odom/current_pose: nav_msgs/msg/Odometry
    /parameter_events: rcl_interfaces/msg/ParameterEvent
  Publishers:
    /navigo/gc/cmn/vis/costmap: nav_msgs/msg/OccupancyGrid
    /navigo/gc/cmn/vis/costmap_raw: nav2_msgs/msg/Costmap
    /navigo/gc/cmn/vis/costmap_updates: map_msgs/msg/OccupancyGridUpdate
    /navigo/gc/cmn/vis/published_footprint: geometry_msgs/msg/PolygonStamped
    /navigo/gc/ftr/vis/grouped_frontiers_map: nav_msgs/msg/OccupancyGrid
    /navigo/gc/ftr/vis/include_frontiers_map: nav_msgs/msg/OccupancyGrid
    /navigo/gc/ftr/vis/processed_map: nav_msgs/msg/OccupancyGrid
    /navigo/lm/cmn/dbg/global_costmap/global_costmap/transition_event: lifecycle_msgs/msg/TransitionEvent
    /parameter_events: rcl_interfaces/msg/ParameterEvent
    /rosout: rcl_interfaces/msg/Log
  Service Servers:
    /global_costmap/clear_around_global_costmap: nav2_msgs/srv/ClearCostmapAroundRobot
    /global_costmap/clear_entirely_global_costmap: nav2_msgs/srv/ClearEntireCostmap
    /global_costmap/clear_except_global_costmap: nav2_msgs/srv/ClearCostmapExceptRegion
    /global_costmap/get_costmap: nav2_msgs/srv/GetCostmap
    /global_costmap/get_frontier_centroids: robots_dog_msgs/srv/GetFrontierCentroids
    /global_costmap/global_costmap/change_state: lifecycle_msgs/srv/ChangeState
    /global_costmap/global_costmap/describe_parameters: rcl_interfaces/srv/DescribeParameters
    /global_costmap/global_costmap/get_available_states: lifecycle_msgs/srv/GetAvailableStates
    /global_costmap/global_costmap/get_available_transitions: lifecycle_msgs/srv/GetAvailableTransitions
    /global_costmap/global_costmap/get_parameter_types: rcl_interfaces/srv/GetParameterTypes
    /global_costmap/global_costmap/get_parameters: rcl_interfaces/srv/GetParameters
    /global_costmap/global_costmap/get_state: lifecycle_msgs/srv/GetState
    /global_costmap/global_costmap/get_transition_graph: lifecycle_msgs/srv/GetAvailableTransitions
    /global_costmap/global_costmap/list_parameters: rcl_interfaces/srv/ListParameters
    /global_costmap/global_costmap/set_parameters: rcl_interfaces/srv/SetParameters
    /global_costmap/global_costmap/set_parameters_atomically: rcl_interfaces/srv/SetParametersAtomically
  Service Clients:

  Action Servers:

  Action Clients:

================ NODEINFO /imu_driver ================
/imu_driver
  Subscribers:
    /parameter_events: rcl_interfaces/msg/ParameterEvent
  Publishers:
    /imu_driver/imu_central: sensor_msgs/msg/Imu
    /parameter_events: rcl_interfaces/msg/ParameterEvent
    /rosout: rcl_interfaces/msg/Log
  Service Servers:
    /imu_driver/describe_parameters: rcl_interfaces/srv/DescribeParameters
    /imu_driver/get_parameter_types: rcl_interfaces/srv/GetParameterTypes
    /imu_driver/get_parameters: rcl_interfaces/srv/GetParameters
    /imu_driver/list_parameters: rcl_interfaces/srv/ListParameters
    /imu_driver/set_parameters: rcl_interfaces/srv/SetParameters
    /imu_driver/set_parameters_atomically: rcl_interfaces/srv/SetParametersAtomically
  Service Clients:

  Action Servers:

  Action Clients:

================ NODEINFO /kanon_rust_charge ================
/kanon_rust_charge
  Subscribers:
    /arc/arc_state: robots_dog_msgs/msg/ArcState
    /arc/dock_state: robots_dog_msgs/msg/DockState
    /arc/pile_ele_result: std_msgs/msg/Int8
    /arc_mapping_state: robots_dog_msgs/msg/SlamState
  Publishers:
    /arc/pile_ele_cmd: std_msgs/msg/Int8
    /arc/start_arc: robots_dog_msgs/msg/StartArc
    /rosout: rcl_interfaces/msg/Log
  Service Servers:

  Service Clients:
    /arc_mapping_service: robots_dog_msgs/srv/MapState
  Action Servers:

  Action Clients:

================ NODEINFO /kanon_rust_loc ================
/kanon_rust_loc
  Subscribers:
    /localization_state: robots_dog_msgs/msg/LocalizationState
  Publishers:
    /rosout: rcl_interfaces/msg/Log
  Service Servers:

  Service Clients:
    /load_map_service: robots_dog_msgs/srv/LoadMap
    /set_localization_type: robots_dog_msgs/srv/SetLocalizationType
  Action Servers:

  Action Clients:

================ NODEINFO /kanon_rust_nav ================
/kanon_rust_nav
  Subscribers:
    /localization_info: robots_dog_msgs/msg/Localization
    /navigation_state: robots_dog_msgs/msg/NavigationState
  Publishers:
    /rosout: rcl_interfaces/msg/Log
    /start_navigation: robots_dog_msgs/msg/StartNavigation
  Service Servers:

  Service Clients:
    /load_map_service: robots_dog_msgs/srv/LoadMap
  Action Servers:

  Action Clients:

================ NODEINFO /kanon_rust_slam ================
/kanon_rust_slam
  Subscribers:
    /pub_slam_state: robots_dog_msgs/msg/SlamState
  Publishers:
    /rosout: rcl_interfaces/msg/Log
  Service Servers:

  Service Clients:
    /slam_state_service: robots_dog_msgs/srv/MapState
  Action Servers:

  Action Clients:

================ NODEINFO /launch_ros_2483 ================
/launch_ros_2483
  Subscribers:

  Publishers:
    /parameter_events: rcl_interfaces/msg/ParameterEvent
    /rosout: rcl_interfaces/msg/Log
  Service Servers:
    /launch_ros_2483/describe_parameters: rcl_interfaces/srv/DescribeParameters
    /launch_ros_2483/get_parameter_types: rcl_interfaces/srv/GetParameterTypes
    /launch_ros_2483/get_parameters: rcl_interfaces/srv/GetParameters
    /launch_ros_2483/list_parameters: rcl_interfaces/srv/ListParameters
    /launch_ros_2483/set_parameters: rcl_interfaces/srv/SetParameters
    /launch_ros_2483/set_parameters_atomically: rcl_interfaces/srv/SetParametersAtomically
  Service Clients:

  Action Servers:

  Action Clients:

================ NODEINFO /lifecycle_manager_navigation ================
/lifecycle_manager_navigation
  Subscribers:
    /navigo/lm/cmn/intf/bond: bond/msg/Status
    /parameter_events: rcl_interfaces/msg/ParameterEvent
  Publishers:
    /diagnostics: diagnostic_msgs/msg/DiagnosticArray
    /navigo/lm/cmn/intf/bond: bond/msg/Status
    /parameter_events: rcl_interfaces/msg/ParameterEvent
    /rosout: rcl_interfaces/msg/Log
  Service Servers:
    /lifecycle_manager_navigation/describe_parameters: rcl_interfaces/srv/DescribeParameters
    /lifecycle_manager_navigation/get_parameter_types: rcl_interfaces/srv/GetParameterTypes
    /lifecycle_manager_navigation/get_parameters: rcl_interfaces/srv/GetParameters
    /lifecycle_manager_navigation/is_active: std_srvs/srv/Trigger
    /lifecycle_manager_navigation/list_parameters: rcl_interfaces/srv/ListParameters
    /lifecycle_manager_navigation/manage_nodes: nav2_msgs/srv/ManageLifecycleNodes
    /lifecycle_manager_navigation/set_parameters: rcl_interfaces/srv/SetParameters
    /lifecycle_manager_navigation/set_parameters_atomically: rcl_interfaces/srv/SetParametersAtomically
  Service Clients:
    /behavior_server/change_state: lifecycle_msgs/srv/ChangeState
    /behavior_server/get_state: lifecycle_msgs/srv/GetState
    /bt_navigator/change_state: lifecycle_msgs/srv/ChangeState
    /bt_navigator/get_state: lifecycle_msgs/srv/GetState
    /collision_monitor/change_state: lifecycle_msgs/srv/ChangeState
    /collision_monitor/get_state: lifecycle_msgs/srv/GetState
    /controller_server/change_state: lifecycle_msgs/srv/ChangeState
    /controller_server/get_state: lifecycle_msgs/srv/GetState
    /map_server/change_state: lifecycle_msgs/srv/ChangeState
    /map_server/get_state: lifecycle_msgs/srv/GetState
    /planner_server/change_state: lifecycle_msgs/srv/ChangeState
    /planner_server/get_state: lifecycle_msgs/srv/GetState
    /velocity_optimizer/change_state: lifecycle_msgs/srv/ChangeState
    /velocity_optimizer/get_state: lifecycle_msgs/srv/GetState
    /waypoint_follower/change_state: lifecycle_msgs/srv/ChangeState
    /waypoint_follower/get_state: lifecycle_msgs/srv/GetState
  Action Servers:

  Action Clients:

================ NODEINFO /local_costmap_controller/local_costmap_controller ================
/local_costmap_controller/local_costmap_controller
  Subscribers:
    /laser_scan: sensor_msgs/msg/LaserScan
    /navigo/lcc/cmn/intf/footprint: geometry_msgs/msg/Polygon
    /navigo/ps/cmn/intf/clean_obstacles_around_goal: geometry_msgs/msg/PoseStamped
    /odom/current_pose: nav_msgs/msg/Odometry
    /parameter_events: rcl_interfaces/msg/ParameterEvent
  Publishers:
    /navigo/lcc/cmn/vis/costmap: nav_msgs/msg/OccupancyGrid
    /navigo/lcc/cmn/vis/costmap_raw: nav2_msgs/msg/Costmap
    /navigo/lcc/cmn/vis/costmap_updates: map_msgs/msg/OccupancyGridUpdate
    /navigo/lcc/cmn/vis/published_footprint: geometry_msgs/msg/PolygonStamped
    /navigo/lcc/obs/vis/published_goal_safe_area: geometry_msgs/msg/PolygonStamped
    /navigo/lm/cmn/dbg/local_costmap_controller/local_costmap_controller/transition_event: lifecycle_msgs/msg/TransitionEvent
    /parameter_events: rcl_interfaces/msg/ParameterEvent
    /rosout: rcl_interfaces/msg/Log
  Service Servers:
    /local_costmap_controller/clear_around_local_costmap_controller: nav2_msgs/srv/ClearCostmapAroundRobot
    /local_costmap_controller/clear_entirely_local_costmap_controller: nav2_msgs/srv/ClearEntireCostmap
    /local_costmap_controller/clear_except_local_costmap_controller: nav2_msgs/srv/ClearCostmapExceptRegion
    /local_costmap_controller/get_costmap: nav2_msgs/srv/GetCostmap
    /local_costmap_controller/local_costmap_controller/change_state: lifecycle_msgs/srv/ChangeState
    /local_costmap_controller/local_costmap_controller/describe_parameters: rcl_interfaces/srv/DescribeParameters
    /local_costmap_controller/local_costmap_controller/get_available_states: lifecycle_msgs/srv/GetAvailableStates
    /local_costmap_controller/local_costmap_controller/get_available_transitions: lifecycle_msgs/srv/GetAvailableTransitions
    /local_costmap_controller/local_costmap_controller/get_parameter_types: rcl_interfaces/srv/GetParameterTypes
    /local_costmap_controller/local_costmap_controller/get_parameters: rcl_interfaces/srv/GetParameters
    /local_costmap_controller/local_costmap_controller/get_state: lifecycle_msgs/srv/GetState
    /local_costmap_controller/local_costmap_controller/get_transition_graph: lifecycle_msgs/srv/GetAvailableTransitions
    /local_costmap_controller/local_costmap_controller/list_parameters: rcl_interfaces/srv/ListParameters
    /local_costmap_controller/local_costmap_controller/set_parameters: rcl_interfaces/srv/SetParameters
    /local_costmap_controller/local_costmap_controller/set_parameters_atomically: rcl_interfaces/srv/SetParametersAtomically
  Service Clients:

  Action Servers:

  Action Clients:

================ NODEINFO /local_costmap/local_costmap ================
/local_costmap/local_costmap
  Subscribers:
    /electronic_map: robots_dog_msgs/msg/ElectronicMap
    /laser_scan: sensor_msgs/msg/LaserScan
    /navigo/lc/cmn/intf/footprint: geometry_msgs/msg/Polygon
    /navigo/ps/cmn/intf/clean_obstacles_around_goal: geometry_msgs/msg/PoseStamped
    /odom/current_pose: nav_msgs/msg/Odometry
    /parameter_events: rcl_interfaces/msg/ParameterEvent
  Publishers:
    /navigo/lc/cmn/vis/costmap: nav_msgs/msg/OccupancyGrid
    /navigo/lc/cmn/vis/costmap_raw: nav2_msgs/msg/Costmap
    /navigo/lc/cmn/vis/costmap_updates: map_msgs/msg/OccupancyGridUpdate
    /navigo/lc/cmn/vis/published_footprint: geometry_msgs/msg/PolygonStamped
    /navigo/lc/obs/vis/published_goal_safe_area: geometry_msgs/msg/PolygonStamped
    /navigo/lm/cmn/dbg/local_costmap/local_costmap/transition_event: lifecycle_msgs/msg/TransitionEvent
    /parameter_events: rcl_interfaces/msg/ParameterEvent
    /rosout: rcl_interfaces/msg/Log
  Service Servers:
    /local_costmap/clear_around_local_costmap: nav2_msgs/srv/ClearCostmapAroundRobot
    /local_costmap/clear_entirely_local_costmap: nav2_msgs/srv/ClearEntireCostmap
    /local_costmap/clear_except_local_costmap: nav2_msgs/srv/ClearCostmapExceptRegion
    /local_costmap/get_costmap: nav2_msgs/srv/GetCostmap
    /local_costmap/local_costmap/change_state: lifecycle_msgs/srv/ChangeState
    /local_costmap/local_costmap/describe_parameters: rcl_interfaces/srv/DescribeParameters
    /local_costmap/local_costmap/get_available_states: lifecycle_msgs/srv/GetAvailableStates
    /local_costmap/local_costmap/get_available_transitions: lifecycle_msgs/srv/GetAvailableTransitions
    /local_costmap/local_costmap/get_parameter_types: rcl_interfaces/srv/GetParameterTypes
    /local_costmap/local_costmap/get_parameters: rcl_interfaces/srv/GetParameters
    /local_costmap/local_costmap/get_state: lifecycle_msgs/srv/GetState
    /local_costmap/local_costmap/get_transition_graph: lifecycle_msgs/srv/GetAvailableTransitions
    /local_costmap/local_costmap/list_parameters: rcl_interfaces/srv/ListParameters
    /local_costmap/local_costmap/set_parameters: rcl_interfaces/srv/SetParameters
    /local_costmap/local_costmap/set_parameters_atomically: rcl_interfaces/srv/SetParametersAtomically
  Service Clients:

  Action Servers:

  Action Clients:

================ NODEINFO /localization ================
/localization
  Subscribers:
    /front_camera/image_compressed: sensor_msgs/msg/CompressedImage
    /front_lidar: sensor_msgs/msg/PointCloud2
    /front_lidar/imu: sensor_msgs/msg/Imu
    /gnss/data: robots_dog_msgs/msg/Nmea
    /gps/rtk: sensor_msgs/msg/NavSatFix
    /initialpose: geometry_msgs/msg/PoseWithCovarianceStamped
    /odom/mc_odom: nav_msgs/msg/Odometry
    /parameter_events: rcl_interfaces/msg/ParameterEvent
    /rear_lidar: sensor_msgs/msg/PointCloud2
    /uni_best_nav: robots_dog_msgs/msg/UniBestNav
    /uni_heading: robots_dog_msgs/msg/UniHeading
    /uni_rtk_pvh: robots_dog_msgs/msg/UniRtkPvh
  Publishers:
    /aligned_points: sensor_msgs/msg/PointCloud2
    /body_points: sensor_msgs/msg/PointCloud2
    /global_map_points: sensor_msgs/msg/PointCloud2
    /lio_pose: nav_msgs/msg/Odometry
    /localization_info: robots_dog_msgs/msg/Localization
    /localization_path: nav_msgs/msg/Path
    /localization_state: robots_dog_msgs/msg/LocalizationState
    /odom/localization_odom: nav_msgs/msg/Odometry
    /parameter_events: rcl_interfaces/msg/ParameterEvent
    /perception_points: robots_dog_msgs/msg/PerceptionPoints
    /rosout: rcl_interfaces/msg/Log
    /tf: tf2_msgs/msg/TFMessage
  Service Servers:
    /load_map_service: robots_dog_msgs/srv/LoadMap
    /localization/describe_parameters: rcl_interfaces/srv/DescribeParameters
    /localization/get_parameter_types: rcl_interfaces/srv/GetParameterTypes
    /localization/get_parameters: rcl_interfaces/srv/GetParameters
    /localization/list_parameters: rcl_interfaces/srv/ListParameters
    /localization/set_parameters: rcl_interfaces/srv/SetParameters
    /localization/set_parameters_atomically: rcl_interfaces/srv/SetParametersAtomically
    /localization_state/service: robots_dog_msgs/srv/LocalizationState
    /set_localization_type: robots_dog_msgs/srv/SetLocalizationType
  Service Clients:

  Action Servers:

  Action Clients:

================ NODEINFO /map_server ================
/map_server
  Subscribers:
    /navigo/lm/cmn/intf/bond: bond/msg/Status
    /parameter_events: rcl_interfaces/msg/ParameterEvent
  Publishers:
    /navigo/lm/cmn/dbg/map_server/transition_event: lifecycle_msgs/msg/TransitionEvent
    /navigo/lm/cmn/intf/bond: bond/msg/Status
    /navigo/ms/cmn/intf/map: nav_msgs/msg/OccupancyGrid
    /parameter_events: rcl_interfaces/msg/ParameterEvent
    /rosout: rcl_interfaces/msg/Log
  Service Servers:
    /map_server/change_state: lifecycle_msgs/srv/ChangeState
    /map_server/describe_parameters: rcl_interfaces/srv/DescribeParameters
    /map_server/get_available_states: lifecycle_msgs/srv/GetAvailableStates
    /map_server/get_available_transitions: lifecycle_msgs/srv/GetAvailableTransitions
    /map_server/get_parameter_types: rcl_interfaces/srv/GetParameterTypes
    /map_server/get_parameters: rcl_interfaces/srv/GetParameters
    /map_server/get_state: lifecycle_msgs/srv/GetState
    /map_server/get_transition_graph: lifecycle_msgs/srv/GetAvailableTransitions
    /map_server/list_parameters: rcl_interfaces/srv/ListParameters
    /map_server/load_map: robots_dog_msgs/srv/BuildMap2D
    /map_server/map: nav_msgs/srv/GetMap
    /map_server/set_parameters: rcl_interfaces/srv/SetParameters
    /map_server/set_parameters_atomically: rcl_interfaces/srv/SetParametersAtomically
  Service Clients:

  Action Servers:

  Action Clients:

================ NODEINFO /MEB ================
/MEB
  Subscribers:
    /handle_vel: geometry_msgs/msg/Twist
    /laser_scan: sensor_msgs/msg/LaserScan
    /meb_switch: std_msgs/msg/Bool
    /parameter_events: rcl_interfaces/msg/ParameterEvent
  Publishers:
    /cmd_vel: geometry_msgs/msg/Twist
    /meb/collision_debug: visualization_msgs/msg/Marker
    /meb/pred_path: nav_msgs/msg/Path
    /meb/safety_corridor: visualization_msgs/msg/MarkerArray
    /meb_brake: std_msgs/msg/Bool
    /meb_status: std_msgs/msg/UInt8
    /parameter_events: rcl_interfaces/msg/ParameterEvent
    /rosout: rcl_interfaces/msg/Log
  Service Servers:
    /MEB/describe_parameters: rcl_interfaces/srv/DescribeParameters
    /MEB/get_parameter_types: rcl_interfaces/srv/GetParameterTypes
    /MEB/get_parameters: rcl_interfaces/srv/GetParameters
    /MEB/list_parameters: rcl_interfaces/srv/ListParameters
    /MEB/set_parameters: rcl_interfaces/srv/SetParameters
    /MEB/set_parameters_atomically: rcl_interfaces/srv/SetParametersAtomically
  Service Clients:

  Action Servers:

  Action Clients:

================ NODEINFO /nav2_container ================
/nav2_container
  Subscribers:
    /parameter_events: rcl_interfaces/msg/ParameterEvent
  Publishers:
    /rosout: rcl_interfaces/msg/Log
  Service Servers:

  Service Clients:

  Action Servers:

  Action Clients:

================ NODEINFO /perception_jobs ================
/perception_jobs
  Subscribers:
    /front_camera/image_compressed: sensor_msgs/msg/CompressedImage
    /front_lidar: sensor_msgs/msg/PointCloud2
    /parameter_events: rcl_interfaces/msg/ParameterEvent
  Publishers:
    /laser_scan: sensor_msgs/msg/LaserScan
    /parameter_events: rcl_interfaces/msg/ParameterEvent
    /perception_state: std_msgs/msg/Int32
    /polygons: robots_dog_msgs/msg/RectangleArray
    /rosout: rcl_interfaces/msg/Log
    /seg_vis/compressed: sensor_msgs/msg/CompressedImage
  Service Servers:
    /perception_jobs/describe_parameters: rcl_interfaces/srv/DescribeParameters
    /perception_jobs/get_parameter_types: rcl_interfaces/srv/GetParameterTypes
    /perception_jobs/get_parameters: rcl_interfaces/srv/GetParameters
    /perception_jobs/list_parameters: rcl_interfaces/srv/ListParameters
    /perception_jobs/set_parameters: rcl_interfaces/srv/SetParameters
    /perception_jobs/set_parameters_atomically: rcl_interfaces/srv/SetParametersAtomically
    /perception_state: robots_dog_msgs/srv/MapState
  Service Clients:

  Action Servers:

  Action Clients:

================ NODEINFO /planner_server ================
/planner_server
  Subscribers:
    /navigo/lm/cmn/intf/bond: bond/msg/Status
    /odom/current_pose: nav_msgs/msg/Odometry
    /parameter_events: rcl_interfaces/msg/ParameterEvent
    /predicted_paths: robots_dog_msgs/msg/PredictedPathArray
  Publishers:
    /navigo/ea/cmn/intf/nav_error: robots_dog_msgs/msg/NavigationError
    /navigo/ea/cmn/intf/nav_error_clear: robots_dog_msgs/msg/NavigationError
    /navigo/lm/cmn/dbg/planner_server/transition_event: lifecycle_msgs/msg/TransitionEvent
    /navigo/lm/cmn/intf/bond: bond/msg/Status
    /navigo/ps/cmn/intf/clean_obstacles_around_goal: geometry_msgs/msg/PoseStamped
    /navigo/ps/cmn/vis/get_optimized_path_all_paths_visualization: visualization_msgs/msg/MarkerArray
    /navigo/ps/cmn/vis/get_optimized_path_corridor_visualization: visualization_msgs/msg/MarkerArray
    /navigo/ps/cmn/vis/get_optimized_path_matched_points_markers: visualization_msgs/msg/MarkerArray
    /navigo/ps/cmn/vis/global_esdf_pos_distance: nav_msgs/msg/OccupancyGrid
    /navigo/ps/cmn/vis/local_esdf_pos_distance: nav_msgs/msg/OccupancyGrid
    /navigo/ps/cmn/vis/planned_path: nav_msgs/msg/Path
    /navigo/ps/cmn/vis/planned_trajectories: robots_dog_msgs/msg/Trajectory
    /navigo/ps/cmn/vis/quadtree_topo_graph: visualization_msgs/msg/MarkerArray
    /navigo/ps/slp/vis/start_end_visualization: geometry_msgs/msg/PoseArray
    /navigo/ps/stp/dbg/planner_debug_info: robots_dog_msgs/msg/PlannerDebugInfo
    /navigo/ps/stp/vis/corridor_clearance_visualization: visualization_msgs/msg/MarkerArray
    /navigo/ps/stp/vis/front_end_exploration_traj_visualization: robots_dog_msgs/msg/RectangleArray
    /navigo/ps/stp/vis/front_end_goal_connection_traj_visualization: robots_dog_msgs/msg/RectangleArray
    /navigo/ps/stp/vis/front_end_middle_traj_visualization: robots_dog_msgs/msg/RectangleArray
    /navigo/ps/stp/vis/front_end_shot_traj_visualization: robots_dog_msgs/msg/RectangleArray
    /navigo/ps/stp/vis/front_end_start_connection_traj_visualization: robots_dog_msgs/msg/RectangleArray
    /navigo/ps/stp/vis/front_end_traj_visualization: robots_dog_msgs/msg/RectangleArray
    /navigo/ps/stp/vis/guidance_path: visualization_msgs/msg/MarkerArray
    /navigo/ps/stp/vis/hybrid_astar_exploration_points: visualization_msgs/msg/MarkerArray
    /navigo/ps/stp/vis/hybrid_astar_search/candidate_inputs: visualization_msgs/msg/MarkerArray
    /navigo/ps/stp/vis/hybrid_astar_search/cost_indicators: visualization_msgs/msg/MarkerArray
    /navigo/ps/stp/vis/hybrid_astar_search/direction_arrows: visualization_msgs/msg/MarkerArray
    /navigo/ps/stp/vis/hybrid_astar_search/explored_nodes: visualization_msgs/msg/MarkerArray
    /navigo/ps/stp/vis/hybrid_astar_search/robot_footprint: visualization_msgs/msg/MarkerArray
    /navigo/ps/stp/vis/hybrid_astar_search/selected_input: visualization_msgs/msg/MarkerArray
    /navigo/ps/stp/vis/hybrid_astar_search/shot_path: visualization_msgs/msg/MarkerArray
    /navigo/ps/stp/vis/hybrid_astar_start_end_sampling_points: visualization_msgs/msg/MarkerArray
    /navigo/ps/stp/vis/quadtree_dijkstra_progress: visualization_msgs/msg/MarkerArray
    /navigo/ps/stp/vis/quadtree_multi_inflation_results: visualization_msgs/msg/MarkerArray
    /navigo/ps/stp/vis/quadtree_path_visualization: visualization_msgs/msg/MarkerArray
    /navigo/ps/stp/vis/quadtree_start_goal_grids: visualization_msgs/msg/MarkerArray
    /navigo/ps/stp/vis/safe_drive_corridor: robots_dog_msgs/msg/RectangleArray
    /navigo/ps/stp/vis/start_end_visualization: geometry_msgs/msg/PoseArray
    /navigo/ps/stp/vis/tracking_searcher_each_expansion_step_planner_goal: geometry_msgs/msg/PoseStamped
    /navigo/ps/tpg/vis/centerline_points: visualization_msgs/msg/MarkerArray
    /navigo/ps/tpg/vis/esdf_cloud: sensor_msgs/msg/PointCloud2
    /navigo/ps/tpg/vis/esdf_slice: nav_msgs/msg/OccupancyGrid
    /navigo/ps/tpg/vis/pcd_overlay: sensor_msgs/msg/PointCloud2
    /navigo/ps/tpg/vis/three_dim_search_path: visualization_msgs/msg/MarkerArray
    /navigo/ps/tpg/vis/three_dim_topo_edges: visualization_msgs/msg/MarkerArray
    /navigo/ps/tpg/vis/three_dim_topo_nodes: visualization_msgs/msg/MarkerArray
    /navigo/ps/tpg/vis/virtual_walls: visualization_msgs/msg/MarkerArray
    /parameter_events: rcl_interfaces/msg/ParameterEvent
    /rosout: rcl_interfaces/msg/Log
  Service Servers:
    /get_local_esdf_map: robots_dog_msgs/srv/GetESDFMap
    /get_optimized_path: robots_dog_msgs/srv/GetOptimizedPath
    /global_esdf/clear_map: nav2_msgs/srv/ClearEntireCostmap
    /global_esdf/load_map: robots_dog_msgs/srv/BuildMap2D
    /is_exploration_goal_valid: robots_dog_msgs/srv/IsExplorationGoalValid
    /is_exploration_goals_valid: robots_dog_msgs/srv/IsExplorationGoalsValid
    /is_path_valid: robots_dog_msgs/srv/IsPathValid
    /is_target_in_fov: robots_dog_msgs/srv/IsTargetInFov
    /planner_server/build_quadtree: robots_dog_msgs/srv/BuildMap2D
    /planner_server/build_three_dim_topo_map: robots_dog_msgs/srv/BuildMap3D
    /planner_server/change_state: lifecycle_msgs/srv/ChangeState
    /planner_server/clear_quadtree: nav2_msgs/srv/ClearEntireCostmap
    /planner_server/clear_three_dim_topo_map: nav2_msgs/srv/ClearEntireCostmap
    /planner_server/describe_parameters: rcl_interfaces/srv/DescribeParameters
    /planner_server/get_available_states: lifecycle_msgs/srv/GetAvailableStates
    /planner_server/get_available_transitions: lifecycle_msgs/srv/GetAvailableTransitions
    /planner_server/get_parameter_types: rcl_interfaces/srv/GetParameterTypes
    /planner_server/get_parameters: rcl_interfaces/srv/GetParameters
    /planner_server/get_state: lifecycle_msgs/srv/GetState
    /planner_server/get_transition_graph: lifecycle_msgs/srv/GetAvailableTransitions
    /planner_server/list_parameters: rcl_interfaces/srv/ListParameters
    /planner_server/set_parameters: rcl_interfaces/srv/SetParameters
    /planner_server/set_parameters_atomically: rcl_interfaces/srv/SetParametersAtomically
  Service Clients:

  Action Servers:
    /compute_path_through_poses: robots_dog_msgs/action/ComputePathThroughPoses
    /compute_path_to_pose: robots_dog_msgs/action/ComputePathToPose
    /compute_paths_to_poses: robots_dog_msgs/action/ComputePathsToPoses
  Action Clients:

================ NODEINFO /remoix_rust_interface ================
/remoix_rust_interface
  Subscribers:
    /arc/arc_state: robots_dog_msgs/msg/ArcState
    /arc/mc_mode_cmd: robots_dog_msgs/msg/McModeCmd
    /cmd_pos: geometry_msgs/msg/Pose
    /cmd_vel: geometry_msgs/msg/Twist
    /meb_brake: std_msgs/msg/Bool
    /navigation_cmd: robots_dog_msgs/msg/NavigationCmd
  Publishers:
    /arc/dock_state: robots_dog_msgs/msg/DockState
    /arc/mc_state: robots_dog_msgs/msg/McState
    /handle_vel: geometry_msgs/msg/Twist
    /odom/mc_odom: nav_msgs/msg/Odometry
    /rosout: rcl_interfaces/msg/Log
  Service Servers:

  Service Clients:

  Action Servers:

  Action Clients:

================ NODEINFO /robot_slam ================
/robot_slam
  Subscribers:
    /front_camera/image_compressed: sensor_msgs/msg/CompressedImage
    /front_lidar: sensor_msgs/msg/PointCloud2
    /front_lidar/imu: sensor_msgs/msg/Imu
    /parameter_events: rcl_interfaces/msg/ParameterEvent
    /rear_lidar: sensor_msgs/msg/PointCloud2
    /slam/manual_loop: std_msgs/msg/Float64MultiArray
  Publishers:
    /odom/slam_odom: nav_msgs/msg/Odometry
    /parameter_events: rcl_interfaces/msg/ParameterEvent
    /perception_points: robots_dog_msgs/msg/PerceptionPoints
    /pub_slam_state: robots_dog_msgs/msg/SlamState
    /rosout: rcl_interfaces/msg/Log
    /world_points: sensor_msgs/msg/PointCloud2
  Service Servers:
    /get_slam_state_service: robots_dog_msgs/srv/GetMapState
    /robot_slam/describe_parameters: rcl_interfaces/srv/DescribeParameters
    /robot_slam/get_parameter_types: rcl_interfaces/srv/GetParameterTypes
    /robot_slam/get_parameters: rcl_interfaces/srv/GetParameters
    /robot_slam/list_parameters: rcl_interfaces/srv/ListParameters
    /robot_slam/set_parameters: rcl_interfaces/srv/SetParameters
    /robot_slam/set_parameters_atomically: rcl_interfaces/srv/SetParametersAtomically
    /slam_state_service: robots_dog_msgs/srv/MapState
  Service Clients:

  Action Servers:

  Action Clients:

================ NODEINFO /robot_tf ================
/robot_tf
  Subscribers:
    /odom/gazebo_odom: nav_msgs/msg/Odometry
    /odom/localization_odom: nav_msgs/msg/Odometry
    /odom/mc_odom: nav_msgs/msg/Odometry
    /odom/mujoco_odom: nav_msgs/msg/Odometry
    /odom/slam_odom: nav_msgs/msg/Odometry
    /parameter_events: rcl_interfaces/msg/ParameterEvent
  Publishers:
    /odom/current_pose: nav_msgs/msg/Odometry
    /parameter_events: rcl_interfaces/msg/ParameterEvent
    /rosout: rcl_interfaces/msg/Log
    /tf: tf2_msgs/msg/TFMessage
    /tf_manager/odom_type: std_msgs/msg/Header
    /tf_static: tf2_msgs/msg/TFMessage
  Service Servers:
    /robot_tf/describe_parameters: rcl_interfaces/srv/DescribeParameters
    /robot_tf/get_parameter_types: rcl_interfaces/srv/GetParameterTypes
    /robot_tf/get_parameters: rcl_interfaces/srv/GetParameters
    /robot_tf/list_parameters: rcl_interfaces/srv/ListParameters
    /robot_tf/set_parameters: rcl_interfaces/srv/SetParameters
    /robot_tf/set_parameters_atomically: rcl_interfaces/srv/SetParametersAtomically
  Service Clients:

  Action Servers:

  Action Clients:

================ NODEINFO /ros2_alg_interface ================
/ros2_alg_interface
  Subscribers:
    /goal: geometry_msgs/msg/PoseStamped
    /meb_status: std_msgs/msg/UInt8
    /navigo/bn/cmn/vis/global_path: nav_msgs/msg/Path
    /navigo/bn/cmn/vis/local_path: nav_msgs/msg/Path
    /odom/current_pose: nav_msgs/msg/Odometry
  Publishers:
    /meb_switch: std_msgs/msg/Bool
    /rosout: rcl_interfaces/msg/Log
    /srv/event: robots_dog_msgs/msg/SrvEvent
  Service Servers:

  Service Clients:

  Action Servers:

  Action Clients:

================ NODEINFO /rslidar_sdk/param_handle ================
/rslidar_sdk/param_handle
  Subscribers:
    /parameter_events: rcl_interfaces/msg/ParameterEvent
  Publishers:
    /parameter_events: rcl_interfaces/msg/ParameterEvent
    /rosout: rcl_interfaces/msg/Log
  Service Servers:
    /rslidar_sdk/param_handle/describe_parameters: rcl_interfaces/srv/DescribeParameters
    /rslidar_sdk/param_handle/get_parameter_types: rcl_interfaces/srv/GetParameterTypes
    /rslidar_sdk/param_handle/get_parameters: rcl_interfaces/srv/GetParameters
    /rslidar_sdk/param_handle/list_parameters: rcl_interfaces/srv/ListParameters
    /rslidar_sdk/param_handle/set_parameters: rcl_interfaces/srv/SetParameters
    /rslidar_sdk/param_handle/set_parameters_atomically: rcl_interfaces/srv/SetParametersAtomically
  Service Clients:

  Action Servers:

  Action Clients:

================ NODEINFO /rslidar_sdk/rslidar_points_destination_0 ================
/rslidar_sdk/rslidar_points_destination_0
  Subscribers:
    /parameter_events: rcl_interfaces/msg/ParameterEvent
  Publishers:
    /front_lidar: sensor_msgs/msg/PointCloud2
    /front_lidar/imu: sensor_msgs/msg/Imu
    /parameter_events: rcl_interfaces/msg/ParameterEvent
    /rosout: rcl_interfaces/msg/Log
  Service Servers:
    /rslidar_sdk/rslidar_points_destination_0/describe_parameters: rcl_interfaces/srv/DescribeParameters
    /rslidar_sdk/rslidar_points_destination_0/get_parameter_types: rcl_interfaces/srv/GetParameterTypes
    /rslidar_sdk/rslidar_points_destination_0/get_parameters: rcl_interfaces/srv/GetParameters
    /rslidar_sdk/rslidar_points_destination_0/list_parameters: rcl_interfaces/srv/ListParameters
    /rslidar_sdk/rslidar_points_destination_0/set_parameters: rcl_interfaces/srv/SetParameters
    /rslidar_sdk/rslidar_points_destination_0/set_parameters_atomically: rcl_interfaces/srv/SetParametersAtomically
  Service Clients:

  Action Servers:

  Action Clients:

================ NODEINFO /rslidar_sdk/rslidar_points_destination_1 ================
/rslidar_sdk/rslidar_points_destination_1
  Subscribers:
    /parameter_events: rcl_interfaces/msg/ParameterEvent
  Publishers:
    /parameter_events: rcl_interfaces/msg/ParameterEvent
    /rear_lidar: sensor_msgs/msg/PointCloud2
    /rear_lidar/imu: sensor_msgs/msg/Imu
    /rosout: rcl_interfaces/msg/Log
  Service Servers:
    /rslidar_sdk/rslidar_points_destination_1/describe_parameters: rcl_interfaces/srv/DescribeParameters
    /rslidar_sdk/rslidar_points_destination_1/get_parameter_types: rcl_interfaces/srv/GetParameterTypes
    /rslidar_sdk/rslidar_points_destination_1/get_parameters: rcl_interfaces/srv/GetParameters
    /rslidar_sdk/rslidar_points_destination_1/list_parameters: rcl_interfaces/srv/ListParameters
    /rslidar_sdk/rslidar_points_destination_1/set_parameters: rcl_interfaces/srv/SetParameters
    /rslidar_sdk/rslidar_points_destination_1/set_parameters_atomically: rcl_interfaces/srv/SetParametersAtomically
  Service Clients:

  Action Servers:

  Action Clients:

================ NODEINFO /rust_debug_node ================
/rust_debug_node
  Subscribers:
    /arc/arc_module_states_debug_info: std_msgs/msg/String
    /diagnostics/nav_error_report: robots_dog_msgs/msg/NavigationErrorReport
  Publishers:
    /rosout: rcl_interfaces/msg/Log
  Service Servers:

  Service Clients:

  Action Servers:

  Action Clients:

================ NODEINFO /sixents_gps_driver ================
/sixents_gps_driver
  Subscribers:
    /parameter_events: rcl_interfaces/msg/ParameterEvent
  Publishers:
    /parameter_events: rcl_interfaces/msg/ParameterEvent
    /rosout: rcl_interfaces/msg/Log
    /rtk_pvh: robots_dog_msgs/msg/UniRtkPvh
    /uni_best_nav: robots_dog_msgs/msg/UniBestNav
    /uni_heading: robots_dog_msgs/msg/UniHeading
  Service Servers:
    /sixents_gps_driver/describe_parameters: rcl_interfaces/srv/DescribeParameters
    /sixents_gps_driver/get_parameter_types: rcl_interfaces/srv/GetParameterTypes
    /sixents_gps_driver/get_parameters: rcl_interfaces/srv/GetParameters
    /sixents_gps_driver/list_parameters: rcl_interfaces/srv/ListParameters
    /sixents_gps_driver/set_parameters: rcl_interfaces/srv/SetParameters
    /sixents_gps_driver/set_parameters_atomically: rcl_interfaces/srv/SetParametersAtomically
  Service Clients:

  Action Servers:

  Action Clients:

================ NODEINFO /uss_driver ================
/uss_driver
  Subscribers:
    /parameter_events: rcl_interfaces/msg/ParameterEvent
  Publishers:
    /parameter_events: rcl_interfaces/msg/ParameterEvent
    /rosout: rcl_interfaces/msg/Log
    /uss_driver/uss_left/range: sensor_msgs/msg/Range
    /uss_driver/uss_right/range: sensor_msgs/msg/Range
  Service Servers:
    /uss_driver/describe_parameters: rcl_interfaces/srv/DescribeParameters
    /uss_driver/get_parameter_types: rcl_interfaces/srv/GetParameterTypes
    /uss_driver/get_parameters: rcl_interfaces/srv/GetParameters
    /uss_driver/list_parameters: rcl_interfaces/srv/ListParameters
    /uss_driver/set_parameters: rcl_interfaces/srv/SetParameters
    /uss_driver/set_parameters_atomically: rcl_interfaces/srv/SetParametersAtomically
  Service Clients:

  Action Servers:

  Action Clients:

================ NODEINFO /uwb_driver ================
/uwb_driver
  Subscribers:
    /parameter_events: rcl_interfaces/msg/ParameterEvent
  Publishers:
    /parameter_events: rcl_interfaces/msg/ParameterEvent
    /rosout: rcl_interfaces/msg/Log
    /uwb: uwb_driver/msg/Uwb
  Service Servers:
    /uwb_driver/describe_parameters: rcl_interfaces/srv/DescribeParameters
    /uwb_driver/get_parameter_types: rcl_interfaces/srv/GetParameterTypes
    /uwb_driver/get_parameters: rcl_interfaces/srv/GetParameters
    /uwb_driver/list_parameters: rcl_interfaces/srv/ListParameters
    /uwb_driver/set_parameters: rcl_interfaces/srv/SetParameters
    /uwb_driver/set_parameters_atomically: rcl_interfaces/srv/SetParametersAtomically
  Service Clients:

  Action Servers:

  Action Clients:

================ NODEINFO /velocity_optimizer ================
/velocity_optimizer
  Subscribers:
    /navigo/cs/cmn/intf/cmd_vel_valid: geometry_msgs/msg/Twist
    /navigo/lm/cmn/intf/bond: bond/msg/Status
    /parameter_events: rcl_interfaces/msg/ParameterEvent
  Publishers:
    /cmd_vel: geometry_msgs/msg/Twist
    /navigation_cmd: robots_dog_msgs/msg/NavigationCmd
    /navigo/lm/cmn/dbg/velocity_optimizer/transition_event: lifecycle_msgs/msg/TransitionEvent
    /navigo/lm/cmn/intf/bond: bond/msg/Status
    /parameter_events: rcl_interfaces/msg/ParameterEvent
    /rosout: rcl_interfaces/msg/Log
  Service Servers:
    /velocity_optimizer/change_state: lifecycle_msgs/srv/ChangeState
    /velocity_optimizer/describe_parameters: rcl_interfaces/srv/DescribeParameters
    /velocity_optimizer/get_available_states: lifecycle_msgs/srv/GetAvailableStates
    /velocity_optimizer/get_available_transitions: lifecycle_msgs/srv/GetAvailableTransitions
    /velocity_optimizer/get_parameter_types: rcl_interfaces/srv/GetParameterTypes
    /velocity_optimizer/get_parameters: rcl_interfaces/srv/GetParameters
    /velocity_optimizer/get_state: lifecycle_msgs/srv/GetState
    /velocity_optimizer/get_transition_graph: lifecycle_msgs/srv/GetAvailableTransitions
    /velocity_optimizer/list_parameters: rcl_interfaces/srv/ListParameters
    /velocity_optimizer/set_parameters: rcl_interfaces/srv/SetParameters
    /velocity_optimizer/set_parameters_atomically: rcl_interfaces/srv/SetParametersAtomically
  Service Clients:

  Action Servers:

  Action Clients:

================ NODEINFO /waypoint_follower ================
/waypoint_follower
  Subscribers:
    /localization_state: robots_dog_msgs/msg/LocalizationState
    /navigo/lm/cmn/intf/bond: bond/msg/Status
    /odom/current_pose: nav_msgs/msg/Odometry
    /parameter_events: rcl_interfaces/msg/ParameterEvent
    /perception/detection3d: vision_msgs/msg/Detection3DArray
    /pers/state: robots_dog_msgs/msg/PerceptionState
    /start_navigation: robots_dog_msgs/msg/StartNavigation
    /uwb_point: geometry_msgs/msg/PointStamped
  Publishers:
    /navigation_state: robots_dog_msgs/msg/NavigationState
    /navigo/ea/cmn/intf/nav_error: robots_dog_msgs/msg/NavigationError
    /navigo/ea/cmn/intf/nav_error_clear: robots_dog_msgs/msg/NavigationError
    /navigo/lm/cmn/dbg/waypoint_follower/transition_event: lifecycle_msgs/msg/TransitionEvent
    /navigo/lm/cmn/intf/bond: bond/msg/Status
    /navigo/wf/cmn/intf/update_tracking_goal: geometry_msgs/msg/PoseStamped
    /navigo/wf/cmn/vis/original_reference_path: nav_msgs/msg/Path
    /odom/current_pose/history: nav_msgs/msg/Path
    /parameter_events: rcl_interfaces/msg/ParameterEvent
    /rosout: rcl_interfaces/msg/Log
  Service Servers:
    /waypoint_follower/change_state: lifecycle_msgs/srv/ChangeState
    /waypoint_follower/describe_parameters: rcl_interfaces/srv/DescribeParameters
    /waypoint_follower/get_available_states: lifecycle_msgs/srv/GetAvailableStates
    /waypoint_follower/get_available_transitions: lifecycle_msgs/srv/GetAvailableTransitions
    /waypoint_follower/get_parameter_types: rcl_interfaces/srv/GetParameterTypes
    /waypoint_follower/get_parameters: rcl_interfaces/srv/GetParameters
    /waypoint_follower/get_state: lifecycle_msgs/srv/GetState
    /waypoint_follower/get_transition_graph: lifecycle_msgs/srv/GetAvailableTransitions
    /waypoint_follower/list_parameters: rcl_interfaces/srv/ListParameters
    /waypoint_follower/set_parameters: rcl_interfaces/srv/SetParameters
    /waypoint_follower/set_parameters_atomically: rcl_interfaces/srv/SetParametersAtomically
  Service Clients:
    /global_costmap/clear_entirely_global_costmap: nav2_msgs/srv/ClearEntireCostmap
    /global_esdf/clear_map: nav2_msgs/srv/ClearEntireCostmap
    /global_esdf/load_map: robots_dog_msgs/srv/BuildMap2D
    /map_server/load_map: robots_dog_msgs/srv/BuildMap2D
    /planner_server/build_quadtree: robots_dog_msgs/srv/BuildMap2D
    /planner_server/build_three_dim_topo_map: robots_dog_msgs/srv/BuildMap3D
    /planner_server/clear_quadtree: nav2_msgs/srv/ClearEntireCostmap
    /planner_server/clear_three_dim_topo_map: nav2_msgs/srv/ClearEntireCostmap
  Action Servers:
    /follow_waypoints: robots_dog_msgs/action/FollowWaypoints
  Action Clients:
    /follow_waypoints: robots_dog_msgs/action/FollowWaypoints
    /navigate_through_poses: robots_dog_msgs/action/NavigateThroughPoses
    /navigate_to_pose: robots_dog_msgs/action/NavigateToPose

======== ★★★ 5.3　nav2 的 plugin 與參數（planner／controller／costmap／BT） ========
---------------- param dump /planner_server ----------------
/planner_server:
  ros__parameters:
    /bond_disable_heartbeat_timeout: true
    GridBasedSL:
      allow_reversing: true
      plugin: navigo_straight_line_planner/StraightLinePlanner
      traj_res: 0.05
      uwb_nav_mode_safety_threshold: 0.8
    GridBasedST:
      fast_kino_search:
        coarse_resolution: 0.4
        collision_check_steps: 2
        fine_resolution: 0.2
        map_resolution: 0.1
        max_angular_vel: 1.0
        max_backward_acc: 2.0
        max_backward_vel: 0.6
        max_diagonal_vel: 1.8
        max_forward_acc: 2.0
        max_forward_vel: 2.0
        max_lateral_vel: 1.5
        max_linear_vel: 2.0
        max_nodes: 50000
        max_search_time: 0.04
        motion_dt: 0.2
        non_singularity_vel: 1.0
        resolution_switch_dist: 3.0
        robot_length: 0.6
        robot_radius: 0.3
        robot_width: 0.3
      hybrid_quadtree_kino_search:
        enable_adaptive_fallback: true
        enable_guidance_visualization: false
        enable_obstacle_aware_guidance: true
        max_guidance_distance: 3.0
        max_search_attempts: 1
        obstacle_density_weight: 0.5
        progression_bonus_weight: 1.5
      kino_search:
        acc_weight: 1.0
        adaptive_timeout_base: 0.5
        allocate_num: 10000
        allow_reverse_expansion: false
        backward_weight: 5.0
        check_length: 0.05
        check_num: 10
        consider_lateral_move: true
        enable_start_goal_sampling: false
        enabled_motion_models:
        - OmniMotionModel
        lambda_heu: 10.0
        lateral_weight: 1.0
        map_resolution: 0.3
        map_size_x: 500
        map_size_y: 500
        max_backward_acc: 0.5
        max_backward_vel: 2.0
        max_connecting_path_length: 12.0
        max_cur: 5.0
        max_forward_acc: 0.5
        max_forward_vel: 2.0
        max_search_time: 2.0
        max_yaw_acc: 1.0
        move_weight: 1.0
        node_deviation_weight: 5.0
        non_singularity_vel: 0.1
        num_sampling_points: 30
        obstacle_dist_weight: 5.0
        obstacle_safety_dist: 3.0
        omni_model_dis_threshold: 6.0
        omni_model_expansion_res: 0.5
        omni_model_far_lateral_max_vel: 2.0
        omni_model_far_longitudinal_max_vel: 3.0
        omni_model_far_max_yaw_rate: 2.0
        omni_model_near_lateral_max_vel: 1.0
        omni_model_near_longitudinal_max_vel: 1.0
        omni_model_near_max_yaw_rate: 1.0
        omni_model_yaw_expansion_res: 0.5
        open_expansion_visualization: false
        rear_suspension: 0.15
        robot_back_margin: 0.05
        robot_front_margin: 0.05
        robot_lateral_margin: 0.05
        robot_left_margin: 0.05
        robot_length: 0.6
        robot_longitudinal_margin: 0.05
        robot_right_margin: 0.05
        robot_width: 0.3
        sample_time: 0.2
        sampling_angle_range: 1.0
        sampling_radius: 10.0
        step_arc: 0.9
        switch_time: 1.0
        switch_weight: 5.0
        traj_back_penalty: 20.0
        traj_ctrl_change_penalty: 5.0
        traj_forward_penalty: 1.0
        traj_gear_switch_penalty: 15.0
        traj_lateral_penalty: 10.0
        traj_spin_penalty: 10.0
        traj_steer_change_penalty: 10.0
        traj_steer_penalty: 10.0
        trigger_shot_dis: 3.0
        use_2d_search: false
        use_3d_search: true
        wheel_base: 0.3
        yaw_acc_weight: 1.0
        yaw_resolution: 0.3
        yaw_weight: 2.0
      plugin: navigo_spatial_temporal_planner/SpatialTemporalPlanner
      quadtree_search:
        allow_reverse_expansion: false
        cost_tolerance_ratio: 1.5
        enable_early_termination: true
        enable_footprint_safety_check: false
        enable_footprint_visualization: true
        enable_multi_inflation_fallback: true
        enable_multi_inflation_search: true
        enable_multi_inflation_visualization: true
        enable_path_visualization: true
        inflation_sample_count: 7
        inflation_sampling_strategy: adaptive
        max_backward_acc: 4.0
        max_backward_vel: 0.6
        max_forward_acc: 2.0
        max_forward_vel: 1.0
        max_path_adjustment_attempts: 3
        max_search_time_per_inflation_ms: 150.0
        min_acceptable_inflation: 0.01
        non_singularity_vel: 0.1
        path_yaw_smooth_window_size: 5
        prefer_higher_inflation: true
        rear_suspension: 0.15
        robot_lateral_margin: 0.05
        robot_length: 0.6
        robot_longitudinal_margin: 0.05
        robot_width: 0.3
        safety_offset_resolution: 0.05
        safety_offset_search_radius: 0.3
        sample_time: 0.2
        wheel_base: 0.3
      safe_drive_corridor:
        adaptive_enable_trajectory_adjustment: false
        adaptive_far_distance_threshold: 0.8
        adaptive_far_expansion_factor: 1.0
        adaptive_max_adjustment_iters: 10
        adaptive_medium_distance_threshold: 0.6
        adaptive_medium_expansion_factor: 0.7
        adaptive_near_distance_threshold: 0.3
        adaptive_near_expansion_factor: 0.4
        adaptive_trajectory_adjustment_step: 0.05
        corridor_generation_strategy: uniform
        enable_clearance_visualization: false
        inter_piece_res: 10
        max_clearance_adjustment_iters: 10
        middle_traj: 10.0
        min_corridor_clearance: 0.5
        safe_corridor_min_expansion_ratio: 0.3
        safe_corridor_obstacle_margin: 0.5
        safe_corridor_use_dynamic_shrink: false
        safe_drive_corridor_expand_limit_bound: 2.0
        safe_drive_corridor_expand_step: 0.1
        short_traj: 5.0
        side_piece_res: 20
        traj_piece_duration_large: 4.0
        traj_piece_duration_low: 1.0
        traj_piece_duration_middle: 2.0
      spatial_temporal_backend_opt:
        dynamic_safety_dis: 0.1
        enable_two_stage_optimization: true
        eps_help: 0.0001
        half_margin: 0.025
        inter_piece_res: 10
        lbfgs_delta: 0.005
        lbfgs_g_epsilon: 1.0e-05
        lbfgs_max_iter: 500
        lbfgs_mem_size: 64
        lbfgs_min_step: 1.0e-16
        lbfgs_past: 3
        log_sum_exp_alpha: 100.0
        max_backward_acc: 0.5
        max_backward_cur: 5.0
        max_backward_vel: 2.0
        max_forward_acc: 0.5
        max_forward_cur: 5.0
        max_forward_vel: 2.0
        maximum_acceptable_cost: 500000.0
        minimum_time: 0.1
        non_singularity_vel: 0.1
        rear_suspension: 0.15
        robot_length: 0.6
        robot_width: 0.3
        side_piece_res: 20
        stage1_g_epsilon: 0.001
        stage1_max_iter: 40
        stage1_weight_scale: 0.3
        stage2_g_epsilon: 1.0e-05
        stage2_max_iter: 30
        use_gear_opt: false
        wei_cur: 1.0
        wei_dynamic_obs: 1000.0
        wei_feasibility: 200.0
        wei_static_obs: 5000.0
        wei_time: 500.0
        wheel_base: 0.3
      tracking_search:
        max_search_time: 1.0
        polynomial_with_backend_opt: false
        robot_back_margin: 0.05
        robot_front_margin: 0.05
        robot_left_margin: 0.05
        robot_length: 0.6
        robot_right_margin: 0.05
        robot_width: 0.3
        tracking_allocate_num: 5000
        tracking_check_num: 5
        tracking_lambda_heu: 5.0
        tracking_map_res: 0.1
        tracking_map_size_x: 200
        tracking_map_size_y: 200
        tracking_max_acc: 3.0
        tracking_max_tau: 0.6
        tracking_max_vel: 3.0
        tracking_shot_path_collision_res: 0.05
        tracking_w_predict: 0.5
        tracking_w_time: 10.0
    ThreeDimTopoBased:
      base_distance_weight: 0.1
      centerline_boundary_expansion: 0.2
      centerline_grid_resolution: 0.05
      centerline_layer_height: 0.1
      centerline_min_width: 0.1
      centerline_penalty_weight: 0.3
      centerline_thinning_iterations: 10
      centerline_use_thinning: true
      climbing_weight: 50.0
      closing_kernel_size: 1
      connect_to_nodes_factor: 2.0
      default_min_component_size: 50
      enable_boundary_walls: false
      enable_centerline_guidance: false
      enable_connectivity_check: true
      enable_cost_logging: false
      enable_visualization: true
      esdf_obstacle_clearance: 0.8
      esdf_pcd_mode: normalized
      esdf_resolution: 0.05
      esdf_weight: 50.0
      extrude_only_horizontal_edges: false
      global_frame: map
      heuristic_weight: 1.0
      max_analysis_time_ms: 100.0
      max_climbing_height: 0.3
      max_drop_height: 2.0
      max_isolation_dist_for_filter_nodes: 0.5
      max_search_dis_for_find_nearest_node: 1.0
      max_search_nodes: 50000
      min_neighbors_for_filter_nodes: 5
      min_points_per_voxel: 5
      min_surface_node_points: 5
      neighbor_penalty_weight: 5.0
      normalized_safety_threshold: 1.0
      num_components_found_threshold_: 10
      octree_resolution: 0.2
      path_smoothing: true
      pcd_intensity_mode: normalized
      pcd_map_file: ''
      planning_timeout_ms: 5000.0
      plugin: navigo_3d_topo_global_planner/Navigo3DTopoGlobalPlanner
      robot_base_frame: base_link
      robot_footprint_x: 0.6
      robot_footprint_y: 0.3
      roughness_weight: 1.5
      safe_neighbor_count: 50
      safety_margin: 0.1
      safety_traversability_score: 40.0
      search_algorithm: astar
      show_pcd_overlay: true
      show_search_path: true
      surface_node_check_radius: 0.2
      traversability_weight: 100.0
      use_esdf_for_planning: false
      use_morphological_closing: false
      use_obstacle_avoidance: false
      verbose_logging: true
      virtual_wall_height: 1.0
    action_server_result_timeout: 10.0
    build_global_esdf_map: true
    build_local_esdf_map: true
    corridor_builder:
      max_search_distance: 3.0
      min_corridor_width: 0.5
      safety_margin: 0.15
      sample_distance: 0.2
    corridor_optimizer:
      enable_sharp_turn_locking: true
      max_curvature: 0.5
      max_iterations: 1000
      sharp_turn_corridor_margin: 0.15
      weight_curvature: 1.5
      weight_path_length: 1.0
      weight_ref_deviation: 20.0
      weight_smoothness: 100.0
    costmap_update_timeout: 1.0
    enable_parallel_planning: true
    enable_pp_fem_debug_output: false
    expected_planner_frequency: 20.0
    extension_dis: 0.5
    extension_step_size: 0.05
    fem_opt:
      enable_fem_debug_switch: false
      enable_kappa_constraint: false
      enable_two_sided_constraint: true
      osqp_weight_fem_pos_deviation: 10000.0
      osqp_weight_path_length: 1000.0
      osqp_weight_ref_deviation: 1.0
      point_deviation_limits: 2.0
      sqp_curvature_constraint: 0.1
      sqp_weight_curvature_constraint_slack_var: 10000.0
      sqp_weight_fem_pos_deviation: 1000000.0
      sqp_weight_path_length: 1.0
      sqp_weight_ref_deviation: 10.0
    fov_near_goal_dist: 5.0
    global_3d_topo_build_timeout: 60.0
    global_esdf_build_timeout: 10.0
    global_esdf_visualizer_open: false
    local_esdf_visualizer_open: false
    log_level: DEBUG
    max_parallel_goals: 5
    need_extension: false
    odom_topic: /odom/current_pose
    out_of_fov_threshold: 20.0
    parallel_planning_timeout: 3.0
    planner_plugins:
    - GridBasedST
    - GridBasedSL
    - ThreeDimTopoBased
    preprocessor:
      backtrack_angle_threshold: 2.618
      dup_threshold: 0.1
      enable_sharp_turn_detection: true
      loop_distance_threshold: 2.0
      min_loop_points: 5
      sharp_turn_angle_threshold: 2.09
      sharp_turn_detection_window: 3.0
    quadtree:
      enable: true
      max_box_size: 100
      min_box_size: 4
      robot_radius_m: 0.1
    robot_geometry:
      geometry:
        circumscribed_radius: 0.4386
        footprint: '[[0.45,0.18],[0.45,-0.18],[-0.45,-0.18],[-0.45,0.18]]'
        height: 0.54
        inscribed_radius: 0.18
        length: 0.9
        rear_suspension: 0.2
        track_width: 0.36
        wheel_base: 0.5
        width: 0.36
      kinematics:
        max_acceleration:
          angular: 2.0
          lateral: 0.5
          linear: 2.0
        max_curvature: 1.0
        max_velocity:
          angular_z: 2.0
          linear_x: 2.0
          linear_y: 0.5
        min_turning_radius: 1.0
        min_velocity:
          angular_z: -2.0
          linear_x: -2.0
          linear_y: -0.5
      robot_name: zg
      robot_type: quadruped
      safety:
        collision_radius: 0.55
        critical_distance: 0.5
        margins:
          front: 0.1
          left: 0.05
          rear: 0.1
          right: 0.05
        safe_distance: 0.9
    robot_type: default
    three_circle_check_margin: 0.03
    three_circle_fine_check_sample_res: 0.05
    topo_map_pcd_file: ''
    use_esdf_collision_checker: false
    use_fixed_spacing_trajectory_generation: true
    use_history_path_info: false
    use_sim_time: false

---------------- param dump /controller_server ----------------
/controller_server:
  ros__parameters:
    /bond_disable_heartbeat_timeout: true
    FollowPathLocalPlanner:
      adjacent_range: 1.8
      allow_rear_range: 0.8
      allow_rear_thre: 150.0
      cmd_vel_topic: /cmd_vel
      comparison_path_topic: /navigo/cs/lpc/vis/base_candidate_plan
      control_frequency: 50.0
      cost_height_thre: 0.1
      enable_dynamic_parameters: true
      enable_footprint_check: true
      enable_footprint_visualization: true
      enable_lookahead_visualization: true
      footprint_collision_marker_size: 0.1
      footprint_collision_marker_topic: /navigo/cs/lpc/vis/footprint_collision
      footprint_collision_min_points: 3
      footprint_marker_z: 0.02
      footprint_points:
      - 0.5
      - 0.2
      - 0.5
      - -0.2
      - -0.5
      - -0.2
      - -0.5
      - 0.2
      footprint_samples_line_width: 0.02
      footprint_samples_marker_topic: /navigo/cs/lpc/vis/footprint_samples
      forward_only_angle_thre: 20.0
      goal_path_dir_weight: 0.01
      lidar_min_range: 0.15
      lidar_range_margin: 3.5
      lookahead_distance: 1.0
      lookahead_marker_topic: /navigo/cs/lpc/vis/lookahead_point
      max_angular_accel: 3.5
      max_angular_vel: 0.6
      max_linear_accel: 0.6
      max_linear_vel: 0.6
      max_path_length: 1.0
      min_linear_vel: 0.01
      min_path_range: 0.8
      min_path_scale: 0.5
      min_yaw_dead_zone: 0.3
      path_range_step: 0.5
      path_scale: 1.0
      path_scale_step: 0.25
      plugin: navigo_local_planner_controller::LocalPlannerController
      reverse_angle_thre: 120.0
      reverse_speed_ratio: 0.1
      robot_length: 1.2
      robot_width: 0.6
      search_radius: 0.25
      slow_down_dis_thre: 1.0
      small_yaw_gain: 1.68
      stop_dis_thre: 0.5
      trajectory_smooth_weight: 0.3
      two_way_drive_mode: false
      u_turn_speed_ratio: 0.6
      use_omni_mode: false
      vel_x_gain: 1.0
      vel_y_gain: 0.5
      yaw_diff_thre: 0.45
      yaw_p_gain: 1.2
    FollowPathPID:
      min_angular_velocity: 0.01
      min_linear_x_velocity: 0.01
      min_linear_y_velocity: 0.01
      plugin: navigo_pid_controller::PIDController
      x_pid:
        kd: 0.2
        ki: 0.05
        kp: 1.5
        output_limit: 0.5
        windup_limit: 2.0
      y_pid:
        kd: 0.2
        ki: 0.05
        kp: 1.5
        output_limit: 0.5
        windup_limit: 2.0
      yaw_pid:
        kd: 0.15
        ki: 0.02
        kp: 1.0
        output_limit: 1.5
        windup_limit: 1.0
    FollowPathPP:
      allow_reversing: false
      approach_velocity_scaling_dist: 2.0
      braking_decel_far: 1.0
      braking_decel_near: 0.2
      braking_switch_vel: 0.5
      cancel_deceleration: 3.2
      cost_scaling_dist: 0.3
      cost_scaling_gain: 1.0
      curvature_adaptive_factor: 0.2
      curvature_lookahead_dist: 1.0
      inflation_cost_scaling_factor: 3.0
      interpolate_curvature_after_goal: false
      max_allowed_time_to_collision_up_to_carrot: 1.0
      max_angular_accel: 3.2
      max_path_length: 2.0
      max_prediction_collision_check_dist: 6.0
      max_robot_pose_search_dist: 10.0
      min_approach_linear_velocity: 0.1
      min_prediction_collision_check_dist: 2.0
      min_speed_scale: 0.9
      multiple_vel_mode_threshold_dist: 3.0
      omnidirectional_model_kv: 3.0
      omnidirectional_model_kw: 2.0
      omnidirectional_model_lamda_l: 0.6
      omnidirectional_model_lamda_theta: 0.4
      plugin: navigo_pure_pursuit_controller::PurePursuitController
      prediction_direction_num: 11
      prediction_step_size: 0.5
      regulated_linear_scaling_min_radius: 0.9
      regulated_linear_scaling_min_speed: 0.1
      rotate_to_heading_Kd: 0.2
      rotate_to_heading_Kp: 1.0
      rotate_to_heading_angular_vel_max: 1.2
      rotate_to_heading_angular_vel_min: 0.1
      rotate_to_heading_approach_zone_margin: 0.2
      rotate_to_heading_stop_zone_ratio: 0.9
      rotate_to_path_heading_tol: 0.524
      trajectory_distance_weight: 1.0
      transform_tolerance: 0.1
      use_cancel_deceleration: false
      use_collision_detection: false
      use_cost_regulated_linear_velocity_scaling: false
      use_fixed_curvature_lookahead: false
      use_multiple_vel_mode: true
      use_omnidirectional_model: false
      use_regulated_linear_velocity_scaling: true
      use_trajectory_distance_lookahead: true
      use_velocity_scaled_lookahead_dist: true
      uwb_desired_high_linear_vel_x: 2.0
      uwb_desired_high_linear_vel_y: 1.0
      uwb_desired_linear_vel_x: 1.0
      uwb_desired_linear_vel_y: 0.5
      uwb_desired_low_linear_vel_x: 1.0
      uwb_desired_low_linear_vel_y: 0.5
      uwb_nav_mode_safety_threshold: 0.8
      uwb_nav_mode_switch_threshold: 2.0
      uwb_nav_mode_switch_tolerance: 0.2
    action_server_result_timeout: 10.0
    controller_frequency: 50.0
    controller_plugins:
    - FollowPathPP
    - FollowPathPID
    - FollowPathLocalPlanner
    costmap_update_timeout: 0.3
    enable_stamped_cmd_vel: false
    failure_tolerance: 0.3
    general_goal_checker:
      plugin: navigo_path_controller::SimpleGoalChecker
      xy_goal_tolerance: 0.25
      yaw_goal_tolerance: 0.25
    goal_checker_plugins:
    - general_goal_checker
    mc_controller_type: RL_TRACK_VELOCITY
    mc_trajectory_size: 20
    min_theta_velocity_threshold: 0.05
    min_x_velocity_threshold: 0.05
    min_y_velocity_threshold: 0.05
    odom_topic: /odom/current_pose
    progress_checker:
      movement_time_allowance: 10.0
      plugin: navigo_path_controller::SimpleProgressChecker
      required_movement_radius: 0.5
    progress_checker_plugins:
    - progress_checker
    publish_zero_velocity: true
    speed_limit_topic: /set_speed_limit
    use_realtime_priority: false
    use_sim_time: false

---------------- param dump /bt_navigator ----------------
/bt_navigator:
  ros__parameters:
    /bond_disable_heartbeat_timeout: true
    always_reload_bt_xml: false
    bt_loop_duration: 50
    default_controller_id: FollowPathLocalPlanner
    default_goal_tolerance:
      xy_goal_tolerance: 0.25
      yaw_goal_tolerance: 0.05
    default_server_timeout: 3000
    enable_groot_monitoring: false
    global_frame: map
    goal_blackboard_id: goal
    goals_blackboard_id: goals
    navigation_state_topic: navigation_state
    odom_topic: /odom/current_pose
    path_blackboard_id: path
    plugin_lib_names:
    - navigo_back_up_action_bt_node
    - navigo_back_up_cancel_bt_node
    - navigo_clear_costmap_service_bt_node
    - navigo_clear_error_action_bt_node
    - navigo_compute_collision_distance_action_bt_node
    - navigo_compute_control_error_action_bt_node
    - navigo_compute_goal_distance_action_bt_node
    - navigo_compute_information_gain_action_bt_node
    - navigo_compute_path_through_poses_action_bt_node
    - navigo_compute_path_to_pose_action_bt_node
    - navigo_compute_paths_to_poses_action_bt_node
    - navigo_compute_spin_distance_action_bt_node
    - navigo_compute_uwb_goal_action_bt_node
    - navigo_decompose_convex_regions_action_bt_node
    - navigo_evaluate_goal_action_bt_node
    - navigo_evaluate_paths_action_bt_node
    - navigo_follow_path_action_bt_node
    - navigo_follow_path_cancel_bt_node
    - navigo_frtree_action_bt_node
    - navigo_general_conditions_bt_node
    - navigo_generate_leading_rays_action_bt_node
    - navigo_generate_relocalization_goal_action_bt_node
    - navigo_globally_updated_goal_condition_bt_node
    - navigo_globally_updated_goals_condition_bt_node
    - navigo_goal_reached_condition_bt_node
    - navigo_goal_updated_condition_bt_node
    - navigo_is_exploration_completed_condition_bt_node
    - navigo_is_exploration_goal_valid_condition_bt_node
    - navigo_is_goals_valid_condition_bt_node
    - navigo_is_localization_status_satisfied_condition_bt_node
    - navigo_is_path_valid_condition_bt_node
    - navigo_is_target_in_fov_condition_bt_node
    - navigo_optimize_path_service_bt_node
    - navigo_pipeline_sequence_bt_node
    - navigo_progress_check_bt_node
    - navigo_publish_debug_msgs_action_bt_node
    - navigo_rate_controller_bt_node
    - navigo_recover_invalid_goals_action_bt_node
    - navigo_recovery_node_bt_node
    - navigo_remove_passed_goals_action_bt_node
    - navigo_remove_passed_goals_loop_action_bt_node
    - navigo_reorganize_trajectory_action_bt_node
    - navigo_report_error_action_bt_node
    - navigo_reseparate_paths_action_bt_node
    - navigo_round_robin_node_bt_node
    - navigo_select_exploration_goal_action_bt_node
    - navigo_select_frontend_id_action_bt_node
    - navigo_select_frontend_ids_action_bt_node
    - navigo_select_patrol_goal_action_bt_node
    - navigo_select_patrol_mode_action_bt_node
    - navigo_select_sampled_goals_action_bt_node
    - navigo_separate_paths_action_bt_node
    - navigo_spin_action_bt_node
    - navigo_spin_cancel_bt_node
    - navigo_stitch_path_action_bt_node
    - navigo_time_expired_condition_bt_node
    - navigo_truncate_path_action_bt_node
    - navigo_truncate_path_local_action_bt_node
    - navigo_truncate_path_to_goal_action_bt_node
    - navigo_truncate_paths_action_bt_node
    - navigo_update_path_action_bt_node
    - navigo_wait_action_bt_node
    pose_groot_publisher_port: 1668
    pose_groot_server_port: 1669
    poses_groot_publisher_port: 1670
    poses_groot_server_port: 1671
    robot_base_frame: base_link
    robot_geometry:
      geometry:
        circumscribed_radius: 0.4386
        footprint: '[[0.45,0.18],[0.45,-0.18],[-0.45,-0.18],[-0.45,0.18]]'
        height: 0.54
        inscribed_radius: 0.18
        length: 0.9
        rear_suspension: 0.2
        track_width: 0.36
        wheel_base: 0.5
        width: 0.36
      kinematics:
        max_acceleration:
          angular: 2.0
          lateral: 0.5
          linear: 2.0
        max_curvature: 1.0
        max_velocity:
          angular_z: 2.0
          linear_x: 2.0
          linear_y: 0.5
        min_turning_radius: 1.0
        min_velocity:
          angular_z: -2.0
          linear_x: -2.0
          linear_y: -0.5
      robot_name: zg
      robot_type: quadruped
      safety:
        collision_radius: 0.55
        critical_distance: 0.5
        margins:
          front: 0.1
          left: 0.05
          rear: 0.1
          right: 0.05
        safe_distance: 0.9
    ros__log_level: info
    set_desired_angular_vel_z_topic: /set_desired_angular_vel_z
    set_desired_linear_vel_x_topic: /set_desired_linear_vel_x
    set_desired_linear_vel_y_topic: /set_desired_linear_vel_y
    transform_tolerance: 0.2
    truncate_path_to_collision:
      distance: 1.0
      enabled: false
      threshold: 2.0
    update_goal_topic: /navigo/wf/cmn/intf/update_tracking_goal
    use_sim_time: false
    wait_for_service_timeout: 1000

---------------- param dump /collision_monitor ----------------
/collision_monitor:
  ros__parameters:
    /bond_disable_heartbeat_timeout: true
    PolygonStop:
      action_type: stop
      enabled: true
      max_points: 3
      points:
      - 0.75
      - 0.38
      - 0.75
      - -0.38
      - -0.75
      - -0.38
      - -0.75
      - 0.38
      polygon_pub_topic: /navigo/cm/cmn/vis/polygon_stop
      type: polygon
      visualize: true
    base_frame_id: base_link
    base_shift_correction: false
    cmd_vel_in_timeout: 0.1
    cmd_vel_in_topic: cmd_vel_raw
    cmd_vel_out_topic: cmd_vel
    navigation_error_clear_topic: /navigo/ea/cmn/intf/nav_error_clear
    navigation_error_topic: /navigo/ea/cmn/intf/nav_error
    observation_sources:
    - scan
    odom_frame_id: odom
    odom_topic: /odom/current_pose
    polygons:
    - PolygonStop
    process_frequency: 10.0
    process_result_timeout: 0.2
    publish_frequency: 100.0
    robot_geometry:
      geometry:
        circumscribed_radius: 0.4386
        footprint: '[[0.45,0.18],[0.45,-0.18],[-0.45,-0.18],[-0.45,0.18]]'
        height: 0.54
        inscribed_radius: 0.18
        length: 0.9
        rear_suspension: 0.2
        track_width: 0.36
        wheel_base: 0.5
        width: 0.36
      kinematics:
        max_acceleration:
          angular: 2.0
          lateral: 0.5
          linear: 2.0
        max_curvature: 1.0
        max_velocity:
          angular_z: 2.0
          linear_x: 2.0
          linear_y: 0.5
        min_turning_radius: 1.0
        min_velocity:
          angular_z: -2.0
          linear_x: -2.0
          linear_y: -0.5
      robot_name: zg
      robot_type: quadruped
      safety:
        collision_radius: 0.55
        critical_distance: 0.5
        margins:
          front: 0.1
          left: 0.05
          rear: 0.1
          right: 0.05
        safe_distance: 0.9
    robot_type: default
    scan:
      enabled: true
      topic: /laser_scan
      type: scan
    selective_stop:
      collision_prediction_time: 0.5
      enable_level2_combinations: true
      filter_points_inside: true
      simulation_time_step: 0.05
      use_selective_stop: true
      velocity_tolerance: 0.01
    source_timeout: 1.0
    transform_tolerance: 0.5
    use_sim_time: false

---------------- param dump /global_costmap/global_costmap ----------------
/global_costmap/global_costmap:
  ros__parameters:
    /bond_disable_heartbeat_timeout: true
    always_send_full_costmap: false
    electronic_map_layer:
      debug_mode: false
      electronic_map_topic: /electronic_fence
      enabled: true
      plugin: navigo_costmap_2d::ElectronicMapLayer
      transform_tolerance: 0.1
    filters: []
    footprint: '[]'
    footprint_padding: 0.009999999776482582
    frontier_layer:
      frontier_min_size: 10
      inner_map_topic: ''
      map_subscribe_transient_local: false
      map_topic: ''
      obstacle_inflation_radius: 0.3
      obstacle_threshold: 65
      plugin: navigo_costmap_2d::FrontierLayer
      travel_point_type: closest
    global_frame: map
    height: 0
    inflation_layer:
      cost_scaling_factor: 3.0
      enabled: true
      inflate_around_unknown: false
      inflate_unknown: false
      inflation_radius: 0.1
      plugin: navigo_costmap_2d::InflationLayer
    lethal_cost_threshold: 100
    map_topic: /navigo/ms/cmn/intf/map
    observation_sources: ''
    odom_topic: /odom/current_pose
    origin_x: 0.0
    origin_y: 0.0
    plugins:
    - static_layer
    - electronic_map_layer
    - inflation_layer
    - frontier_layer
    publish_frequency: 10.0
    resolution: 0.05
    robot_base_frame: base_link
    robot_geometry:
      geometry:
        circumscribed_radius: 0.4386
        footprint: '[[0.45,0.18],[0.45,-0.18],[-0.45,-0.18],[-0.45,0.18]]'
        height: 0.54
        inscribed_radius: 0.18
        length: 0.9
        rear_suspension: 0.2
        track_width: 0.36
        wheel_base: 0.5
        width: 0.36
      kinematics:
        max_acceleration:
          angular: 2.0
          lateral: 0.5
          linear: 2.0
        max_curvature: 1.0
        max_velocity:
          angular_z: 2.0
          linear_x: 2.0
          linear_y: 0.5
        min_turning_radius: 1.0
        min_velocity:
          angular_z: -2.0
          linear_x: -2.0
          linear_y: -0.5
      robot_name: zg
      robot_type: quadruped
      safety:
        collision_radius: 0.55
        critical_distance: 0.5
        margins:
          front: 0.1
          left: 0.05
          rear: 0.1
          right: 0.05
        safe_distance: 0.9
    robot_radius: 0.1
    rolling_window: false
    static_layer:
      enabled: true
      footprint_clearing_enabled: true
      map_subscribe_transient_local: false
      map_topic: ''
      plugin: navigo_costmap_2d::StaticLayer
      subscribe_to_updates: false
      transform_tolerance: 0.0
    track_unknown_space: false
    transform_tolerance: 0.3
    trinary_costmap: true
    unknown_cost_value: 255
    update_frequency: 10.0
    use_maximum: false
    use_sim_time: false
    width: 0

---------------- param dump /local_costmap/local_costmap ----------------
/local_costmap/local_costmap:
  ros__parameters:
    /bond_disable_heartbeat_timeout: true
    always_send_full_costmap: true
    electronic_map_layer:
      debug_mode: false
      electronic_map_topic: /electronic_map
      enabled: true
      plugin: navigo_costmap_2d::ElectronicMapLayer
      transform_tolerance: 0.1
    filters: []
    footprint: '[]'
    footprint_padding: 0.009999999776482582
    global_frame: odom
    height: 8
    inflation_layer:
      cost_scaling_factor: 3.0
      enabled: true
      inflate_around_unknown: false
      inflate_unknown: false
      inflation_radius: 0.05
      plugin: navigo_costmap_2d::InflationLayer
    lethal_cost_threshold: 100
    map_topic: /map
    observation_sources: ''
    obstacle_layer:
      combination_method: 1
      enabled: true
      footprint_clearing_enabled: true
      goal_pose_clearing_enbaled: true
      goal_safe_area: '[[0.40,0.4],[0.4,-0.4],[-0.4,-0.4],[-0.4,0.4]]'
      max_obstacle_height: 2.0
      min_obstacle_height: 0.0
      observation_sources: scan
      planner_goal_valid_time_range: 5.0
      plugin: navigo_costmap_2d::ObstacleLayer
      scan:
        clearing: true
        data_type: LaserScan
        expected_update_rate: 0.0
        inf_is_valid: true
        marking: true
        max_obstacle_height: 2.0
        min_obstacle_height: 0.0
        observation_persistence: 0.0
        obstacle_max_range: 8.5
        obstacle_min_range: 0.5
        raytrace_max_range: 8.0
        raytrace_min_range: 0.0
        sensor_frame: ''
        topic: /laser_scan
    odom_topic: /odom/current_pose
    origin_x: 0.0
    origin_y: 0.0
    plugins:
    - obstacle_layer
    - electronic_map_layer
    - inflation_layer
    publish_frequency: 10.0
    resolution: 0.05
    robot_base_frame: base_link
    robot_geometry:
      geometry:
        circumscribed_radius: 0.4386
        footprint: '[[0.45,0.18],[0.45,-0.18],[-0.45,-0.18],[-0.45,0.18]]'
        height: 0.54
        inscribed_radius: 0.18
        length: 0.9
        rear_suspension: 0.2
        track_width: 0.36
        wheel_base: 0.5
        width: 0.36
      kinematics:
        max_acceleration:
          angular: 2.0
          lateral: 0.5
          linear: 2.0
        max_curvature: 1.0
        max_velocity:
          angular_z: 2.0
          linear_x: 2.0
          linear_y: 0.5
        min_turning_radius: 1.0
        min_velocity:
          angular_z: -2.0
          linear_x: -2.0
          linear_y: -0.5
      robot_name: zg
      robot_type: quadruped
      safety:
        collision_radius: 0.55
        critical_distance: 0.5
        margins:
          front: 0.1
          left: 0.05
          rear: 0.1
          right: 0.05
        safe_distance: 0.9
    robot_radius: 0.1
    rolling_window: true
    track_unknown_space: false
    transform_tolerance: 0.3
    trinary_costmap: true
    unknown_cost_value: 255
    update_frequency: 10.0
    use_maximum: false
    use_sim_time: false
    width: 8

---------------- param dump /map_server ----------------
/map_server:
  ros__parameters:
    /bond_disable_heartbeat_timeout: true
    frame_id: map
    topic_name: /navigo/ms/cmn/intf/map
    use_sim_time: false
    yaml_filename: ''

---------------- param dump /waypoint_follower ----------------
/waypoint_follower:
  ros__parameters:
    /bond_disable_heartbeat_timeout: true
    behavior_tree:
      patrol: navigate_through_poses_to_target.xml
      patrol_3d: navigate_through_poses_to_target_3d.xml
      patrol_unknown: navigate_through_poses_to_target.xml
    build_esdf_map: true
    build_quadtree_map: true
    enable_localization_validation: true
    enable_perception_validation: false
    enable_relocalization_assistant: true
    force_relocalization_assistant: false
    goal_points_topic: clicked_points
    localization_state_topic: /localization_state
    loop_rate: 20
    navigation_error_clear_topic: /navigo/ea/cmn/intf/nav_error_clear
    navigation_error_topic: /navigo/ea/cmn/intf/nav_error
    navigation_state_topic: navigation_state
    odom_topic: /odom/current_pose
    perception_state_topic: /pers/state
    repeat_util_cancelled: false
    security_target_approach_distance: 1.5
    security_target_clipping_distance: 5.0
    security_target_timeout: 10.0
    security_target_topic: /security_cam/target_in_map
    start_navigation_topic: /start_navigation
    states_timeout_threshold: 2.0
    states_validation_timeout: 15.0
    stop_on_failure: true
    target_resp_min_dist: 1.0
    tracking_target_id_topic: /target_id
    tracking_target_list_topic: /perception/detection3d
    update_tracking_goal_topic: /navigo/wf/cmn/intf/update_tracking_goal
    use_sim_time: false
    uwb_topic: /uwb_point
    wait_at_waypoint:
      enabled: true
      plugin: navigo_waypoint_follower::WaitAtWaypoint
      waypoint_pause_duration: 1
    waypoint_task_executor_plugin: wait_at_waypoint

---------------- param dump /behavior_server ----------------
/behavior_server:
  ros__parameters:
    /bond_disable_heartbeat_timeout: true
    backup:
      plugin: navigo_behaviors/BackUp
    behavior_plugins:
    - spin
    - backup
    - drive_on_heading
    - wait
    costmap_topic: /navigo/lcc/cmn/vis/costmap_raw
    cycle_frequency: 10.0
    drive_on_heading:
      plugin: navigo_behaviors/DriveOnHeading
    footprint_topic: /navigo/lcc/cmn/vis/published_footprint
    global_frame: odom
    max_rotational_vel: 1.2
    min_rotational_vel: 0.4
    odom_topic: /odom/current_pose
    robot_base_frame: base_link
    rotational_acc_lim: 3.2
    simulate_ahead_time: 2.0
    spin:
      plugin: navigo_behaviors/Spin
    track_unknown_space: false
    transform_tolerance: 0.1
    use_sim_time: false
    wait:
      plugin: navigo_behaviors/Wait


======== ★ 5.3　行為樹 XML（nav2 的決策流程） ========
/opt/robot/robot_nav/install/navigo_bt_navigator/share/navigo_bt_navigator/behavior_trees/navigate_to_uwb_target.xml
/opt/robot/robot_nav/install/navigo_bt_navigator/share/navigo_bt_navigator/behavior_trees/navigate_to_target.xml
/opt/robot/robot_nav/install/navigo_bt_navigator/share/navigo_bt_navigator/behavior_trees/navigate_to_uwb_target_unused.xml
/opt/robot/robot_nav/install/navigo_bt_navigator/share/navigo_bt_navigator/behavior_trees/navigate_through_poses_to_target_without_replan.xml
/opt/robot/robot_nav/install/navigo_bt_navigator/share/navigo_bt_navigator/behavior_trees/navigate_through_poses_to_target_3d.xml
/opt/robot/robot_nav/install/navigo_bt_navigator/share/navigo_bt_navigator/behavior_trees/navigate_to_target_w_obs.xml
/opt/robot/robot_nav/install/navigo_bt_navigator/share/navigo_bt_navigator/behavior_trees/navigate_through_poses_to_target.xml
/opt/robot/robot_nav/install/navigo_bt_navigator/share/navigo_bt_navigator/behavior_trees/navigate_through_unknown_env.xml
/opt/robot/robot_nav/install/navigo_bt_navigator/share/navigo_bt_navigator/behavior_trees/explore_through_frontiers.xml
/opt/robot/robot_nav/install/navigo_bt_navigator/share/navigo_bt_navigator/behavior_trees/navigate_through_reference_path_without_replan.xml
/opt/robot/robot_nav/install/navigo_bt_navigator/share/navigo_bt_navigator/package.xml
/opt/robot/robot_nav/install/navigo_behaviors/share/navigo_behaviors/package.xml
/opt/robot/robot_nav/install/navigo_behaviors/share/navigo_behaviors/behavior_plugin.xml
/opt/robot/robot_nav/install/navigo_behavior_tree/share/navigo_behavior_tree/package.xml
/opt/robot/robot_nav/install/navigo_behavior_tree/share/navigo_behavior_tree/navigo_tree_nodes.xml
/opt/ros/humble/share/behaviortree_cpp_v3/package.xml
/opt/ros/humble/share/nav2_bt_navigator/behavior_trees/navigate_w_replanning_only_if_path_becomes_invalid.xml
/opt/ros/humble/share/nav2_bt_navigator/behavior_trees/follow_point.xml
/opt/ros/humble/share/nav2_bt_navigator/behavior_trees/navigate_to_pose_w_replanning_goal_patience_and_recovery.xml
/opt/ros/humble/share/nav2_bt_navigator/behavior_trees/navigate_to_pose_w_replanning_and_recovery.xml
-- 廠商自己的 BT（非 nav2 內建）--
@@FILE /opt/robot/robot_nav/install/navigo_bt_navigator/share/navigo_bt_navigator/behavior_trees/navigate_to_uwb_target.xml
<?xml version="1.0"?>
<root main_tree_to_execute="MainTree">
    <!-- ////////// -->
    <BehaviorTree ID="MainTree">
        <Control ID="PipelineSequence" name="NavigateWithReplanning">
            <Action ID="EvaluateGoal" evaluated_goal="{evaluated_goal}" goal_predicted_path="{goal_predicted_path}" input_goal="{goal}" is_target_lost="{is_target_lost}" max_update_interval="0.5" name="EvaluateUWBTarget" predicted_goal="{predicted_goal}" prediction_duration="1.0" prediction_time_step="0.05" target_lost_duration="{target_lost_duration}"/>
            <Decorator ID="RateController" hz="2.0">
                <Fallback name="ComputePath">
                    <Inverter name="IsGoalNotUpdated?">
                        <Condition ID="GlobalUpdatedGoal" angle_tolerance="0.087" any="true" dist_tolerance="0.2" goal="{evaluated_goal}" name="IsGoalUpdated?"/>
                    </Inverter>
                    <Control ID="RecoveryNode" name="ComputePathRecovery" number_of_retries="6666">
                        <Action ID="ComputePathToPose" frontend_id="" function_id="TrackingUWB" goal="{evaluated_goal}" goal_predicted_path="" path="{path}" planner_id="GridBasedSL" server_name="compute_path_to_pose" server_timeout="{server_timeout}" start="" track_unknown_space="true" use_global_costmap="false" use_goal_predicted_path="false" use_local_costmap="true" use_start="false"/>
                        <Fallback name="ComputePathRecovery">
                            <AlwaysSuccess name="ComputePathRecoveryAlwaysSuccess"/>
                            <Action ID="ClearEntireCostmap" name="ClearLocalCostmap-Context" server_timeout="{server_timeout}" service_name="local_costmap/clear_entirely_local_costmap"/>
                        </Fallback>
                    </Control>
                </Fallback>
            </Decorator>
            <Action ID="PublishDebugMsgs" candidate_local_paths="" function_id="TrackingUWB" global_path="" goal="{goal}" goals="" local_path="{path}"/>
            <Action ID="ComputeGoalDistance" distance_error="{distance_to_goal}" goal="{goal}" heading_error="{heading_to_goal}" name="ComputeUWBTargetDistance"/>
            <KeepRunningUntilFailure>
                <ReactiveFallback name="LocalControl">
                    <ReactiveSequence name="RotateToGoal">
                        <Condition ID="DoubleLessThanCondition" name="IsCloseToGoal?" threshold="2.0" value="{distance_to_goal}"/>
                        <Action ID="FollowPath" controller_id="FollowPathPID" desired_angular_vel_z="{desired_angular_vel_z}" desired_linear_vel_x="0.0" desired_linear_vel_y="0.0" function_id="TrackingUWB" goal="{evaluated_goal}" goal_checker_id="" kinematics_model="" lookahead_time="0.0" name="RotateToGoal" path="{path}" server_name="follow_path" server_timeout="{server_timeout}" use_goal="true" xy_goal_tolerance="5.0" yaw_goal_tolerance="{yaw_goal_tolerance}"/>
                    </ReactiveSequence>
                    <Action ID="FollowPath" controller_id="{default_controller_id}" desired_angular_vel_z="{desired_angular_vel_z}" desired_linear_vel_x="{desired_linear_vel_x}" desired_linear_vel_y="0.0" function_id="TrackingUWB" goal="{evaluated_goal}" goal_checker_id="" kinematics_model="ackermann" lookahead_time="1.5" path="{path}" server_name="follow_path" server_timeout="{server_timeout}" use_goal="true" xy_goal_tolerance="0.25" yaw_goal_tolerance="3.14"/>
                </ReactiveFallback>
            </KeepRunningUntilFailure>
        </Control>
    </BehaviorTree>
    <!-- ////////// -->
    <TreeNodesModel>
        <SubTree ID="AssistRelocalization">
            <input_port default="true" name="__shared_blackboard">If false (default), the Subtree has an isolated                blackboard and needs port remapping            </input_port>
        </SubTree>
        <Action ID="AssistedTeleop">
            <input_port name="is_recovery">If true recovery count will be incremented</input_port>
            <input_port name="server_name">Service name</input_port>
            <input_port name="server_timeout">Server timeout</input_port>
            <input_port name="time_allowance">Allowed time for spinning</input_port>
        </Action>
        <Action ID="BackUp">
            <input_port name="backup_dist">Distance to backup</input_port>
            <input_port name="backup_speed">Speed at which to backup</input_port>
            <input_port name="check_collision">Whether to check collision</input_port>
            <input_port name="server_name">Server name</input_port>
            <input_port name="server_timeout">Server timeout</input_port>
            <input_port name="time_allowance">Allowed time for reversing</input_port>
        </Action>
        <Condition ID="BoolEqualToCondition">
            <input_port name="threshold">Threshold</input_port>
            <input_port name="value">Value</input_port>
        </Condition>
        <Action ID="CancelAssistedTeleop">
            <input_port name="server_name">Server name to cancel the assisted teleop behavior</input_port>
            <input_port name="server_timeout">Server timeout</input_port>
        </Action>
        <Action ID="CancelBackUp">
            <input_port name="server_name">Server name to cancel the backup behavior</input_port>
            <input_port name="server_timeout">Server timeout</input_port>
        </Action>
        <Action ID="CancelControl">
            <input_port name="server_name">Server name to cancel the controller server</input_port>
            <input_port name="server_timeout">Server timeout</input_port>
        </Action>
        <Action ID="CancelDriveOnHeading">
            <input_port name="server_name">Service name to cancel the drive on heading behavior</input_port>
            <input_port name="server_timeout">Server timeout</input_port>
        </Action>
        <Action ID="CancelFollowPath">
            <input_port name="server_name">Server name to cancel the controller server</input_port>
            <input_port name="server_timeout">Server timeout</input_port>
        </Action>
        <Action ID="CancelSpin">
            <input_port name="server_name">Server name to cancel the spin behavior</input_port>
            <input_port name="server_timeout">Server timeout</input_port>
        </Action>
@@FILE /opt/robot/robot_nav/install/navigo_bt_navigator/share/navigo_bt_navigator/behavior_trees/navigate_to_target.xml
<?xml version="1.0"?>
<root main_tree_to_execute="MainTree">
    <!-- ////////// -->
    <BehaviorTree ID="MainTree">
        <ReactiveSequence name="NavigateWithReplanning">
            <Action ID="EvaluateGoal" evaluated_goal="{evaluated_goal}" goal_predicted_path="{goal_predicted_path}" input_goal="{goal}" is_target_lost="{is_target_lost}" max_update_interval="0.5" name="EvaluatePerceptionTarget" predicted_goal="{predicted_goal}" prediction_duration="1.0" prediction_time_step="0.05" target_lost_duration="{target_lost_duration}"/>
            <ReactiveFallback name="Navigate">
                <ReactiveSequence name="Searching">
                    <Condition ID="BoolEqualToCondition" name="IsTargetLost?" threshold="true" value="{is_target_lost}"/>
                    <Control ID="PipelineSequence" name="Searching">
                        <Action ID="ComputeSpinDistance" goal="{evaluated_goal}" spin_distance="{spin_distance}"/>
                        <Action ID="Spin" name="SpinSearching" server_name="spin" server_timeout="{server_timeout}" spin_dist="{spin_distance}" time_allowance="10.0"/>
                        <KeepRunningUntilFailure name="IsTargetLostDurationWithinTolerance?">
                            <Condition ID="DoubleLessThanCondition" name="IsTargetLostDurationWithinTolerance?" threshold="10.0" value="{target_lost_duration}"/>
                        </KeepRunningUntilFailure>
                    </Control>
                </ReactiveSequence>
                <ReactiveSequence name="Tracking">
                    <Condition ID="BoolEqualToCondition" name="IsTargetNotLost?" threshold="false" value="{is_target_lost}"/>
                    <Control ID="PipelineSequence" name="Tracking">
                        <Decorator ID="RateController" hz="5.0">
                            <Fallback name="UpdatePlanningGoal">
                                <Sequence name="IsReplanNotNecessary?">
                                    <Inverter name="IsGoalNotUpdated?">
                                        <Condition ID="GlobalUpdatedGoal" angle_tolerance="-1.0" any="false" dist_tolerance="0.2" goal="{evaluated_goal}" name="IsGoalUpdated?"/>
                                    </Inverter>
                                    <Condition ID="IsTargetInFov" fov_tolerance_far="0.78" fov_tolerance_near="0.26" name="IsTargetInFov?" server_timeout="{server_timeout}"/>
                                </Sequence>
                                <Sequence name="ComputePathToPose">
                                    <SetBlackboard name="SetPlanningGoal" output_key="planning_goal" value="{evaluated_goal}"/>
                                    <Action ID="ComputePathToPose" frontend_id="Polynomial" function_id="Tracking" goal="{planning_goal}" goal_predicted_path="{goal_predicted_path}" path="{planned_path}" planner_id="GridBasedST" server_name="compute_path_to_pose" server_timeout="{server_timeout}" start="" track_unknown_space="true" use_global_costmap="false" use_goal_predicted_path="true" use_local_costmap="false" use_start="false"/>
                                    <Action ID="TruncatePathToGoal" distance_to_goal="0.5" input_goal="{planning_goal}" input_path="{planned_path}" output_goal="{truncated_goal}" output_path="{truncated_path}"/>
                                    <Action ID="UpdatePath" input_path="{truncated_path}" output_path="{path}"/>
                                </Sequence>
                            </Fallback>
                        </Decorator>
                        <Action ID="PublishDebugMsgs" candidate_local_paths="" function_id="Tracking" global_path="" goal="{goal}" goals="" local_path="{path}" name="PublishTrackingDebugMsgs"/>
                        <Action ID="FollowPath" controller_id="FollowPathPP" desired_angular_vel_z="{desired_angular_vel_z}" desired_linear_vel_x="{desired_linear_vel_x}" desired_linear_vel_y="{desired_linear_vel_y}" function_id="Tracking" goal="{truncated_goal}" goal_checker_id="" kinematics_model="ackermann" lookahead_time="1.5" path="{path}" server_name="follow_path" server_timeout="{server_timeout}" use_goal="true" xy_goal_tolerance="0.25" yaw_goal_tolerance="0.25"/>
                    </Control>
                </ReactiveSequence>
            </ReactiveFallback>
        </ReactiveSequence>
    </BehaviorTree>
    <!-- ////////// -->
    <TreeNodesModel>
        <SubTree ID="AssistRelocalization">
            <input_port default="true" name="__shared_blackboard">If false (default), the Subtree has an isolated                blackboard and needs port remapping            </input_port>
        </SubTree>
        <Action ID="AssistedTeleop">
            <input_port name="is_recovery">If true recovery count will be incremented</input_port>
            <input_port name="server_name">Service name</input_port>
            <input_port name="server_timeout">Server timeout</input_port>
            <input_port name="time_allowance">Allowed time for spinning</input_port>
        </Action>
        <Action ID="BackUp">
            <input_port name="backup_dist">Distance to backup</input_port>
            <input_port name="backup_speed">Speed at which to backup</input_port>
            <input_port name="check_collision">Whether to check collision</input_port>
            <input_port name="server_name">Server name</input_port>
            <input_port name="server_timeout">Server timeout</input_port>
            <input_port name="time_allowance">Allowed time for reversing</input_port>
        </Action>
        <Condition ID="BoolEqualToCondition">
            <input_port name="threshold">Threshold</input_port>
            <input_port name="value">Value</input_port>
        </Condition>
        <Action ID="CancelAssistedTeleop">
            <input_port name="server_name">Server name to cancel the assisted teleop behavior</input_port>
            <input_port name="server_timeout">Server timeout</input_port>
        </Action>
        <Action ID="CancelBackUp">
            <input_port name="server_name">Server name to cancel the backup behavior</input_port>
            <input_port name="server_timeout">Server timeout</input_port>
        </Action>
        <Action ID="CancelControl">
            <input_port name="server_name">Server name to cancel the controller server</input_port>
            <input_port name="server_timeout">Server timeout</input_port>
        </Action>
        <Action ID="CancelDriveOnHeading">
            <input_port name="server_name">Service name to cancel the drive on heading behavior</input_port>
@@FILE /opt/robot/robot_nav/install/navigo_bt_navigator/share/navigo_bt_navigator/behavior_trees/navigate_to_uwb_target_unused.xml
<root main_tree_to_execute="MainTree">
    <BehaviorTree ID="MainTree">
        <PipelineSequence name="NavigateWithReplanning">
            <ProgressCheck/>
            <ReactiveFallback name="CancelAction">
                <Sequence>
                    <Sequence>
                        <DoubleGreaterThanCondition value="{straight_distance_remaining}"
                                                    threshold="{uwb_nav_mode_switch_lower_threshold}"/>
                        <DoubleLessThanCondition value="{straight_distance_remaining}"
                                                 threshold="{uwb_nav_mode_switch_upper_threshold}"/>
                    </Sequence>
                    <Fallback>
                        <Inverter>
                            <GlobalUpdatedGoal goal="{goal}" dist_tolerance="-1" angle_tolerance="0.09"/>
                        </Inverter>
                        <CancelSpin/>
                    </Fallback>
                    <CancelFollowPath/>
                </Sequence>
                <Sequence>
                    <Fallback>
                        <DoubleGreaterThanOrEqualToCondition value="{straight_distance_remaining}"
                                                             threshold="{uwb_nav_mode_switch_upper_threshold}"/>
                        <DoubleLessThanOrEqualToCondition value="{straight_distance_remaining}"
                                                          threshold="{uwb_nav_mode_switch_lower_threshold}"/>
                    </Fallback>
                    <CancelSpin/>
                </Sequence>
            </ReactiveFallback>
            <RateController hz="1.0">
                <Fallback>
                    <Inverter>
                        <Sequence>
                            <Fallback>
                                <DoubleGreaterThanOrEqualToCondition value="{straight_distance_remaining}"
                                                                     threshold="{uwb_nav_mode_switch_upper_threshold}"/>
                                <DoubleLessThanOrEqualToCondition value="{straight_distance_remaining}"
                                                                  threshold="{uwb_nav_mode_switch_lower_threshold}"/>
                            </Fallback>
                            <GlobalUpdatedGoal goal="{goal}" dist_tolerance="0.15" angle_tolerance="-1"/>
                        </Sequence>
                    </Inverter>
                    <Sequence>
                        <ComputeUwbGoal input_goal="{goal}" uwb_goal="{uwb_goal}"/>
                        <ComputePathToPose goal="{uwb_goal}" path="{path}" planner_id="GridBasedSL"
                                           function_id="TrackingUWB"/>
                    </Sequence>
                </Fallback>
            </RateController>
            <ReactiveFallback name="TakeAction">
                <Sequence>
                    <Fallback>
                        <DoubleGreaterThanOrEqualToCondition value="{straight_distance_remaining}"
                                                             threshold="{uwb_nav_mode_switch_upper_threshold}"/>
                        <DoubleLessThanOrEqualToCondition value="{straight_distance_remaining}"
                                                          threshold="{uwb_nav_mode_switch_lower_threshold}"/>
                    </Fallback>
                    <FollowPath goal="{uwb_goal}" path="{path}" controller_id="FollowPathPP" function_id="TrackingUWB"/>
                </Sequence>
                <Sequence>
                    <Sequence>
                        <DoubleLessThanCondition value="{straight_distance_remaining}"
                                                 threshold="{uwb_nav_mode_switch_upper_threshold}"/>
                        <DoubleGreaterThanCondition value="{straight_distance_remaining}"
                                                    threshold="{uwb_nav_mode_switch_lower_threshold}"/>
                    </Sequence>
                    <Spin spin_dist="{heading_distance_remaining}"/>
                </Sequence>
            </ReactiveFallback>
        </PipelineSequence>
    </BehaviorTree>
</root>@@FILE /opt/robot/robot_nav/install/navigo_bt_navigator/share/navigo_bt_navigator/behavior_trees/navigate_through_poses_to_target_without_replan.xml
<?xml version="1.0"?>
<root main_tree_to_execute="MainTree">
    <!-- ////////// -->
    <BehaviorTree ID="MainTree">
        <SequenceStar name="Navigation">
            <Sequence name="GlobalPlanning">
                <Action ID="SelectFrontendIDs" distance_threshold="0.0" frontend_ids="{frontend_ids}" goals="{original_key_poses}" heading_threshold="0.0"/>
                <Action ID="ComputePathThroughPoses" frontend_id="Quadtree" function_id="Patrol" goals="{original_key_poses}" name="ComputeReferencePaths" path="{original_reference_path}" paths="{original_reference_paths}" planner_id="GridBasedST" reference_path="" server_name="compute_path_through_poses" server_timeout="{server_timeout}" start="" track_unknown_space="false" use_global_costmap="true" use_local_costmap="true" use_reference_path="false" use_rotation="true" use_start="false"/>
                <Action ID="SeparatePaths" input_key_poses="{original_key_poses}" input_paths="{original_reference_paths}" max_separation_dist="5.0" min_separation_dist="3.0" output_key_poses="{separated_key_poses}" output_paths="{separated_reference_paths}" window_size="1.0" yaw_threshold="1.0"/>
                <Action ID="OptimizePath" key_poses="{separated_key_poses}" optimized_key_poses="{optimized_key_poses}" optimized_paths="{optimized_reference_paths}" paths="{separated_reference_paths}" server_timeout="{server_timeout}" service_name="get_optimized_path" smooth_method="PP"/>
                <Action ID="TruncatePaths" input_key_poses="{optimized_key_poses}" input_paths="{optimized_reference_paths}" output_key_poses="{goals}" output_paths="{reference_paths}"/>
                <Sequence name="PostSetup">
                    <SetBlackboard name="SetUseReferencePath" output_key="use_reference_path" value="true"/>
                    <SetBlackboard name="SetFirstTime" output_key="first_time" value="true"/>
                    <SetBlackboard name="SetIsFinalGoal" output_key="is_final_goal" value="false"/>
                </Sequence>
            </Sequence>
            <Control ID="PipelineSequence" name="Navigation">
                <Sequence name="UpdateGoalsAndReferencePaths">
                    <Action ID="RemovePassedGoals" current_goal="{goal}" current_goals="{current_goals}" current_path="{raw_path}" current_reference_path="{reference_path}" final_goal="{final_goal}" input_first_time="{first_time}" input_goal_reached="{goal_reached}" input_goals="{goals}" input_reference_paths="{reference_paths}" last_reference_path="{last_reference_path}" next_reference_path="{next_reference_path}" output_first_time="{first_time}" output_goal_reached="{goal_reached}" output_goals="{goals}" output_reference_paths="{reference_paths}" radius="1.5" use_reference_path="{use_reference_path}"/>
                    <Fallback name="StitcherReferencePath">
                        <Inverter name="IsGoalNotUpdated?">
                            <Condition ID="GlobalUpdatedGoal" angle_tolerance="-1.0" dist_tolerance="0.3" goal="{goal}" name="IsGoalUpdated?"/>
                        </Inverter>
                        <Action ID="StitchPath" backward_distance="2.0" forward_distance="2.0" name="StitchReferencePath" path_backwards="{last_reference_path}" path_forwards="{next_reference_path}" path_to_stitch="{reference_path}" stitched_path="{stitched_reference_path}"/>
                    </Fallback>
                </Sequence>
                <Action ID="PublishDebugMsgs" function_id="Patrol" goal="{goal}" goals="{goals}" path="{stitched_reference_path}" paths="{reference_paths}"/>
                <Action ID="FollowPath" controller_id="FollowPathLocalPlanner" desired_angular_vel_z="{desired_angular_vel_z}" desired_linear_vel_x="{desired_linear_vel_x}" desired_linear_vel_y="0.0" function_id="Patrol" goal="{goal}" goal_checker_id="" kinematics_model="ackermann" lookahead_time="1.5" name="RegularFollowPath" path="{stitched_reference_path}" server_name="follow_path" server_timeout="{server_timeout}" use_goal="true" xy_goal_tolerance="{xy_goal_tolerance}" yaw_goal_tolerance="{yaw_goal_tolerance}"/>
            </Control>
        </SequenceStar>
    </BehaviorTree>
    <!-- ////////// -->
    <TreeNodesModel>
        <SubTree ID="AssistRelocalization">
            <input_port default="true" name="__shared_blackboard">If false (default), the Subtree has an isolated                blackboard and needs port remapping            </input_port>
        </SubTree>
        <Action ID="AssistedTeleop">
            <input_port name="is_recovery">If true recovery count will be incremented</input_port>
            <input_port name="server_name">Service name</input_port>
            <input_port name="server_timeout">Server timeout</input_port>
            <input_port name="time_allowance">Allowed time for spinning</input_port>
        </Action>
        <Action ID="BackUp">
            <input_port name="backup_dist">Distance to backup</input_port>
            <input_port name="backup_speed">Speed at which to backup</input_port>
            <input_port name="check_collision">Whether to check collision</input_port>
            <input_port name="server_name">Server name</input_port>
            <input_port name="server_timeout">Server timeout</input_port>
            <input_port name="time_allowance">Allowed time for reversing</input_port>
        </Action>
        <Condition ID="BoolEqualToCondition">
            <input_port name="threshold">Threshold</input_port>
            <input_port name="value">Value</input_port>
        </Condition>
        <Action ID="CancelAssistedTeleop">
            <input_port name="server_name">Server name to cancel the assisted teleop behavior</input_port>
            <input_port name="server_timeout">Server timeout</input_port>
        </Action>
        <Action ID="CancelBackUp">
            <input_port name="server_name">Server name to cancel the backup behavior</input_port>
            <input_port name="server_timeout">Server timeout</input_port>
        </Action>
        <Action ID="CancelControl">
            <input_port name="server_name">Server name to cancel the controller server</input_port>
            <input_port name="server_timeout">Server timeout</input_port>
        </Action>
        <Action ID="CancelDriveOnHeading">
            <input_port name="server_name">Service name to cancel the drive on heading behavior</input_port>
            <input_port name="server_timeout">Server timeout</input_port>
        </Action>
        <Action ID="CancelFollowPath">
            <input_port name="server_name">Server name to cancel the controller server</input_port>
            <input_port name="server_timeout">Server timeout</input_port>
        </Action>
        <Action ID="CancelSpin">
            <input_port name="server_name">Server name to cancel the spin behavior</input_port>
            <input_port name="server_timeout">Server timeout</input_port>
        </Action>
        <Action ID="CancelWait">
@@FILE /opt/robot/robot_nav/install/navigo_bt_navigator/share/navigo_bt_navigator/behavior_trees/navigate_through_poses_to_target_3d.xml
<?xml version="1.0"?>
<root main_tree_to_execute="MainTree">
    <!-- ////////// -->
    <BehaviorTree ID="MainTree">
        <Control ID="PipelineSequence" name="Navigation">
            <Fallback name="ComputePath">
                <Sequence name="IsReplanUnnecessary?">
                    <Inverter name="IsGoalsNotUpdated?">
                        <Condition ID="GlobalUpdatedGoals" angle_tolerance="0.0" any="true" dist_tolerance="0.0" goals="{original_key_poses}" name="IsGoalsUpdated?"/>
                    </Inverter>
                </Sequence>
                <Action ID="ComputePathThroughPoses" frontend_id="TopoMap3D" function_id="Patrol3D" goals="{original_key_poses}" name="ComputePath" path="{path}" paths="{paths}" planner_id="ThreeDimTopoBased" reference_path="" server_name="compute_path_through_poses" server_timeout="{server_timeout}" start="" track_unknown_space="false" use_global_costmap="false" use_local_costmap="false" use_reference_path="false" use_rotation="false" use_start="false"/>
            </Fallback>
            <Action ID="PublishDebugMsgs" candidate_local_paths="" function_id="Patrol3D" global_path="{paths}" goal="" goals="{goals}" local_path=""/>
            <Action ID="FollowPath" controller_id="{default_controller_id}" desired_angular_vel_z="{desired_angular_vel_z}" desired_linear_vel_x="{desired_linear_vel_x}" desired_linear_vel_y="0.0" function_id="Patrol3D" goal="" goal_checker_id="" kinematics_model="ackermann" lookahead_time="1.0" path="{path}" server_name="follow_path" server_timeout="{server_timeout}" use_goal="false" xy_goal_tolerance="0.1" yaw_goal_tolerance="0.25"/>
        </Control>
    </BehaviorTree>
    <!-- ////////// -->
    <TreeNodesModel>
        <SubTree ID="AssistRelocalization">
            <input_port default="true" name="__shared_blackboard">If false (default), the Subtree has an isolated                blackboard and needs port remapping            </input_port>
        </SubTree>
        <Action ID="AssistedTeleop">
            <input_port name="is_recovery">If true recovery count will be incremented</input_port>
            <input_port name="server_name">Service name</input_port>
            <input_port name="server_timeout">Server timeout</input_port>
            <input_port name="time_allowance">Allowed time for spinning</input_port>
        </Action>
        <Action ID="BackUp">
            <input_port name="backup_dist">Distance to backup</input_port>
            <input_port name="backup_speed">Speed at which to backup</input_port>
            <input_port name="check_collision">Whether to check collision</input_port>
            <input_port name="server_name">Server name</input_port>
            <input_port name="server_timeout">Server timeout</input_port>
            <input_port name="time_allowance">Allowed time for reversing</input_port>
        </Action>
        <Condition ID="BoolEqualToCondition">
            <input_port name="threshold">Threshold</input_port>
            <input_port name="value">Value</input_port>
        </Condition>
        <Action ID="CancelAssistedTeleop">
            <input_port name="server_name">Server name to cancel the assisted teleop behavior</input_port>
            <input_port name="server_timeout">Server timeout</input_port>
        </Action>
        <Action ID="CancelBackUp">
            <input_port name="server_name">Server name to cancel the backup behavior</input_port>
            <input_port name="server_timeout">Server timeout</input_port>
        </Action>
        <Action ID="CancelControl">
            <input_port name="server_name">Server name to cancel the controller server</input_port>
            <input_port name="server_timeout">Server timeout</input_port>
        </Action>
        <Action ID="CancelDriveOnHeading">
            <input_port name="server_name">Service name to cancel the drive on heading behavior</input_port>
            <input_port name="server_timeout">Server timeout</input_port>
        </Action>
        <Action ID="CancelFollowPath">
            <input_port name="server_name">Server name to cancel the controller server</input_port>
            <input_port name="server_timeout">Server timeout</input_port>
        </Action>
        <Action ID="CancelSpin">
            <input_port name="server_name">Server name to cancel the spin behavior</input_port>
            <input_port name="server_timeout">Server timeout</input_port>
        </Action>
        <Action ID="CancelWait">
            <input_port name="server_name">Server name to cancel the wait behavior</input_port>
            <input_port name="server_timeout">Server timeout</input_port>
        </Action>
        <SubTree ID="CheckReachGoal">
            <input_port default="true" name="__shared_blackboard">If false (default), the Subtree has an isolated                blackboard and needs port remapping            </input_port>
        </SubTree>
        <Action ID="ClearCostmapAroundRobot">
            <input_port name="reset_distance">Distance from the robot under which obstacles are cleared</input_port>
            <input_port name="server_timeout">Server timeout</input_port>
            <input_port name="service_name">Service name</input_port>
        </Action>
        <Action ID="ClearCostmapExceptRegion">
            <input_port name="reset_distance">Distance from the robot above which obstacles are cleared</input_port>
            <input_port name="server_timeout">Server timeout</input_port>
            <input_port name="service_name">Service name</input_port>

======== ★★★ 5.1／5.2　SLAM 與定位的設定檔 ========
@@FILE /opt/robot/robot_version_manager/robot-slam/version.yaml
name: robot-slam
version: 0.4.6-r3
last_commit_id: 2f2b112445a9361ff1ab1069b0041089717d59ef
last_commit_author: robot
last_commit_time: 2026-02-28 13:28:56 +08:00
last_commit_info: |
  update toml
release_info: |
  1、优化部分容器的初始化方式，避免多次创建和销毁的开销
  2、解决gtsam的贝叶斯树崩溃问题
  3、更新算法clear顺序
   …(截斷 400 行)
@@FILE /opt/robot/robot_version_manager/navigation/version.yaml
version: 0.6.5
last_commit_id: e99ce5ad943dc39b5ee8d7cd080c9d55abdfd867
last_commit_time: 2026-01-29 14:45:41 +08:00
last_commit_info: |
  ci: update 0.6.5 release info
release_info: |
  1. 3D自主导航测试版本
  2. UWB跟随测试版本
  3. 新增LocalPlanner多级轨迹束生成策略；新增LocalPlanner后退脱困算法；新增裁剪局部轨迹；优化LocalPlanner控制器footprint碰撞检测
  4. 更新紧急避障检测框大小；上线选择性速度过滤策略；过滤机器人内部噪点
  5. 新增统一的导航控制指令；原有速度控制接口保留；导航结束时发布STANDBY运控指令
  6. 局部规划使用HybridQuadtreeKino组合规划器；降低HybridQuadtreeKino内部重规划次数，由3*2降到1*2次
  7. 重构PlannerServer参数配置，重构KinoSearcher规划器；KinoSearcher内部新增根据引导线距离选取不同参数生成多样化探索节点策略
   …(截斷 400 行)
@@FILE /opt/robot/robot_version_manager/robot-localization/version.yaml
name: robot-localization
version: 0.5.2-r8
last_commit_id: bcba6864afced5995bfbd31ef34039259df95a56
last_commit_author: robot
last_commit_time: 2026-02-03 11:46:55 +08:00
last_commit_info: Update Jszr.toml
release_info: |
  1. 优化地图加载服务,对比地图路径名称
  2. 增加视觉词袋从ros服务读取地图路径，增加路径打印，路径日志使用红色
  3. 切换相同地图时增加定位状态判断
  4. 修改定位超时时间为240s,定位超时后,状态为Error且不进行继续定位
  5. 优化视觉词袋地图加载逻辑，缩短加载时间
  6. 优化视觉词袋voc加载逻辑,缩短加载时间
  7. 增加动态遍历点云关键帧数量
  8. 修改视觉词袋地图文件格式为二进制文件
  9. 根据传感器信号映射关系修改为新topic名称
  10.增加开启rtk初始化功能，读取建图rtk.txt中anchor信息
  11.xg增加融合realsense,发布去畸变后的融合点云和位姿
  12.(r3-debug, only for debug)add log for debug test cannot receive sensor data
  13.删除r3-debug日志,修复加载rtk的anchor文件
  14.增加通过环境变量CALIBRATION_FILE_PATH获取标定文件,增加resources路径存放voc文件,修改rtk初始化yaw遍历是步长为30度
  15.增加rtk退化观测功能(默认不开启),修复定位初始化期间定位里程计置信度发布问题
  16.修改zg滤波参数,增加realsense订阅开关
   …(截斷 400 行)
@@FILE /opt/robot/perception/install/perception/config/perception/obstacle_detection/fusion_lidar_cam_odom_app.yaml
delay_time_ms: 20
ground_label_list: [2]
obstacle_label_list: [1, 3, 4, 5]
used_generate_point_from_seg: false
generate_point_from_seg_extension_point_num: 10
generate_point_from_seg_max_distance: 20.0
generate_point_from_seg_min_distance: 8.0
msg_names_config: perception_job/message_names.yaml
soft_threshold_k: 0.4
soft_threshold_end_rad: 8.0
soft_threshold_start_rad: 0.3
soft_threshold_end_height: 0.35
soft_threshold_start_height: 0.15
obstacle_point_min_height: -0.5
filter_obs_outliers: false   …(截斷 400 行)
@@FILE /opt/robot/robot_localization/install/localization/share/localization/config/localization_params_fastlio.yaml
localization_type: "FASTLIO_LOC"  # 可选值：RTK_IO(RTK定位), LIO_UKF（点云地图定位）, RTK_IO_LIO（Faster-lio里程计）, FASTLIO（Fastlio2定位）, ODOM
frequency: 0.1  # 频率，单位：秒
calibration_file_path: "/ota/calibration_results.yaml"  # 标定文件路径，可选，如果不提供则使用默认值 /ota/calibration_results.yaml
enable_ota_calibration: true  # 是否启用OTA标定覆盖

# 通用参数
fastlio2_general_options:
  is_use_imu_: true
  is_use_odom_: false
  is_use_gnss_: false
  send_tf_transforms_: false
  send_aligned_cloud_: true         # /aligned_points 下采样点云
  send_body_points_cloud_: false    # /body_points 未下采样机体系点云
  send_global_map_cloud_: true      # /global_map_points 地图点云
  enable_path_publish_: true
  enable_txt_poses_: true  # TXT位姿初始化相关配置
  txt_poses_file_path_: "/opt/robot/robot_localization/install/localization/share/localization/config/fixed_poses/example_poses.txt"  # TXT位姿文件绝对路径
  num_max_iterations_: 3            # ESKF最大迭代次数   # NX 3 # 3588 1
  enable_timing_log_: false         # 是否打印本帧耗时 
  enable_quality_log_: true         # 是否打印匹配质量（inlier、res_mean等）
  enable_openmp_: true            # 是否启用OpenMP多线程
  openmp_thread_count_: 3           # OpenMP线程数量，0表示使用系统默认值
  enable_global_timeout_: true
  global_init_timeout_sec_: 300.0
  static_init_timeout_sec_: 30.0
  dynamic_init_timeout_sec_: 240.0

fastlio2_realsense_options: 
  enable_fusion_: false   # false，关闭融合

# GNSS 初始化参数（与 GnssInitializer 对应的新分组）
fastlio2_gnss_init_options:
  enable_gnss_init: true         # 启用GNSS初始化
  gnss_fresh_time_sec: 1.0       # 数据新鲜度阈值(秒)
  gnss_std_threshold: 10.0       # 水平精度阈值(米)
  gnss_max_attempts: 100         # 最大尝试次数
  gnss_timeout_sec: 60.0         # 超时时间(秒)
  skip_enabled: true             # 是否启用跳帧
  skip_interval: 1              # 跳帧间隔（1表示每帧都处理）
  yaw_traversal_enabled: true    # 启用yaw遍历
  yaw_step_deg: 30.0             # 遍历步长(度)  20.0, 30.0
  yaw_min_deg: -180.0            # 最小yaw(度)
  yaw_max_deg: 180.0             # 最大yaw(度)
  max_yaw_rounds: 5              # 最大遍历轮次
  anchor_lat_deg: 39.944275963   # 地图原点(度)   39.894310063
  anchor_lon_deg: 116.275044356  # 116.290182563
  anchor_h_m: 54.074776232            # 42.6222
  enable_load_from_txt: true
  heading_flag: 1                # GNSS天线安装方向：1=正常安装（heading=0代表车头朝北），0=反向安装（heading=0代表车头朝南）
  enable_heading_fallback_to_traversal: true          
  heading_attempts_before_fallback: 5          # heading尝试10次后切换
  traversal_attempts_after_fallback: 20    
  heading_std_threshold_deg: 2.4   # GNSS heading 标准差阈值(度)，默认1.8，可调试

# GNSS 观测参数
fastlio2_gnss_observation_options:
  use_simplified_yaw_jacobian: false           # 是否使用简化的yaw雅可比 [0, 0, 1]
  use_gnss_passthrough_mode: false             # GNSS使用模式：true=透传模式（直接覆盖滤波器状态），false=观测模式（作为ESKF观测更新）

# 位姿平滑参数
fastlio2_pose_smoothing_options:
  enable_pose_smoothing_: true  # 是否启用位姿平滑
  smooth_window_size_: 10        # 平滑窗口大小
  
# IMU参数
fastlio2_imu_options:
  imu_init_time_: 3.0
  imu_init_queue_length_: 600
  imu_init_pos_cov_thre_: 0.05
  imu_init_quat_cov_thre_: 0.5
  imu_use_filter_num_: 5
  time_tolerance_ms_: 10.0
  max_sync_attempts_: 3

# 初始位姿参数
fastlio2_init_pose_options:
  is_init_pose_: true
  init_pos_x_: 0.0      # 0.0
  init_pos_y_: 0.0      # 0.0
  init_pos_z_: 0.0      # 0.0
  init_ori_w_: 1.0      # 1.0
  init_ori_x_: 0.0      # 0.0
  init_ori_y_: 0.0      # 0.0
  init_ori_z_: 0.0      # 0.0

# 退化检测参数（持续定位阶段）
fastlio2_degradation_detection_options:
  min_inlier_ratio: 0.60        # 最小内点比例
  min_inlier_count: 150         # 最小内点数量
  max_res_mean: 0.06            # 最大平均残差(m)
  require_converged: true       # 是否要求收敛 
  enter_frames: 3               # 连续坏帧进入退化
  exit_frames: 3                # 连续好帧退出退化

# 精细初始化阶段的质量阈值（初始化阶段）
fastlio2_fine_init_degradation_options:
  enable_fine_init_check: true  # 是否启用精细初始化质量判断
  ok_required_frames: 1         # 连续满足条件的帧数
  max_failure_frames: 10       # 连续失败帧数达到该值则触发重定位
  min_inlier_ratio: 0.50        # 精细初始化最小内点比例
  min_inlier_count: 500         # 精细初始化最小内点数量
  max_res_mean: 0.05            # 精细初始化最大平均残差(m)

# 定位质量评估阈值参数
fastlio2_localization_quality_thresholds_options:
  continuous_fitness_threshold: 0.25    # 持续定位适应度阈值
  continuous_ratio_threshold: 0.50      # 持续定位内点比例阈值
  continuous_count_threshold: 150       # 持续定位内点数量阈值 
  global_fitness_threshold: 0.3         # 全局定位适应度阈值
  global_ratio_threshold: 0.6           # 全局定位内点比例阈值
  global_count_threshold: 100           # 全局定位内点数量阈值

# 点云滤波参数
fastlio2_point_cloud_filter_options:
  globalmap_voxel_size_: 0.2      # 0.2
  cloud_voxel_size_: 0.2         # NX 0.2; 3588 0.4
  globalmap_kdtree_filter_size_1_: 0.18
  globalmap_kdtree_filter_size_2_: 0.20
# ICP参数
fastlio2_icp_options:
  max_iterations: 100
  transformation_epsilon: 1e-6
  first_icp_fitness_threshold: 0.5      # 第一次ICP匹配适应度阈值
  first_icp_ratio_threshold: 0.35       # 第一次ICP匹配内点比例阈值
  second_icp_fitness_threshold: 0.2     # 第二次ICP匹配适应度阈值    # 0.3   # 0.25    # 0.2   # 0.2
  second_icp_ratio_threshold: 0.55       # 第二次ICP匹配内点比例阈值  # 0.4    # 0.45   # 0.5   # 0.55

  # 自动重触发参数
  enable_init_auto_retrigger: true          # 启用精细初始化阶段自动重触发
  enable_continuous_auto_retrigger: true    # 启用持续定位阶段自动重触发
  fine_init_failure_threshold: 50           # 精细初始化连续失败帧数阈值
  continuous_lost_threshold: 100            # 持续定位丢失连续帧数阈值

# IMU到Base变换矩阵 (4x4, 行优先, 16个元素)
fastlio2_imu2base_options:    # imu非水平安装时配置   # Airy Lidar head     # Livox Lidar                  
  imu2base_matrix_: [1.0, 0.0, 0.0, -0.14111, 0.0, 1.0, 0.0, 0.0, 0.0, 0.0, 1.0, -0.13186, 0.0, 0.0, 0.0, 1.0]  # 当前配置

# LiDAR到Base变换矩阵 (4x4, 行优先, 16个元素)
fastlio2_lidar2base_options:
  enable_extrinsic_transform_: true  # 是否启用外参变换（主要用于发布/body_points）
  lidar2base_matrix_: [1.0, 0.0, 0.0, 0.13011, 0.0, 1.0, 0.0, -0.02329, 0.0, 0.0, 1.0, 0.17598, 0.0, 0.0, 0.0, 1.0]  # 当前配置
  # 向下倾斜25度安装: [0.9063, 0.0, 0.4226, 0.0, 0.0, 1.0, 0.0, 0.0, -0.4226, 0.0, 0.9063, 0.0, 0.0, 0.0, 0.0, 1.0]

# LiDAR到IMU变换矩阵 (4x4, 行优先, 16个元素)
fastlio2_lidar2imu_options:
  lidar2imu_matrix_: [1.0, 0.0, 0.0, -0.011, 0.0, 1.0, 0.0, -0.02329, 0.0, 0.0, 1.0, 0.04412, 0.0, 0.0, 0.0, 1.0]  # 当前配置
  # Livox Lidar: [1.0, 0.0, 0.0, -0.011, 0.0, 1.0, 0.0, -0.02329, 0.0, 0.0, 1.0, 0.04412, 0.0, 0.0, 0.0, 1.0]

# 点云预处理参数
lidar_preprocess_options:
  point_sampling_interval: 1  # 点云采样间隔，用于下采样（lidar_preprocess使用）   # NX 1 or 2; 3588 4   Airy 4
  blind_distance: 0.1         # 最小距离阈值
  max_distance: 30.0          # 最大距离阈值
# DBoW 视觉重定位配置
dbow_reloc_options_:
  enable_dbow_reloc_: true
  dbow_confidence_threshold_: 0.15   # 0.15
  min_matching_inlier_threshold_: 20
  camera_sync_tolerance_sec_: 0.1  # 图像时间戳同步容差(秒)
  dbow_frame_skip_: 3              # 每N帧执行1次（1表示每帧都跑）  3
  dbow_min_interval_ms_: 240       # 连续两次执行的最小时间间隔（毫秒）  240
  dbow_force_run_after_skips_: 5   # 连续跳过多少次后强制执行1次   5

  # 路径模式：absolute | relative | dynamic
  path_mode_: "absolute"
  fallback_vocabulary_path_: "/ota/map/map_voc.bin"  # 回退路径，当主路径不存在时使用
  enable_image_resize_: true   # 是否启用图像resize（默认false，不resize）
  image_resize_scale_: 0.5     # resize比例（0.5表示减半，1.0表示不resize）
  enable_image_undistort_: true
  orb_num_features_: 1000
  enable_save_dbow_images_: false   # 是否保存DBoW匹配到的关键帧图像和当前帧图像（调试用）
  dbow_image_save_dir_: "/home/user/Downloads/"   # 图像保存目录（绝对路径）
  enable_geometric_verification_: false
  # 全局定位策略配置
fastlio2_global_localization_strategy_options:
  CONFIG_POSE: 0              # 配置文件位姿策略的位置
  TXT_POSE: 1                 # TXT位姿文件策略的位置
  DBOW: 2                     # DBoW重定位策略的位置
  SCANCONTEXT: 3              # ScanContext匹配策略的位置
  # 各策略的尝试次数限制
  config_pose_attempts: 1     # Config Pose最大尝试次数 1
  txt_pose_rounds: 0          # TXT Pose遍历轮数 1
  dbow_attempts: 5            # DBoW最大尝试次数 20
  scancontext_attempts: 15    # ScanContext最大尝试次数 20
  dynamic_keyframe_max_attempts: 15  # 动态关键帧选择最大尝试次数（ScanContext失败后使用） 50
  gnss_attempts: 10           # GNSS 初始化策略最大尝试次数（策略层），达到上限后不再尝试GNSS

# 动态地图层配置
fastlio2_dynamic_map_layer_options:
  enable_dynamic_map_layer: false    # 是否启用动态地图层功能
  update_distance_threshold: 2.0    # 更新距离阈值(米)
  update_time_threshold: 2.0        # 更新时间阈值(秒)
  enable_z_filter: true              # 是否启用Z轴滤波
  z_min: 0.5                          # 最小高度(米)
  z_max: 5.0                          # 最大高度(米)
  max_points: 50000                   # 最大点数
  voxel_size: 0.2                     # 体素大小(米)，用于体素下采样
  enable_active_cleanup: true         # 是否启用主动清理
  policy: "SHORT"                     # 动态地图层策略: SHORT(短期保留), LONG(长期保留), PERSISTENT(持久化保留)

   …(截斷 400 行)
@@FILE /opt/robot/robot_localization/install/localization/share/localization/config/ros_params_loc_zg.yaml
localization:
  ros__parameters:
    enable_ota_calibration: true
    calibration_file_path: "/ota/calibration_results.yaml"
    sub_lidar_topic: "/front_lidar"            # "/rslidar_points_head" | "/livox/lidar"
    sub_imu_topic: "/front_lidar/imu"            # "/rslidar_imu_data_head" | "/livox/imu"
    sub_gps_topic: "/gps/rtk"
    sub_odom_topic: "/odom/mc_odom"
    sub_camera_topic: "/front_camera/image_compressed"                  # "/camera/image" | "/image_publisher/camera_front/compressed"
    sub_rtk_pos_topic: "/uni_best_nav"
    sub_rtk_head_topic: "/uni_heading"
    use_pcl_normal: true      # 2.0 faslio/fasterlio use normal(true), 1.0 ukf localization not use normal(false)
    process_every_n_frames: 1  # 每N帧雷达数据处理1帧, NX 1; 3588 2
    
    # 发布topic配置
    pub_lidar_odom_topic: "/odom/localization_odom"    # LiDAR里程计发布topic   # "/odom/ground_truth" "/odom/current_pose"
    pub_gnss_eskf_topic: "/odom/localization_odom"     # GNSS ESKF发布topic    # "/odom/ground_truth" "/odom/current_pose"
    pub_lio_pose_topic: "/lio_pose"
    pub_aligned_points_topic: "/aligned_points"    # 对齐点云发布topic
    pub_global_map_points_topic: "/global_map_points"  # 全局地图点云发布topic
    pub_localization_info_topic: "/localization_info"  # 定位信息发布topic
    pub_localization_state_topic: "/localization_state"  # 定位状态发布topic
    pub_localization_path_topic: "/localization_path"  # 定位路径发布topic

    lidar_format: "rslidar"    # livox | rslidar | velodyne
   
    # 双雷达融合配置
    dual_lidar_config:
      enable_dual_lidar: true                    # 是否启用双雷达融合
      front_lidar_topic: "/front_lidar"  # 前雷达话题（主雷达）
      rear_lidar_topic: "/rear_lidar"   # 后雷达话题
      time_sync_tolerance_sec: 0.05         # 时间同步容忍度（根据sync_mode调整,pps_lag 0.05,pps_only 0.2,original 0.2）
      max_rear_points: 100000                     # 后雷达最大点数阈值
      min_rear_points: 100                       # 后雷达最小点数阈值
      
      # 外参：后雷达到前雷达的变换
      extrinsic_rear_to_front:
        translation: [0.0, 0.0, -0.7323]  # [x, y, z] 米
        rotation_matrix: [1.0, 0.0, 0.0, 0.0, -1.0, 0.0, 0.0, 0.0, -1.0]  # 3x3旋转矩阵 [r11, r12, r13, r21, r22, r23, r31, r32, r33]

      # 同步模式配置
      sync_mode: "pps_lag"          # 同步模式：pps_lag | pps_only | original
      
      # 自适应时间偏差配置（无PPS同步时使用，即sync_mode: "original"时设为true，其他时设为false）
      enable_adaptive_time_bias: false    # 是否启用自适应时间偏差补偿
      bias_update_alpha: 0.1             # 偏差更新学习率 (0.0-1.0)
      min_reasonable_time_diff: -0.05     # 最小合理时间差(秒)
      max_reasonable_time_diff: 0.05      # 最大合理时间差(秒)
      
      # ==================== 同步模式说明 ====================
      # pps_lag:   PPS+滞后+双队列模式（推荐）- 有PPS同步信号的高精度场景
      #            特点：最高同步精度，最低数据丢失率，time_sync_tolerance_sec建议0.05
      # pps_only:  仅PPS模式 - 有PPS同步但简单场景 
      #            特点：高同步精度，中等复杂度，time_sync_tolerance_sec建议0.2
      # original:  原始模式 - 无PPS同步的传统场景
      #            特点：兼容性最好，中等精度，time_sync_tolerance_sec建议0.2
      # =====================================================   …(截斷 400 行)
@@FILE /opt/robot/robot_localization/install/localization/share/localization/config/eskf_config.yaml
localization_type: "RTK_IO"  # 可选值：RTK_IO(RTK定位), LIO_UKF（点云地图定位）, RTK_IO_LIO（Faster-lio里程计）, ODOM, 
frequency: 0.01  # 频率，单位：秒， RTK_IO选择0.01，其他选择0.1

seconds_interval: 0.02
is_gnss_raw_data_pub: false
is_gnss_nmea: false
is_use_fixed: false
is_lidar_horizontal: false
baseline_threshold: 0.4

attitude: {
 align_time: 0.2,
 static_accx_std: 0.05,
 static_accy_std: 0.05,
 static_accz_std: 0.05,
 static_gyro_norm: 1.0,
 gyroz_static_datas_time_min: 2,
 gyroz_static_datas_time_max: 1200
}

ins:  
 kalman: {
  q_std_gyro: 100.0, #deg/h
  q_std_acc: 100.0, #mg
  r_std_yaw: 2.0, #deg
  r_std_horizon_pos: 0.1, #m
  r_std_height: 0.3, #m
  p_std_horizon_attitude: 2.0, #deg
  p_std_yaw: 2.0, #deg
  p_std_horizon_velocity: 0.3, #m/s
  p_std_vertical_velocity: 0.5, #m/s
  p_std_horizon_pos: 0.1, #m
  p_std_vertical_pos: 0.3, #m
  p_std_gyro: 1000.0, #deg/h
  p_std_acc: 100.0, #mg
  f_n_size: 15,
  q_n_size: 6,
  h_n_size: 3
  }

   …(截斷 400 行)
@@FILE /opt/robot/robot_localization/install/localization/share/localization/config/localization_params_fastlio_zg.yaml
localization_type: "FASTLIO_LOC"  # 可选值：RTK_IO(RTK定位), LIO_UKF（点云地图定位）, RTK_IO_LIO（Faster-lio里程计）, FASTLIO（Fastlio2定位）, ODOM
frequency: 0.1  # 频率，单位：秒
calibration_file_path: "/ota/calibration_results.yaml"  # 标定文件路径，可选，如果不提供则使用默认值 /ota/calibration_results.yaml
enable_ota_calibration: true  # 是否启用OTA标定覆盖

# 通用参数
fastlio2_general_options:
  is_use_imu_: true
  is_use_odom_: false
  is_use_gnss_: false
  send_tf_transforms_: false
  send_aligned_cloud_: true        # /aligned_points 下采样点云
  send_body_points_cloud_: false    # /body_points 未下采样机体系点云
  send_global_map_cloud_: true     # /global_map_points 地图点云
  enable_path_publish_: true
  enable_txt_poses_: true  # TXT位姿初始化相关配置
  txt_poses_file_path_: "/opt/robot/robot_localization/install/localization/share/localization/config/fixed_poses/example_poses.txt"  # TXT位姿文件绝对路径
  num_max_iterations_: 3            # ESKF最大迭代次数   # NX 3 # 3588 1
  enable_timing_log_: false         # 是否打印本帧耗时 
  enable_quality_log_: true         # 是否打印匹配质量（inlier、res_mean等）
  enable_openmp_: true            # 是否启用OpenMP多线程
  openmp_thread_count_: 3           # OpenMP线程数量，0表示使用系统默认值
  enable_global_timeout_: true
  global_init_timeout_sec_: 300.0
  static_init_timeout_sec_: 30.0
  dynamic_init_timeout_sec_: 240.0

# GNSS 初始化参数（与 GnssInitializer 对应的新分组）
fastlio2_gnss_init_options:
  enable_gnss_init: true         # 启用GNSS初始化
  gnss_fresh_time_sec: 1.0       # 数据新鲜度阈值(秒)
  gnss_std_threshold: 10.0       # 水平精度阈值(米)
  gnss_max_attempts: 100         # 最大尝试次数
  gnss_timeout_sec: 60.0         # 超时时间(秒)
  skip_enabled: true             # 是否启用跳帧
  skip_interval: 3              # 跳帧间隔（1表示每帧都处理）
  yaw_traversal_enabled: true    # 启用yaw遍历
  yaw_step_deg: 15.0             # 遍历步长(度)
  yaw_min_deg: -180.0            # 最小yaw(度)
  yaw_max_deg: 180.0             # 最大yaw(度)
  max_yaw_rounds: 5              # 最大遍历轮次
  anchor_lat_deg: 39.894310063   # 地图原点(度)
  anchor_lon_deg: 116.290182563
  anchor_h_m: 42.6222

# 位姿平滑参数
fastlio2_pose_smoothing_options:
  enable_pose_smoothing_: true  # 是否启用位姿平滑
  smooth_window_size_: 10        # 平滑窗口大小
  
# IMU参数
fastlio2_imu_options:
  imu_init_time_: 3.0
  imu_init_queue_length_: 600
  imu_init_pos_cov_thre_: 0.05
  imu_init_quat_cov_thre_: 0.5
  imu_use_filter_num_: 5
  time_tolerance_ms_: 10.0
  max_sync_attempts_: 3

# 初始位姿参数
fastlio2_init_pose_options:
  is_init_pose_: true
  init_pos_x_: 0.0      # 0.0
  init_pos_y_: 0.0      # 0.0
  init_pos_z_: 0.0      # 0.0
  init_ori_w_: 0.715      #0.715      # 1.0
  init_ori_x_: 0.0      # 0.0
  init_ori_y_: 0.0      # 0.0
  init_ori_z_: 0.698      #0.698      # 0.0

# 退化检测参数（持续定位阶段）
fastlio2_degradation_detection_options:
  min_inlier_ratio: 0.60        # 最小内点比例
  min_inlier_count: 150         # 最小内点数量
  max_res_mean: 0.06            # 最大平均残差(m)
  require_converged: true       # 是否要求收敛 
  enter_frames: 3               # 连续坏帧进入退化
  exit_frames: 3                # 连续好帧退出退化

# 精细初始化阶段的质量阈值（初始化阶段）
fastlio2_fine_init_degradation_options:
  enable_fine_init_check: true  # 是否启用精细初始化质量判断
  ok_required_frames: 2         # 连续满足条件的帧数
  max_failure_frames: 3        # 连续失败帧数达到该值则触发重定位
  min_inlier_ratio: 0.50        # 精细初始化最小内点比例
  min_inlier_count: 500         # 精细初始化最小内点数量
  max_res_mean: 0.05            # 精细初始化最大平均残差(m)

# 定位质量评估阈值参数
fastlio2_localization_quality_thresholds_options:
  continuous_fitness_threshold: 0.25    # 持续定位适应度阈值
  continuous_ratio_threshold: 0.50      # 持续定位内点比例阈值
  continuous_count_threshold: 150       # 持续定位内点数量阈值 
  global_fitness_threshold: 0.3         # 全局定位适应度阈值
  global_ratio_threshold: 0.6           # 全局定位内点比例阈值
  global_count_threshold: 100           # 全局定位内点数量阈值

# 点云滤波参数
fastlio2_point_cloud_filter_options:
  globalmap_voxel_size_: 0.2      # 0.2
  cloud_voxel_size_: 0.3         # NX 0.2; 3588 0.4
  globalmap_kdtree_filter_size_1_: 0.18
  globalmap_kdtree_filter_size_2_: 0.20
# ICP参数
fastlio2_icp_options:
  max_iterations: 100
  transformation_epsilon: 1e-6
  first_icp_fitness_threshold: 0.5      # 第一次ICP匹配适应度阈值
  first_icp_ratio_threshold: 0.35       # 第一次ICP匹配内点比例阈值
  second_icp_fitness_threshold: 0.2     # 第二次ICP匹配适应度阈值    # 0.3   # 0.25    # 0.2
  second_icp_ratio_threshold: 0.55       # 第二次ICP匹配内点比例阈值  # 0.4    # 0.45   # 0.5

  # 自动重触发参数
  enable_init_auto_retrigger: true          # 启用精细初始化阶段自动重触发
  enable_continuous_auto_retrigger: true    # 启用持续定位阶段自动重触发
  fine_init_failure_threshold: 50           # 精细初始化连续失败帧数阈值
  continuous_lost_threshold: 100            # 持续定位丢失连续帧数阈值

# IMU到Base变换矩阵 (4x4, 行优先, 16个元素)
fastlio2_imu2base_options:    # imu非水平安装时配置   # Airy Lidar head     # Livox Lidar                  
  imu2base_matrix_: [-0.00166076, -0.99992224, 0.01235975, -0.0036, -0.00510868, 0.01236809, 0.99991046, -0.0023, -0.99998557, 0.00159747, -0.00512883, 0.3706, 0.0, 0.0, 0.0, 1.0]
  # [-0.00166076, -0.00510868, -0.99998557, -0.3705815, -0.99992224, 0.01236809, 0.00159747, 0.0042051, 0.01235975, 0.99991046, -0.00512883, -0.0042504, 0.0, 0.0, 0.0, 1.0]

# LiDAR到Base变换矩阵 (4x4, 行优先, 16个元素)
fastlio2_lidar2base_options:
  enable_extrinsic_transform_: false  # 是否启用外参变换（主要用于发布/body_points）
  lidar2base_matrix_: [1.0, 0.0, 0.0, 0.0, 0.0, 1.0, 0.0, 0.0, 0.0, 0.0, 1.0, 0.0, 0.0, 0.0, 0.0, 1.0]  # 当前配置,目前从/ota中读取

# LiDAR到IMU变换矩阵 (4x4, 行优先, 16个元素)
fastlio2_lidar2imu_options:
  lidar2imu_matrix_: [-0.01235975, -0.99992224, -0.00166076, 0.00425, -0.99991046, 0.01236809, -0.00510868, 0.00418, 0.00512883, 0.00159747, -0.99998557, -0.00446, 0.0, 0.0, 0.0, 1.0]  # 当前配置

# 点云预处理参数
lidar_preprocess_options:
  point_sampling_interval: 4  # 点云采样间隔，用于下采样（lidar_preprocess使用）   # NX 1 or 2; 3588 4   Airy 4
  blind_distance: 0.8         # 最小距离阈值
  max_distance: 30.0          # 最大距离阈值
# DBoW 视觉重定位配置
dbow_reloc_options_:
  enable_dbow_reloc_: true
  dbow_confidence_threshold_: 0.15
  min_matching_inlier_threshold_: 20
  camera_sync_tolerance_sec_: 0.3  # 图像时间戳同步容差(秒)
  dbow_frame_skip_: 4              # 每N帧执行1次（1表示每帧都跑）
  dbow_min_interval_ms_: 240       # 连续两次执行的最小时间间隔（毫秒）
  dbow_force_run_after_skips_: 6   # 连续跳过多少次后强制执行1次
  # 路径模式：absolute | relative | dynamic
  path_mode_: "absolute"
  fallback_vocabulary_path_: "/ota/map/map_voc.bin"  # 回退路径，当主路径不存在时使用       
  enable_image_resize_: true   # 是否启用图像resize（默认false，不resize）
  image_resize_scale_: 0.5     # resize比例（0.5表示减半，1.0表示不resize）
  enable_image_undistort_: true
  orb_num_features_: 1000
  enable_save_dbow_images_: false   # 是否保存DBoW匹配到的关键帧图像和当前帧图像（调试用）
  dbow_image_save_dir_: "/home/user/Downloads/"   # 图像保存目录（绝对路径）"/home/user/Downloads/"
  enable_geometric_verification_: false
  # 全局定位策略配置
fastlio2_global_localization_strategy_options:
  CONFIG_POSE: 0              # 配置文件位姿策略的位置
  TXT_POSE: 1                 # TXT位姿文件策略的位置
  DBOW: 2                     # DBoW重定位策略的位置
  SCANCONTEXT: 3              # ScanContext匹配策略的位置
  # 各策略的尝试次数限制
  config_pose_attempts: 0     # Config Pose最大尝试次数
  txt_pose_rounds: 0          # TXT Pose遍历轮数
  dbow_attempts: 10           # DBoW最大尝试次数  
  scancontext_attempts: 40    # ScanContext最大尝试次数
  dynamic_keyframe_max_attempts: 20  # 动态关键帧选择最大尝试次数（ScanContext失败后使用） 
  gnss_attempts: 0           # GNSS 初始化策略最大尝试次数（策略层），达到上限后不再尝试GNSS

# 动态地图层配置
fastlio2_dynamic_map_layer_options:
  enable_dynamic_map_layer: false    # 是否启用动态地图层功能
  update_distance_threshold: 2.0    # 更新距离阈值(米)
  update_time_threshold: 2.0        # 更新时间阈值(秒)
  enable_z_filter: true              # 是否启用Z轴滤波
  z_min: 0.5                          # 最小高度(米)
  z_max: 5.0                          # 最大高度(米)
  max_points: 50000                   # 最大点数
  voxel_size: 0.2                     # 体素大小(米)，用于体素下采样
  enable_active_cleanup: true         # 是否启用主动清理
  policy: "SHORT"                     # 动态地图层策略：SHORT(短期保留), LONG(长期保留), PERSISTENT(持久化保留)
   …(截斷 400 行)
@@FILE /opt/robot/robot_localization/install/localization/share/localization/config/ros_params_loc.yaml
localization:
  ros__parameters:
    enable_ota_calibration: true
    calibration_file_path: "/ota/calibration_results.yaml"
    sub_lidar_topic: "/front_lidar"            # "/rslidar_points_head" | "/livox/lidar"
    sub_imu_topic: "/front_lidar/imu"            # "/rslidar_imu_data_head" | "/livox/imu"
    sub_gps_topic: "/gps/rtk"
    sub_rtk_pvh_topic: "/rtk_pvh"
    sub_odom_topic: "/odom/mc_odom"
    sub_camera_topic: "/front_camera/image_compressed"   #"/front_camera/image_compressed"
    sub_rtk_pos_topic: "/uni_best_nav"
    sub_rtk_head_topic: "/uni_heading"
    enable_realsense: false
    use_pcl_normal: true      # 2.0 faslio/fasterlio use normal(true), 1.0 ukf localization not use normal(false)
    process_every_n_frames: 1  # 每N帧雷达数据处理1帧, NX 1; 3588 2
    
    # 发布topic配置
    pub_lidar_odom_topic: "/odom/localization_odom"    # LiDAR里程计发布topic   # "/odom/ground_truth" "/odom/current_pose" "/odom/localization_odom"
    pub_gnss_eskf_topic: "/odom/localization_odom"     # GNSS ESKF发布topic    # "/odom/ground_truth" "/odom/current_pose" "/odom/localization_odom"
    pub_lio_pose_topic: "/lio_pose"
    pub_aligned_points_topic: "/aligned_points"    # 对齐点云发布topic
    pub_global_map_points_topic: "/global_map_points"  # 全局地图点云发布topic
    pub_body_points_topic: "/body_points"  # 机体坐标系点云发布topic
    pub_perception_points_topic: "/perception_points"  # 融合感知点云发布topic
    pub_localization_info_topic: "/localization_info"  # 定位信息发布topic
    pub_localization_state_topic: "/localization_state"  # 定位状态发布topic
    pub_localization_path_topic: "/localization_path"  # 定位路径发布topic

    lidar_format: "livox"    # livox | rslidar | velodyne   …(截斷 400 行)
@@FILE /opt/robot/robot_localization/install/localization/share/localization/config/localization_params_loc.yaml
localization_type: "LIO_UKF"  # 可选值：RTK_IO(RTK定位), LIO_UKF（点云地图定位）, RTK_IO_LIO（Faster-lio里程计）, ODOM, 
frequency: 0.1  # 频率，单位：秒， RTK_IO选择0.01，其他选择0.1

lio_ukf_general_options:
  is_use_imu_: true
  is_use_odom_: false
  is_use_gnss_: true
  pcd_map_file_: "/home/user/map/0701/map.pcd"
  motion_mode_: 3
  send_tf_transforms_: false
  send_aligned_cloud_: false
  send_global_map_cloud_: false
  is_use_pose_smoothing_pub_: true
  smooth_window_size_: 10

lio_ukf_imu_options:
  imu_init_time_: 0.5
  imu_init_queue_length_: 100
  imu_init_pos_cov_thre_: 5
  imu_init_quat_cov_thre_: 5
  imu_use_filter_num_: 4

lio_ukf_init_pose_options:
  is_init_pose_: true
  init_pos_x_: 0.0
  init_pos_y_: 0.0
  init_pos_z_: 0.0
  init_ori_w_: 1.0
  init_ori_x_: 0.0
  init_ori_y_: 0.0
  init_ori_z_: 0.0

lio_ukf_localization_state_options:
  match_score_thre_: 0.5
  match_init_count_thre_: 1
  continue_count_thre_: 5
  timeout_count_thre_: 5
  init_time_thre_: 5

lio_ukf_point_cloud_filter_options:
  globalmap_voxel_size_: 0.12
  cloud_voxel_size_: 0.15

lio_ukf_ndt_options:
  cool_time_duration_: 0.02
  match_search_method: "DIRECT7"
  match_resolution: 0.5
  match_err_thre: 0.01
  match_score_thre: 0.15
  match_init_count_thre: 2
  timeout_count_thre: 2
  continue_count_thre: 2
  init_time_thre: 2

lio_ukf_imu2base_options:
  imu2base_00_: 1.0
  imu2base_01_: 0.0
  imu2base_02_: 0.0
  imu2base_03_: 0.14111
  imu2base_10_: 0.0
  imu2base_11_: 1.0
  imu2base_12_: 0.0
  imu2base_13_: 0.0
  imu2base_20_: 0.0
  imu2base_21_: 0.0
  imu2base_22_: 1.0
  imu2base_23_: 0.13186
  imu2base_30_: 0.0
  imu2base_31_: 0.0
  imu2base_32_: 0.0
  imu2base_33_: 1.0

lio_ukf_lidar2base_options:
  init_rot_00_: 1.0
  init_rot_01_: 0.0
  init_rot_02_: 0.0
  init_rot_03_: 0.13011
  init_rot_10_: 0.0
  init_rot_11_: 1.0
  init_rot_12_: 0.0
  init_rot_13_: -0.02329
  init_rot_20_: 0.0
  init_rot_21_: 0.0
  init_rot_22_: 1.0
  init_rot_23_: 0.17598
  init_rot_30_: 0.0
  init_rot_31_: 0.0
  init_rot_32_: 0.0
  init_rot_33_: 1.0

lio_ukf_lidar2imu_options:
  init_trans_00_: 1.0
  init_trans_01_: 0.0
  init_trans_02_: 0.0
  init_trans_03_: -0.011
  init_trans_10_: 0.0
  init_trans_11_: 1.0
  init_trans_12_: 0.0
  init_trans_13_: -0.02329
  init_trans_20_: 0.0
  init_trans_21_: 0.0
  init_trans_22_: 1.0
  init_trans_23_: 0.04412
  init_trans_30_: 0.0
  init_trans_31_: 0.0
  init_trans_32_: 0.0
  init_trans_33_: 1.0

   …(截斷 400 行)
@@FILE /opt/robot/robot_nav/install/navigo_collision_monitor/share/navigo_collision_monitor/params/collision_monitor_params.yaml
collision_monitor:
  ros__parameters:
    use_sim_time: True
    base_frame_id: "base_footprint"
    odom_frame_id: "odom"
    cmd_vel_in_topic: "cmd_vel_raw"
    cmd_vel_out_topic: "cmd_vel"
    transform_tolerance: 0.5
    source_timeout: 5.0
    base_shift_correction: True
    stop_pub_timeout: 2.0
    robot_type: "default"  # Robot geometry type: "default", "xg", "zg"

    # ========== Selective STOP Parameters ==========
    # Fine-grained STOP control based on collision prediction per velocity component
    selective_stop:
      # Global switch (default: false for backward compatibility)
      use_selective_stop: false

      # Collision prediction parameters
      collision_prediction_time: 0.5    # Time horizon for collision prediction (seconds)
      simulation_time_step: 0.05        # Motion simulation time step (seconds)

      # Level 2 combination testing
      enable_level2_combinations: true  # Enable testing velocity combinations

      # Velocity comparison threshold
      velocity_tolerance: 0.01          # Tolerance for zero velocity comparison (m/s or rad/s)
    # Polygons represent zone around the robot for "stop" and "slowdown" action types,
    # and robot footprint for "approach" action type.
    # Footprint could be "polygon" type with dynamically set footprint from footprint_topic
    # or "circle" type with static footprint set by radius. "footprint_topic" parameter
    # to be ignored in circular case.
    polygons: [ "PolygonStop" ]
    PolygonStop:
      type: "polygon"
      points: [ 0.5, 0.375, 0.5, -0.375, 0.0, -0.375, 0.0, 0.375 ]
      action_type: "stop"
      max_points: 3
      visualize: True
      polygon_pub_topic: "/navigo/cm/cmn/vis/polygon_stop"
      enabled: True
    PolygonSlow:
      type: "polygon"
      points: [ 0.7, 0.575, 0.7, -0.575, -0.7, -0.575, -0.7, 0.575 ]
      action_type: "slowdown"
      max_points: 3
      slowdown_ratio: 0.3
      visualize: True
      polygon_pub_topic: "/navigo/cm/cmn/vis/polygon_slowdown"
      enabled: True
    FootprintApproach:
      type: "polygon"
      action_type: "approach"
      footprint_topic: "/local_costmap/published_footprint"
      time_before_collision: 2.0
      simulation_time_step: 0.1
      max_points: 5
      visualize: False
      enabled: True
    observation_sources: [ "scan" ]
    scan:
      type: "scan"
      topic: "/scan"
      enabled: True
    pointcloud:
      type: "pointcloud"
      topic: "/intel_realsense_r200_depth/points"
      min_height: 0.1
      max_height: 0.5
      enabled: True
   …(截斷 400 行)
@@FILE /opt/robot/robot_nav/install/navigo_error_aggregator/share/navigo_error_aggregator/config/config.yaml
error_aggregator:
  ros__parameters:
    input_topics: [ "/navigo/ea/cmn/intf/nav_error" ]
    clear_topic: "/navigo/ea/cmn/intf/nav_error_clear"
    report_topic: "/navigo/ea/cmn/intf/nav_error_report"
    set_topic: "/navigo/ea/cmn/intf/nav_errors"
    primary_topic: "/navigo/ea/cmn/intf/nav_error_primary"
    scope_key: "scope"
    correlation_key: "correlation_id"
    clear_enable: true
    dedupe_code_only: false
    ttl_sec: 60.0
    ttl_transient_sec: 3.0
    max_related: 8
    publish_period_ms: 50
    change_only: false

    lifecycle:
      enable: true
      monitored_nodes:
        - "map_server"
        - "controller_server"
        - "local_costmap_controller/local_costmap_controller"
        - "planner_server"
        - "global_costmap/global_costmap"
        - "local_costmap/local_costmap"
        - "behavior_server"
        - "velocity_optimizer"
        - "collision_monitor"
        - "bt_navigator"
        - "waypoint_follower"
      in_topic_prefix: "/navigo/lm/cmn/dbg"
      out_topic_prefix: "/navigo/ea/cmn/intf/nav_lifecycle"
      poll_period_ms: 1000
      emit_as_error: true
      clear_on_active: true
      qos:
        reliable: true
        transient_local: false

    localization:
      enable: true
      timeout_threshold_sec: 0.2
      missing_threshold_sec: 1.0
      scope: "localization"

    laser_scan:
      enable: true
      topic: "/laser_scan"
      timeout_threshold_sec: 0.2
      missing_threshold_sec: 1.0
      scope: "perception/laser_scan"

   …(截斷 400 行)
@@FILE /opt/robot/robot_nav/install/navigo_local_planner_controller/share/navigo_local_planner_controller/config/local_planner_controller_test.yaml
lpc_test_node:
  ros__parameters:
    scan_frame_id: "base_link"
    scan_frequency: 10.0
    scan_angle_increment: 0.0174532925
    scan_range_min: 0.05
    scan_range_max: 10.0
    max_initialpose_points: 500

    local_planner_controller:
      enable_footprint_check: true
      enable_footprint_visualization: true
      comparison_path_topic: "/navigo/cs/lpc/vis/base_candidate_plan"
      footprint_collision_marker_topic: "/navigo/cs/lpc/vis/footprint_collision"
      footprint_samples_marker_topic: "/navigo/cs/lpc/vis/footprint_samples"
      footprint_marker_z: 0.02
      footprint_collision_marker_size: 0.1
      footprint_samples_line_width: 0.02
      footprint_points: [0.3, 0.25, 0.3, -0.25, -0.3, -0.25, -0.3, 0.25]
      robot_length: 0.6
      adjacent_range: 1.8
      yaw_p_gain: 1.2
      small_yaw_gain: 1.68
      slow_down_dis_thre: 1.0
      max_linear_vel: 0.6
      max_linear_accel: 0.6
      max_angular_accel: 12.5
      max_angular_vel: 0.6
      yaw_diff_thre: 0.45
      dir_thre: 30.0
      vel_y_gain: 0.5
      vel_x_gain: 1.0
      lookahead_distance: 1.0
      two_way_drive_mode: false
      goal_path_dir_weight: 0.01
      trajectory_smooth_weight: 0.3
      stop_dis_thre: 0.05
      use_omni_mode: true
      lidar_min_range: 0.15
      control_frequency: 50.0
      min_yaw_dead_zone: 0.3

   …(截斷 400 行)
@@FILE /opt/robot/robot_nav/install/navigo_core/share/navigo_core/config/nav_error_codes.json
{
  "domain": {
    "COMMON": 0,
    "LOCALIZATION": 1,
    "MAPPING": 2,
    "BEHAVIOR": 3,
    "PLANNING": 4,
    "CONTROL": 5,
    "PERCEPTION": 6,
    "SYSTEM": 7
  },
  "category": {
    "OK": 0,
    "DATA": 1,
    "TIMEOUT": 2,
    "STATE": 3,
    "ALGORITHM": 4,
    "CONSTRAINT": 5,
    "OPTIMIZATION": 6,
    "AVOIDANCE": 7,
    "COLLISION": 8,
    "UNKNOWN": 9
  },
  "severity": {
    "INFO": 0,
    "NOTICE": 1,
    "WARNING": 2,
    "ERROR": 3,
    "CRITICAL": 4
  }
}
   …(截斷 400 行)
@@FILE /opt/robot/robot_nav/install/robot_nav2/share/robot_nav2/params/robot_geometry/xg.yaml
# XG Robot Geometry Configuration
# ==============================================================================
# XG series robot parameters
# ==============================================================================
/**:
  ros__parameters:
    robot_geometry:
      robot_name: "xg"
      robot_type: "quadruped"

      geometry:
        footprint: "[[0.30,0.15],[0.30,-0.15],[-0.30,-0.15],[-0.30,0.15]]"

        width: 0.30
        length: 0.60
        height: 0.45

        inscribed_radius: 0.15
        circumscribed_radius: 0.335

        wheel_base: 0.4
        track_width: 0.3
        rear_suspension: 0.15

      kinematics:
        max_velocity:
          linear_x: 2.0
          linear_y: 1.0
          angular_z: 1.5

        min_velocity:
          linear_x: -2.0
          linear_y: -1.0
          angular_z: -1.5

        max_acceleration:
          linear: 2.0
          lateral: 1.5
          angular: 2.0

        min_turning_radius: 2.0
        max_curvature: 0.5

      safety:
        collision_radius: 0.45
        safe_distance: 0.80
        critical_distance: 0.40

        margins:
          front: 0.10
          rear: 0.10
          left: 0.05
          right: 0.05   …(截斷 400 行)
@@FILE /opt/robot/robot_nav/install/robot_nav2/share/robot_nav2/params/robot_geometry/default.yaml
# Default Robot Geometry Configuration
# ==============================================================================
# This file provides default/fallback parameters for backward compatibility.
# When no specific robot type is specified, these values are used.
# ==============================================================================

/**:
  ros__parameters:
    robot_geometry:
      robot_name: "default"
      robot_type: "quadruped"

      geometry:
        footprint: "[[0.30,0.15],[0.30,-0.15],[-0.30,-0.15],[-0.30,0.15]]"

        width: 0.30
        length: 0.60
        height: 0.45

        inscribed_radius: 0.15
        circumscribed_radius: 0.335

        wheel_base: 0.2
        track_width: 0.3

      kinematics:
        max_velocity:
          linear_x: 2.0
          linear_y: 1.0
          angular_z: 1.5

        min_velocity:
          linear_x: -1.0
          linear_y: -1.0
          angular_z: -1.5

        max_acceleration:
          linear: 2.0
          lateral: 1.5
          angular: 2.0

        min_turning_radius: 2.0
        max_curvature: 0.5

      safety:
        collision_radius: 0.45
        safe_distance: 0.80
        critical_distance: 0.40

        margins:
          front: 0.10
          rear: 0.10
          left: 0.05
          right: 0.05   …(截斷 400 行)
@@FILE /opt/robot/robot_nav/install/robot_nav2/share/robot_nav2/params/robot_geometry/zg.yaml
# ZG Quadruped Robot Geometry Configuration
# ==============================================================================
# This file contains all geometric and kinematic parameters for the ZG robot.
# Modifying these values allows for easy adaptation to different robot variants
# without changing any C++ code.
# ==============================================================================
/**:
  ros__parameters:
    robot_geometry:
      # ===========================================================================
      # Robot Identification
      # ===========================================================================
      robot_name: "zg"
      robot_type: "quadruped"

      # ===========================================================================
      # Geometric Parameters
      # ===========================================================================
      geometry:
        # Footprint: Polygon vertices in base_link frame (meters)
        # Format: [[x1,y1],[x2,y2],...] in counter-clockwise order
        # Current footprint: 0.90m (length) x 0.36m (width) rectangle + inflation 
        footprint: "[[0.45,0.18],[0.45,-0.18],[-0.45,-0.18],[-0.45,0.18]]"

        # Bounding box dimensions (meters)
        width: 0.36          # Y-axis extent (side to side)
        length: 0.90         # X-axis extent (front to back)
        height: 0.54         # Z-axis extent (for 3D planning/visualization)

        # Radius approximations (meters)
        # Inscribed radius: Largest circle that fits inside footprint
        # Circumscribed radius: Smallest circle that contains footprint
        # If set to 0.0, will be automatically calculated from footprint
        inscribed_radius: 0.18
        circumscribed_radius: 0.4386

        # Wheel/Leg configuration (meters)
        wheel_base: 0.5    # Distance between front and rear legs
        track_width: 0.36   # Distance between left and right legs
        rear_suspension: 0.2 

      # ===========================================================================
      # Kinematic Constraints
      # ===========================================================================
      kinematics:
        # Velocity limits (m/s for linear, rad/s for angular)
        max_velocity:
          linear_x: 2.0      # Maximum forward velocity
          linear_y: 0.5      # Maximum lateral velocity (for omnidirectional motion)
          angular_z: 2.0     # Maximum rotation velocity

        min_velocity:
          linear_x: -2.0     # Maximum backward velocity
          linear_y: -0.5     # Minimum lateral velocity
          angular_z: -2.0    # Minimum rotation velocity

        # Acceleration limits (m/s² for linear, rad/s² for angular)
        max_acceleration:
          linear: 2.0        # Maximum forward/backward acceleration
          lateral: 0.5       # Maximum lateral acceleration
          angular: 2.0       # Maximum angular acceleration

        # Turning characteristics
        min_turning_radius: 1.0    # Minimum radius for turning in place (meters)
        max_curvature: 1.0         # Maximum path curvature (1/meters)

      # ===========================================================================
      # Safety Parameters
      # ===========================================================================
      safety:
        # Collision checking radius (meters)
        # Typically slightly larger than circumscribed_radius for safety margin
        collision_radius: 0.55

        # Distance thresholds (meters)
        safe_distance: 0.9        # Preferred clearance from obstacles
        critical_distance: 0.5    # Emergency stop distance

        # Directional safety margins (added to footprint, meters)
        margins:
          front: 0.10    # Extra clearance in front (for forward motion)
          rear: 0.10     # Extra clearance behind (for backward motion)
          left: 0.05     # Extra clearance on left side
          right: 0.05    # Extra clearance on right side   …(截斷 400 行)
@@FILE /opt/robot/robot_nav/install/robot_nav2/share/robot_nav2/params/XG/nav2_params.yaml
bt_navigator:
  ros__parameters:
    use_sim_time: False
    global_frame: map
    robot_base_frame: base_link
    odom_topic: /odom/current_pose
    bt_loop_duration: 50
    transform_tolerance: 0.2
    default_server_timeout: 3000
    enable_groot_monitoring: False
    truncate_path_to_collision:
      enabled: False
      threshold: 2.0
      distance: 1.0
    default_controller_id: FollowPathLocalPlanner
    default_goal_tolerance:
      xy_goal_tolerance: 0.25
      yaw_goal_tolerance: 0.05
    plugin_lib_names:
      - navigo_back_up_action_bt_node
      - navigo_back_up_cancel_bt_node
      - navigo_clear_costmap_service_bt_node
      - navigo_clear_error_action_bt_node
      - navigo_compute_collision_distance_action_bt_node
      - navigo_compute_control_error_action_bt_node
      - navigo_compute_goal_distance_action_bt_node
      - navigo_compute_information_gain_action_bt_node
      - navigo_compute_path_through_poses_action_bt_node
      - navigo_compute_path_to_pose_action_bt_node
      - navigo_compute_paths_to_poses_action_bt_node
      - navigo_compute_spin_distance_action_bt_node
      - navigo_compute_uwb_goal_action_bt_node
      - navigo_decompose_convex_regions_action_bt_node
      - navigo_evaluate_goal_action_bt_node
      - navigo_evaluate_paths_action_bt_node
      - navigo_follow_path_action_bt_node
      - navigo_follow_path_cancel_bt_node
      - navigo_frtree_action_bt_node
      - navigo_general_conditions_bt_node
      - navigo_generate_leading_rays_action_bt_node
      - navigo_generate_relocalization_goal_action_bt_node
      - navigo_globally_updated_goal_condition_bt_node
      - navigo_globally_updated_goals_condition_bt_node
      - navigo_goal_reached_condition_bt_node
      - navigo_goal_updated_condition_bt_node
      - navigo_is_exploration_completed_condition_bt_node
      - navigo_is_exploration_goal_valid_condition_bt_node
      - navigo_is_goals_valid_condition_bt_node
      - navigo_is_localization_status_satisfied_condition_bt_node
      - navigo_is_path_valid_condition_bt_node
      - navigo_is_target_in_fov_condition_bt_node
      - navigo_optimize_path_service_bt_node
      - navigo_pipeline_sequence_bt_node
      - navigo_progress_check_bt_node
      - navigo_publish_debug_msgs_action_bt_node
      - navigo_rate_controller_bt_node
      - navigo_recover_invalid_goals_action_bt_node
      - navigo_recovery_node_bt_node
      - navigo_remove_passed_goals_action_bt_node
      - navigo_remove_passed_goals_loop_action_bt_node
      - navigo_reorganize_trajectory_action_bt_node
      - navigo_report_error_action_bt_node
      - navigo_reseparate_paths_action_bt_node
      - navigo_round_robin_node_bt_node
      - navigo_select_exploration_goal_action_bt_node
      - navigo_select_frontend_id_action_bt_node
      - navigo_select_frontend_ids_action_bt_node
      - navigo_select_patrol_goal_action_bt_node
      - navigo_select_patrol_mode_action_bt_node
      - navigo_select_sampled_goals_action_bt_node
      - navigo_separate_paths_action_bt_node
      - navigo_spin_action_bt_node
      - navigo_spin_cancel_bt_node
      - navigo_stitch_path_action_bt_node
      - navigo_time_expired_condition_bt_node
      - navigo_truncate_path_action_bt_node
      - navigo_truncate_path_local_action_bt_node
      - navigo_truncate_path_to_goal_action_bt_node
      - navigo_truncate_paths_action_bt_node
      - navigo_update_path_action_bt_node
      - navigo_wait_action_bt_node

bt_navigator_rclcpp_node:
  ros__parameters:
    use_sim_time: False

bt_navigator_navigate_to_pose_rclcpp_node:
  ros__parameters:
    debug: True
    use_sim_time: False
    target_lost_detect_min_dist: 1.5
    q0: 0.01
    q1: 0.04
    q2: 0.06
    r0: 0.058
    r1: 0.058
    r2: 0.06
    p_s: 0.85
    smoothing_window: 3
    d2_quantile: 0.99
    warmup_trace_threshold: 10.0

bt_navigator_navigate_through_poses_rclcpp_node:
  ros__parameters:
    debug: True
    use_sim_time: False
    multi_path_selector:
      # Global settings
      default_timeout_ms: 50.0
      enable_fast_pruning: True
      max_candidate_paths: 10
      min_candidate_paths: 2

      # Default scoring weights (must sum to ~1.0)
      default_weights:
        safety_weight: 0.3
        reference_deviation_weight: 0.3
        smoothness_weight: 0.20
        efficiency_weight: 0.15
        kinematic_feasibility_weight: 0.05

      # Fast pruner configuration
      fast_pruner:
        min_obstacle_distance: 0.15   # Minimum distance to obstacles (m)
        max_path_length: 10.0         # Maximum reasonable path length (m)
        max_curvature: 3.0            # Maximum allowed curvature (1/m)
        max_avg_curvature: 1.0        # Maximum average allowed curvature (1/m)
        min_point_separation: 0.1     # Minimum distance between path points (m)
        min_path_points: 3            # Minimum number of points in path
        collision_check_step: 1       # Step size for collision checking
        robot_radius: 0.35            # Robot radius for collision checking (m)

      # Safety critic configuration
      safety_critic:
        robot_radius: 0.35
        safe_distance_threshold: 0.8       # Distance considered "safe" (m)
        critical_distance_threshold: 0.40  # Distance considered "critical" (m)
        clearance_scaling_factor: 2.0      # Scaling for clearance-to-score conversion
        path_sampling_step: 1              # Step size for path point sampling

      # Reference deviation critic configuration
      reference_deviation_critic:
        max_lateral_deviation: 1.0       # Maximum acceptable lateral deviation (m)
        max_heading_deviation: 1.57      # Maximum acceptable heading deviation (rad, ~90 deg)
        lateral_weight: 0.7              # Weight for lateral deviation component
        heading_weight: 0.2              # Weight for heading deviation component
        endpoint_weight: 0.1             # Weight for endpoint deviation component
        normalize_by_path_length: True   # Whether to normalize by path length
        deviation_scaling_factor: 1.5    # Scaling factor for score conversion

      # Smoothness critic configuration 
      smoothness_critic:
        max_acceptable_curvature: 0.65       # Maximum acceptable curvature (1/m)
        max_acceptable_acceleration: 2.0     # Maximum acceptable acceleration (m/s^2）
        max_acceptable_angular_accel: 2.0    # Maximum angular acceleration (rad/s^2)
        curvature_weight: 0.4                # Weight for curvature component
        acceleration_weight: 0.3             # Weight for acceleration component
        angular_acceleration_weight: 0.2     # Weight for angular acceleration
        variation_weight: 0.1                # Weight for curvature variation component
        expected_velocity: 1.0               # Expected robot velocity for time estimation
        sharp_turn_threshold: 1.0            # Curvature threshold for sharp turn detection
        penalize_sharp_turns: true           # Whether to penalize sharp turns

      # Efficiency critic configuration
      efficiency_critic:
        expected_velocity: 1.0                # Expected robot velocity (m/s)
        length_weight: 0.4                    # Weight for path length component
        time_weight: 0.3                      # Weight for travel time component
        energy_weight: 0.2                    # Weight for energy cost component
        directness_weight: 0.1                # Weight for directness component
        max_acceptable_length: 10.0           # Maximum acceptable path length (m)
        max_acceptable_time: 10.0             # Maximum acceptable travel time (s)
        use_different_goals_evaluation: True  # Whether to evaluate multiple goals
        max_projection_distance: 5.0          # Maximum distance for projection (m)
        endpoint_tolerance: 1.0               # Allowed endpoint tolerance (m)

      # Kinematic feasibility critic configuration
      kinematic_feasibility_critic:
        min_turning_radius: 2.0           # Minimum turning radius for quadruped (m)
        max_turning_radius: 100.0         # Maximum reasonable turning radius (m)
        max_slope_angle: 0.5              # Maximum slope angle (~28 degrees, rad)
        max_velocity: 2.0                 # Maximum robot velocity (m/s)
        max_linear_acceleration: 2.0      # Maximum linear acceleration (m/s^2)
        max_lateral_acceleration: 2.0     # Maximum lateral acceleration (m/s^2)
        check_slope_constraints: False    # Whether to check slope constraints
        check_turning_constraints: True   # Whether to check turning constraints

bt_navigator_explore_through_poses_rclcpp_node:
  ros__parameters:
    debug: False
    use_sim_time: False

behavior_server:
  ros__parameters:
    odom_topic: /odom/current_pose
    costmap_topic: /navigo/lcc/cmn/vis/costmap_raw
    footprint_topic: /navigo/lcc/cmn/vis/published_footprint
    track_unknown_space: False
    cycle_frequency: 10.0
    behavior_plugins: [ "spin", "backup", "drive_on_heading", "wait" ]
    spin:
      plugin: "navigo_behaviors/Spin"
    backup:
      plugin: "navigo_behaviors/BackUp"
    drive_on_heading:
      plugin: "navigo_behaviors/DriveOnHeading"
    wait:
      plugin: "navigo_behaviors/Wait"
    global_frame: odom
    robot_base_frame: base_link
    transform_tolerance: 0.1
    use_sim_time: True
    simulate_ahead_time: 2.0
    max_rotational_vel: 1.2
    min_rotational_vel: 0.4
    rotational_acc_lim: 3.2

local_costmap:
  local_costmap:
    ros__parameters:
      odom_topic: /odom/current_pose
      update_frequency: 10.0
      publish_frequency: 10.0
      global_frame: odom
      robot_base_frame: base_link
      use_sim_time: False
      rolling_window: True
      width: 8
      height: 8
      resolution: 0.05
      plugins: [ "obstacle_layer", "electronic_map_layer", "inflation_layer" ]
      electronic_map_layer:
        plugin: "navigo_costmap_2d::ElectronicMapLayer"
        enabled: True
        electronic_map_topic: "/electronic_map"
        transform_tolerance: 0.1
        debug_mode: False
      inflation_layer:
        plugin: "navigo_costmap_2d::InflationLayer"
        cost_scaling_factor: 3.0
        inflation_radius: 0.05
      obstacle_layer:
        plugin: "navigo_costmap_2d::ObstacleLayer"
        enabled: True
        goal_safe_area: "[[0.40,0.4],[0.4,-0.4],[-0.4,-0.4],[-0.4,0.4]]"
        goal_clearing_enabled: True
        footprint_clearing_enabled: True
        planner_goal_valid_time_range: 5.0
        observation_persistence: 0.0
        observation_sources: scan
        scan:
          topic: /laser_scan
          max_obstacle_height: 2.0
          clearing: True
          marking: True
          inf_is_valid: True
          data_type: "LaserScan"
          raytrace_max_range: 8.0
          raytrace_min_range: 0.0
          obstacle_max_range: 8.5
          obstacle_min_range: 0.5
      always_send_full_costmap: True
  local_costmap_client:
    ros__parameters:
      use_sim_time: False
  local_costmap_rclcpp_node:
    ros__parameters:
      use_sim_time: False

local_costmap_controller:
  local_costmap_controller:
    ros__parameters:
      odom_topic: /odom/current_pose
      update_frequency: 10.0
      publish_frequency: 10.0
      global_frame: odom
      robot_base_frame: base_link
      use_sim_time: False
      rolling_window: True
      width: 8
      height: 8
      resolution: 0.05
      plugins: [ "obstacle_layer", "inflation_layer" ]
      static_layer:
        plugin: "navigo_costmap_2d::StaticLayer"
        map_subscribe_transient_local: False
      inflation_layer:
        plugin: "navigo_costmap_2d::InflationLayer"
        cost_scaling_factor: 3.0
        inflation_radius: 0.05
      obstacle_layer:
        plugin: "navigo_costmap_2d::ObstacleLayer"
        enabled: True
        goal_clearing_enabled: True
        planner_goal_valid_time_range: 5.0
        observation_persistence: 0.0
        observation_sources: scan
        scan:
          topic: /laser_scan
          max_obstacle_height: 2.0
          clearing: True
          marking: True
          inf_is_valid: True
          data_type: "LaserScan"
          raytrace_max_range: 8.0
          raytrace_min_range: 0.0
          obstacle_max_range: 8.5
          obstacle_min_range: 0.5

global_costmap:
  global_costmap:
    ros__parameters:
      odom_topic: /odom/current_pose
      map_topic: /navigo/ms/cmn/intf/map
      update_frequency: 10.0
      publish_frequency: 10.0
      resolution: 0.05
      global_frame: map
      robot_base_frame: base_link
      use_sim_time: False
      plugins: [ "static_layer", "electronic_map_layer", "inflation_layer", "frontier_layer" ]
      static_layer:
        plugin: "navigo_costmap_2d::StaticLayer"
        map_subscribe_transient_local: False
        footprint_clearing_enabled: True
        restore_cleared_footprint: True
      electronic_map_layer:
        plugin: "navigo_costmap_2d::ElectronicMapLayer"
        enabled: True
        electronic_map_topic: "/electronic_fence"
        transform_tolerance: 0.1
        debug_mode: False
      inflation_layer:
        plugin: "navigo_costmap_2d::InflationLayer"
        cost_scaling_factor: 3.0
        inflation_radius: 0.1
      frontier_layer:
        plugin: "navigo_costmap_2d::FrontierLayer"
        map_subscribe_transient_local: False
        obstacle_inflation_radius: 0.3
        obstacle_threshold: 65
        travel_point_type: "closest" #closest middle centroid
        frontier_min_size: 10
      esdf_layer:
        plugin: "navigo_costmap_2d::ESDFLayer"
        enabled: False
        esdf_pos_dis_topic_name: esdf_pos_distance_field
        esdf_neg_dis_topic_name: esdf_neg_distance_field
        esdf_combine_dis_topic_name: esdf_combine_distance_field
        esdf_gradient_topic_name: esdf_gradient
        visualize_pos_dis_esdf: False
        visualize_neg_dis_esdf: False
        visualize_combine_dis_esdf: False
        visualize_gradient: False
      always_send_full_costmap: False
  global_costmap_client:
    ros__parameters:
      use_sim_time: False
  global_costmap_rclcpp_node:
    ros__parameters:
      use_sim_time: False

map_server:
  ros__parameters:
    use_sim_time: False
    yaml_filename: " "

map_saver:
  ros__parameters:
    use_sim_time: False
    save_map_timeout: 5.0
    free_thresh_default: 0.25
    occupied_thresh_default: 0.65
    map_subscribe_transient_local: False

planner_server:
  ros__parameters:
    odom_topic: /odom/current_pose
    use_sim_time: False
    expected_planner_frequency: 20.0
    # extension line
    need_extension: False
    extension_dis: 0.5
    extension_step_size: 0.05
    # planning path generation format
    use_fixed_spacing_trajectory_generation: True
    use_history_path_info: False
    # tracking function 
    fov_near_goal_dist: 5.0
    out_of_fov_threshold: 20.0
    # collision checker
    use_esdf_collision_checker: False
    three_circle_check_margin: 0.03
    three_circle_fine_check_sample_res: 0.05
    # pp + fem get optimized path
    enable_pp_fem_debug_output: False
    # esdf info
    build_global_esdf_map: True
    build_local_esdf_map: True
    global_esdf_visualizer_open: False
   …(截斷 400 行)
@@FILE /opt/robot/robot_nav/install/robot_nav2/share/robot_nav2/params/GAZEBO/nav2_params.yaml
bt_navigator:
  ros__parameters:
    use_sim_time: False
    global_frame: map
    robot_base_frame: base_link
    odom_topic: /odom/current_pose
    bt_loop_duration: 50
    transform_tolerance: 0.2
    default_server_timeout: 3000
    enable_groot_monitoring: True
    truncate_path_to_collision:
      enabled: False
      threshold: 2.0
      distance: 1.0
    default_controller_id: FollowPathLocalPlanner
    default_goal_tolerance:
      xy_goal_tolerance: 0.05
      yaw_goal_tolerance: 0.05
    plugin_lib_names:
      - navigo_back_up_action_bt_node
      - navigo_back_up_cancel_bt_node
      - navigo_clear_costmap_service_bt_node
      - navigo_clear_error_action_bt_node
      - navigo_compute_collision_distance_action_bt_node
      - navigo_compute_control_error_action_bt_node
      - navigo_compute_goal_distance_action_bt_node
      - navigo_compute_information_gain_action_bt_node
      - navigo_compute_path_through_poses_action_bt_node
      - navigo_compute_path_to_pose_action_bt_node
      - navigo_compute_paths_to_poses_action_bt_node
      - navigo_compute_spin_distance_action_bt_node
      - navigo_compute_uwb_goal_action_bt_node
      - navigo_decompose_convex_regions_action_bt_node
      - navigo_evaluate_goal_action_bt_node
      - navigo_evaluate_paths_action_bt_node
      - navigo_follow_path_action_bt_node
      - navigo_follow_path_cancel_bt_node
      - navigo_frtree_action_bt_node
      - navigo_general_conditions_bt_node
      - navigo_generate_leading_rays_action_bt_node
      - navigo_generate_relocalization_goal_action_bt_node
      - navigo_globally_updated_goal_condition_bt_node
      - navigo_globally_updated_goals_condition_bt_node
      - navigo_goal_reached_condition_bt_node
      - navigo_goal_updated_condition_bt_node
      - navigo_is_exploration_completed_condition_bt_node
      - navigo_is_exploration_goal_valid_condition_bt_node
      - navigo_is_goals_valid_condition_bt_node
      - navigo_is_localization_status_satisfied_condition_bt_node
      - navigo_is_path_valid_condition_bt_node
      - navigo_is_target_in_fov_condition_bt_node
      - navigo_optimize_path_service_bt_node
      - navigo_pipeline_sequence_bt_node
      - navigo_progress_check_bt_node
      - navigo_publish_debug_msgs_action_bt_node
      - navigo_rate_controller_bt_node
      - navigo_recover_invalid_goals_action_bt_node
      - navigo_recovery_node_bt_node
      - navigo_remove_passed_goals_action_bt_node
      - navigo_remove_passed_goals_loop_action_bt_node
      - navigo_reorganize_trajectory_action_bt_node
      - navigo_report_error_action_bt_node
      - navigo_reseparate_paths_action_bt_node
      - navigo_round_robin_node_bt_node
      - navigo_select_exploration_goal_action_bt_node
      - navigo_select_frontend_id_action_bt_node
      - navigo_select_frontend_ids_action_bt_node
      - navigo_select_patrol_goal_action_bt_node
      - navigo_select_patrol_mode_action_bt_node
      - navigo_select_sampled_goals_action_bt_node
      - navigo_separate_paths_action_bt_node
      - navigo_spin_action_bt_node
      - navigo_spin_cancel_bt_node
      - navigo_stitch_path_action_bt_node
      - navigo_time_expired_condition_bt_node
      - navigo_truncate_path_action_bt_node
      - navigo_truncate_path_local_action_bt_node
      - navigo_truncate_path_to_goal_action_bt_node
      - navigo_truncate_paths_action_bt_node
      - navigo_update_path_action_bt_node
      - navigo_wait_action_bt_node

bt_navigator_rclcpp_node:
  ros__parameters:
    use_sim_time: False

bt_navigator_navigate_to_pose_rclcpp_node:
  ros__parameters:
    debug: True
    use_sim_time: False
    target_lost_detect_min_dist: 1.5
    q0: 0.01
    q1: 0.04
    q2: 0.06
    r0: 0.058
    r1: 0.058
    r2: 0.06
    p_s: 0.85
    smoothing_window: 3
    d2_quantile: 0.99
    warmup_trace_threshold: 10.0

bt_navigator_navigate_through_poses_rclcpp_node:
  ros__parameters:
    debug: True
    use_sim_time: False
    multi_path_selector:
      # Global settings
      default_timeout_ms: 50.0
      enable_fast_pruning: True
      max_candidate_paths: 10
      min_candidate_paths: 2

      # Default scoring weights (must sum to ~1.0)
      default_weights:
        safety_weight: 0.3
        reference_deviation_weight: 0.3
        smoothness_weight: 0.20
        efficiency_weight: 0.15
        kinematic_feasibility_weight: 0.05

      # Fast pruner configuration
      fast_pruner:
        min_obstacle_distance: 0.15   # Minimum distance to obstacles (m)
        max_path_length: 10.0         # Maximum reasonable path length (m)
        max_curvature: 3.0            # Maximum allowed curvature (1/m)
        max_avg_curvature: 1.0        # Maximum average allowed curvature (1/m)
        min_point_separation: 0.1     # Minimum distance between path points (m)
        min_path_points: 3            # Minimum number of points in path
        collision_check_step: 1       # Step size for collision checking
        robot_radius: 0.35            # Robot radius for collision checking (m)

      # Safety critic configuration
      safety_critic:
        robot_radius: 0.35
        safe_distance_threshold: 0.8       # Distance considered "safe" (m)
        critical_distance_threshold: 0.40  # Distance considered "critical" (m)
        clearance_scaling_factor: 2.0      # Scaling for clearance-to-score conversion
        path_sampling_step: 1              # Step size for path point sampling

      # Reference deviation critic configuration
      reference_deviation_critic:
        max_lateral_deviation: 1.0       # Maximum acceptable lateral deviation (m)
        max_heading_deviation: 1.57      # Maximum acceptable heading deviation (rad, ~90 deg)
        lateral_weight: 0.7              # Weight for lateral deviation component
        heading_weight: 0.2              # Weight for heading deviation component
        endpoint_weight: 0.1             # Weight for endpoint deviation component
        normalize_by_path_length: True   # Whether to normalize by path length
        deviation_scaling_factor: 1.5    # Scaling factor for score conversion

      # Smoothness critic configuration
      smoothness_critic:
        max_acceptable_curvature: 0.65       # Maximum acceptable curvature (1/m)
        max_acceptable_acceleration: 2.0     # Maximum acceptable acceleration (m/s^2）
        max_acceptable_angular_accel: 2.0    # Maximum angular acceleration (rad/s^2)
        curvature_weight: 0.4                # Weight for curvature component
        acceleration_weight: 0.3             # Weight for acceleration component
        angular_acceleration_weight: 0.2     # Weight for angular acceleration
        variation_weight: 0.1                # Weight for curvature variation component
        expected_velocity: 1.0               # Expected robot velocity for time estimation
        sharp_turn_threshold: 1.0            # Curvature threshold for sharp turn detection
        penalize_sharp_turns: true           # Whether to penalize sharp turns

      # Efficiency critic configuration
      efficiency_critic:
        expected_velocity: 1.0                # Expected robot velocity (m/s)
        length_weight: 0.4                    # Weight for path length component
        time_weight: 0.3                      # Weight for travel time component
        energy_weight: 0.2                    # Weight for energy cost component
        directness_weight: 0.1                # Weight for directness component
        max_acceptable_length: 10.0           # Maximum acceptable path length (m)
        max_acceptable_time: 10.0             # Maximum acceptable travel time (s)
        use_different_goals_evaluation: True  # Whether to evaluate multiple goals
        max_projection_distance: 5.0          # Maximum distance for projection (m)
        endpoint_tolerance: 1.0               # Allowed endpoint tolerance (m)

      # Kinematic feasibility critic configuration
      kinematic_feasibility_critic:
        min_turning_radius: 2.0           # Minimum turning radius for quadruped (m)
        max_turning_radius: 100.0         # Maximum reasonable turning radius (m)
        max_slope_angle: 0.5              # Maximum slope angle (~28 degrees, rad)
        max_velocity: 2.0                 # Maximum robot velocity (m/s)
        max_linear_acceleration: 2.0      # Maximum linear acceleration (m/s^2)
        max_lateral_acceleration: 2.0     # Maximum lateral acceleration (m/s^2)
        check_slope_constraints: False    # Whether to check slope constraints
        check_turning_constraints: True   # Whether to check turning constraints

bt_navigator_explore_through_poses_rclcpp_node:
  ros__parameters:
    debug: False
    use_sim_time: False

behavior_server:
  ros__parameters:
    odom_topic: /odom/current_pose
    costmap_topic: /navigo/lcc/cmn/vis/costmap_raw
    footprint_topic: /navigo/lcc/cmn/vis/published_footprint
    track_unknown_space: False
    cycle_frequency: 10.0
    behavior_plugins: [ "spin", "backup", "drive_on_heading", "wait" ]
    spin:
      plugin: "navigo_behaviors/Spin"
    backup:
      plugin: "navigo_behaviors/BackUp"
    drive_on_heading:
      plugin: "navigo_behaviors/DriveOnHeading"
    wait:
      plugin: "navigo_behaviors/Wait"
    global_frame: odom
    robot_base_frame: base_link
    transform_tolerance: 0.1
    use_sim_time: True
    simulate_ahead_time: 2.0
    max_rotational_vel: 1.2
    min_rotational_vel: 0.4
    rotational_acc_lim: 3.2

local_costmap:
  local_costmap:
    ros__parameters:
      odom_topic: /odom/current_pose
      update_frequency: 10.0
      publish_frequency: 10.0
      global_frame: odom
      robot_base_frame: base_link
      use_sim_time: False
      rolling_window: True
      width: 8
      height: 8
      resolution: 0.05
      plugins: [ "obstacle_layer", "electronic_map_layer", "inflation_layer" ]
      electronic_map_layer:
        plugin: "navigo_costmap_2d::ElectronicMapLayer"
        enabled: True
        electronic_map_topic: "/electronic_map"
        transform_tolerance: 0.1
        debug_mode: False
      inflation_layer:
        plugin: "navigo_costmap_2d::InflationLayer"
        cost_scaling_factor: 3.0
        inflation_radius: 0.05
      obstacle_layer:
        plugin: "navigo_costmap_2d::ObstacleLayer"
        enabled: True
        goal_safe_area: "[[0.40,0.4],[0.4,-0.4],[-0.4,-0.4],[-0.4,0.4]]"
        goal_clearing_enabled: True
        footprint_clearing_enabled: True
        planner_goal_valid_time_range: 5.0
        observation_persistence: 0.0
        observation_sources: scan
        scan:
          topic: /laser_scan
          max_obstacle_height: 2.0
          clearing: True
          marking: True
          inf_is_valid: True
          data_type: "LaserScan"
          raytrace_max_range: 8.0
          raytrace_min_range: 0.0
          obstacle_max_range: 8.5
          obstacle_min_range: 0.5
      always_send_full_costmap: True
  local_costmap_client:
    ros__parameters:
      use_sim_time: False
  local_costmap_rclcpp_node:
    ros__parameters:
      use_sim_time: False

local_costmap_controller:
  local_costmap_controller:
    ros__parameters:
      odom_topic: /odom/current_pose
      update_frequency: 10.0
      publish_frequency: 10.0
      global_frame: odom
      robot_base_frame: base_link
      use_sim_time: False
      rolling_window: True
      width: 8
      height: 8
      resolution: 0.05
      plugins: [ "obstacle_layer", "inflation_layer" ]
      static_layer:
        plugin: "navigo_costmap_2d::StaticLayer"
        map_subscribe_transient_local: False
      inflation_layer:
        plugin: "navigo_costmap_2d::InflationLayer"
        cost_scaling_factor: 3.0
        inflation_radius: 0.05
      obstacle_layer:
        plugin: "navigo_costmap_2d::ObstacleLayer"
        enabled: True
        goal_clearing_enabled: True
        planner_goal_valid_time_range: 5.0
        observation_persistence: 0.0
        observation_sources: scan
        scan:
          topic: /laser_scan
          max_obstacle_height: 2.0
          clearing: True
          marking: True
          inf_is_valid: True
          data_type: "LaserScan"
          raytrace_max_range: 8.0
          raytrace_min_range: 0.0
          obstacle_max_range: 8.5
          obstacle_min_range: 0.5

global_costmap:
  global_costmap:
    ros__parameters:
      odom_topic: /odom/current_pose
      map_topic: /navigo/ms/cmn/intf/map
      update_frequency: 10.0
      publish_frequency: 10.0
      resolution: 0.05
      global_frame: map
      robot_base_frame: base_link
      use_sim_time: False
      plugins: [ "static_layer", "electronic_map_layer", "inflation_layer", "frontier_layer", "esdf_layer" ]
      static_layer:
        plugin: "navigo_costmap_2d::StaticLayer"
        map_subscribe_transient_local: False
        footprint_clearing_enabled: True
        restore_cleared_footprint: True
      electronic_map_layer:
        plugin: "navigo_costmap_2d::ElectronicMapLayer"
        enabled: True
        electronic_map_topic: "/electronic_fence"
        transform_tolerance: 0.1
        debug_mode: False
      inflation_layer:
        plugin: "navigo_costmap_2d::InflationLayer"
        cost_scaling_factor: 3.0
        inflation_radius: 0.1
      frontier_layer:
        plugin: "navigo_costmap_2d::FrontierLayer"
        map_subscribe_transient_local: False
        obstacle_inflation_radius: 0.3
        obstacle_threshold: 65
        travel_point_type: "closest" #closest middle centroid
        frontier_min_size: 10
      esdf_layer:
        plugin: "navigo_costmap_2d::ESDFLayer"
        enabled: False
        esdf_pos_dis_topic_name: esdf_pos_distance_field
        esdf_neg_dis_topic_name: esdf_neg_distance_field
        esdf_combine_dis_topic_name: esdf_combine_distance_field
        esdf_gradient_topic_name: esdf_gradient
        visualize_pos_dis_esdf: False
        visualize_neg_dis_esdf: False
        visualize_combine_dis_esdf: False
        visualize_gradient: False
      always_send_full_costmap: False
  global_costmap_client:
    ros__parameters:
      use_sim_time: False
  global_costmap_rclcpp_node:
    ros__parameters:
      use_sim_time: False

map_server:
  ros__parameters:
    use_sim_time: False
    yaml_filename: " "

map_saver:
  ros__parameters:
    use_sim_time: False
    save_map_timeout: 5.0
    free_thresh_default: 0.25
    occupied_thresh_default: 0.65
    map_subscribe_transient_local: False

planner_server:
  ros__parameters:
    odom_topic: /odom/current_pose
    use_sim_time: False
    expected_planner_frequency: 20.0
    # extension line
    need_extension: False
    extension_dis: 0.5
    extension_step_size: 0.05
    # planning path generation format
    use_fixed_spacing_trajectory_generation: True
    use_history_path_info: False
    # tracking function 
    fov_near_goal_dist: 5.0
    out_of_fov_threshold: 20.0
    # collision checker
    use_esdf_collision_checker: False
    three_circle_check_margin: 0.03
    three_circle_fine_check_sample_res: 0.05
    # pp + fem get optimized path
    enable_pp_fem_debug_output: False
    # esdf info
    build_global_esdf_map: True
    build_local_esdf_map: True
    global_esdf_visualizer_open: False
   …(截斷 400 行)
@@FILE /opt/robot/robot_nav/install/robot_nav2/share/robot_nav2/params/ZG/nav2_params.yaml
bt_navigator:
  ros__parameters:
    use_sim_time: False
    global_frame: map
    robot_base_frame: base_link
    odom_topic: /odom/current_pose
    bt_loop_duration: 50
    transform_tolerance: 0.2
    default_server_timeout: 3000
    enable_groot_monitoring: False
    truncate_path_to_collision:
      enabled: False
      threshold: 2.0
      distance: 1.0
    default_controller_id: FollowPathLocalPlanner
    default_goal_tolerance:
      xy_goal_tolerance: 0.25
      yaw_goal_tolerance: 0.05
    plugin_lib_names:
      - navigo_back_up_action_bt_node
      - navigo_back_up_cancel_bt_node
      - navigo_clear_costmap_service_bt_node
      - navigo_clear_error_action_bt_node
      - navigo_compute_collision_distance_action_bt_node
      - navigo_compute_control_error_action_bt_node
      - navigo_compute_goal_distance_action_bt_node
      - navigo_compute_information_gain_action_bt_node
      - navigo_compute_path_through_poses_action_bt_node
      - navigo_compute_path_to_pose_action_bt_node
      - navigo_compute_paths_to_poses_action_bt_node
      - navigo_compute_spin_distance_action_bt_node
      - navigo_compute_uwb_goal_action_bt_node
      - navigo_decompose_convex_regions_action_bt_node
      - navigo_evaluate_goal_action_bt_node
      - navigo_evaluate_paths_action_bt_node
      - navigo_follow_path_action_bt_node
      - navigo_follow_path_cancel_bt_node
      - navigo_frtree_action_bt_node
      - navigo_general_conditions_bt_node
      - navigo_generate_leading_rays_action_bt_node
      - navigo_generate_relocalization_goal_action_bt_node
      - navigo_globally_updated_goal_condition_bt_node
      - navigo_globally_updated_goals_condition_bt_node
      - navigo_goal_reached_condition_bt_node
      - navigo_goal_updated_condition_bt_node
      - navigo_is_exploration_completed_condition_bt_node
      - navigo_is_exploration_goal_valid_condition_bt_node
      - navigo_is_goals_valid_condition_bt_node
      - navigo_is_localization_status_satisfied_condition_bt_node
      - navigo_is_path_valid_condition_bt_node
      - navigo_is_target_in_fov_condition_bt_node
      - navigo_optimize_path_service_bt_node
      - navigo_pipeline_sequence_bt_node
      - navigo_progress_check_bt_node
      - navigo_publish_debug_msgs_action_bt_node
      - navigo_rate_controller_bt_node
      - navigo_recover_invalid_goals_action_bt_node
      - navigo_recovery_node_bt_node
      - navigo_remove_passed_goals_action_bt_node
      - navigo_remove_passed_goals_loop_action_bt_node
      - navigo_reorganize_trajectory_action_bt_node
      - navigo_report_error_action_bt_node
      - navigo_reseparate_paths_action_bt_node
      - navigo_round_robin_node_bt_node
      - navigo_select_exploration_goal_action_bt_node
      - navigo_select_frontend_id_action_bt_node
      - navigo_select_frontend_ids_action_bt_node
      - navigo_select_patrol_goal_action_bt_node
      - navigo_select_patrol_mode_action_bt_node
      - navigo_select_sampled_goals_action_bt_node
      - navigo_separate_paths_action_bt_node
      - navigo_spin_action_bt_node
      - navigo_spin_cancel_bt_node
      - navigo_stitch_path_action_bt_node
      - navigo_time_expired_condition_bt_node
      - navigo_truncate_path_action_bt_node
      - navigo_truncate_path_local_action_bt_node
      - navigo_truncate_path_to_goal_action_bt_node
      - navigo_truncate_paths_action_bt_node
      - navigo_update_path_action_bt_node
      - navigo_wait_action_bt_node

bt_navigator_rclcpp_node:
  ros__parameters:
    use_sim_time: False

bt_navigator_navigate_to_pose_rclcpp_node:
  ros__parameters:
    debug: True
    use_sim_time: False
    target_lost_detect_min_dist: 1.5
    q0: 0.01
    q1: 0.04
    q2: 0.06
    r0: 0.058
    r1: 0.058
    r2: 0.06
    p_s: 0.85
    smoothing_window: 3
    d2_quantile: 0.99
    warmup_trace_threshold: 10.0

bt_navigator_navigate_through_poses_rclcpp_node:
  ros__parameters:
    debug: True
    use_sim_time: False
    multi_path_selector:
      # Global settings
      default_timeout_ms: 50.0
      enable_fast_pruning: True
      max_candidate_paths: 10
      min_candidate_paths: 2

      # Default scoring weights (must sum to ~1.0)
      default_weights:
        safety_weight: 0.3
        reference_deviation_weight: 0.3
        smoothness_weight: 0.20
        efficiency_weight: 0.15
        kinematic_feasibility_weight: 0.05

      # Fast pruner configuration
      fast_pruner:
        min_obstacle_distance: 0.15   # Minimum distance to obstacles (m)
        max_path_length: 10.0         # Maximum reasonable path length (m)
        max_curvature: 3.0            # Maximum allowed curvature (1/m)
        max_avg_curvature: 1.0        # Maximum average allowed curvature (1/m)
        min_point_separation: 0.1     # Minimum distance between path points (m)
        min_path_points: 3            # Minimum number of points in path
        collision_check_step: 1       # Step size for collision checking
        robot_radius: 0.35            # Robot radius for collision checking (m)

      # Safety critic configuration
      safety_critic:
        robot_radius: 0.35
        safe_distance_threshold: 0.8       # Distance considered "safe" (m)
        critical_distance_threshold: 0.40  # Distance considered "critical" (m)
        clearance_scaling_factor: 2.0      # Scaling for clearance-to-score conversion
        path_sampling_step: 1              # Step size for path point sampling

      # Reference deviation critic configuration
      reference_deviation_critic:
        max_lateral_deviation: 1.0       # Maximum acceptable lateral deviation (m)
        max_heading_deviation: 1.57      # Maximum acceptable heading deviation (rad, ~90 deg)
        lateral_weight: 0.7              # Weight for lateral deviation component
        heading_weight: 0.2              # Weight for heading deviation component
        endpoint_weight: 0.1             # Weight for endpoint deviation component
        normalize_by_path_length: True   # Whether to normalize by path length
        deviation_scaling_factor: 1.5    # Scaling factor for score conversion

      # Smoothness critic configuration 
      smoothness_critic:
        max_acceptable_curvature: 0.65       # Maximum acceptable curvature (1/m)
        max_acceptable_acceleration: 2.0     # Maximum acceptable acceleration (m/s^2）
        max_acceptable_angular_accel: 2.0    # Maximum angular acceleration (rad/s^2)
        curvature_weight: 0.4                # Weight for curvature component
        acceleration_weight: 0.3             # Weight for acceleration component
        angular_acceleration_weight: 0.2     # Weight for angular acceleration
        variation_weight: 0.1                # Weight for curvature variation component
        expected_velocity: 1.0               # Expected robot velocity for time estimation
        sharp_turn_threshold: 1.0            # Curvature threshold for sharp turn detection
        penalize_sharp_turns: true           # Whether to penalize sharp turns

      # Efficiency critic configuration
      efficiency_critic:
        expected_velocity: 1.0                # Expected robot velocity (m/s)
        length_weight: 0.4                    # Weight for path length component
        time_weight: 0.3                      # Weight for travel time component
        energy_weight: 0.2                    # Weight for energy cost component
        directness_weight: 0.1                # Weight for directness component
        max_acceptable_length: 10.0           # Maximum acceptable path length (m)
        max_acceptable_time: 10.0             # Maximum acceptable travel time (s)
        use_different_goals_evaluation: True  # Whether to evaluate multiple goals
        max_projection_distance: 5.0          # Maximum distance for projection (m)
        endpoint_tolerance: 1.0               # Allowed endpoint tolerance (m)

      # Kinematic feasibility critic configuration
      kinematic_feasibility_critic:
        min_turning_radius: 2.0           # Minimum turning radius for quadruped (m)
        max_turning_radius: 100.0         # Maximum reasonable turning radius (m)
        max_slope_angle: 0.5              # Maximum slope angle (~28 degrees, rad)
        max_velocity: 2.0                 # Maximum robot velocity (m/s)
        max_linear_acceleration: 2.0      # Maximum linear acceleration (m/s^2)
        max_lateral_acceleration: 2.0     # Maximum lateral acceleration (m/s^2)
        check_slope_constraints: False    # Whether to check slope constraints
        check_turning_constraints: True   # Whether to check turning constraints

bt_navigator_explore_through_poses_rclcpp_node:
  ros__parameters:
    debug: False
    use_sim_time: False

behavior_server:
  ros__parameters:
    odom_topic: /odom/current_pose
    costmap_topic: /navigo/lcc/cmn/vis/costmap_raw
    footprint_topic: /navigo/lcc/cmn/vis/published_footprint
    track_unknown_space: False
    cycle_frequency: 10.0
    behavior_plugins: [ "spin", "backup", "drive_on_heading", "wait" ]
    spin:
      plugin: "navigo_behaviors/Spin"
    backup:
      plugin: "navigo_behaviors/BackUp"
    drive_on_heading:
      plugin: "navigo_behaviors/DriveOnHeading"
    wait:
      plugin: "navigo_behaviors/Wait"
    global_frame: odom
    robot_base_frame: base_link
    transform_tolerance: 0.1
    use_sim_time: True
    simulate_ahead_time: 2.0
    max_rotational_vel: 1.2
    min_rotational_vel: 0.4
    rotational_acc_lim: 3.2

local_costmap:
  local_costmap:
    ros__parameters:
      odom_topic: /odom/current_pose
      update_frequency: 10.0
      publish_frequency: 10.0
      global_frame: odom
      robot_base_frame: base_link
      use_sim_time: False
      rolling_window: True
      width: 8
      height: 8
      resolution: 0.05
      plugins: [ "obstacle_layer", "electronic_map_layer", "inflation_layer" ]
      electronic_map_layer:
        plugin: "navigo_costmap_2d::ElectronicMapLayer"
        enabled: True
        electronic_map_topic: "/electronic_map"
        transform_tolerance: 0.1
        debug_mode: False
      inflation_layer:
        plugin: "navigo_costmap_2d::InflationLayer"
        cost_scaling_factor: 3.0
        inflation_radius: 0.05
      obstacle_layer:
        plugin: "navigo_costmap_2d::ObstacleLayer"
        enabled: True
        goal_safe_area: "[[0.40,0.4],[0.4,-0.4],[-0.4,-0.4],[-0.4,0.4]]"
        goal_clearing_enabled: True
        footprint_clearing_enabled: True
        planner_goal_valid_time_range: 5.0
        observation_persistence: 0.0
        observation_sources: scan
        scan:
          topic: /laser_scan
          max_obstacle_height: 2.0
          clearing: True
          marking: True
          inf_is_valid: True
          data_type: "LaserScan"
          raytrace_max_range: 8.0
          raytrace_min_range: 0.0
          obstacle_max_range: 8.5
          obstacle_min_range: 0.5
      always_send_full_costmap: True
  local_costmap_client:
    ros__parameters:
      use_sim_time: False
  local_costmap_rclcpp_node:
    ros__parameters:
      use_sim_time: False

local_costmap_controller:
  local_costmap_controller:
    ros__parameters:
      odom_topic: /odom/current_pose
      update_frequency: 10.0
      publish_frequency: 10.0
      global_frame: odom
      robot_base_frame: base_link
      use_sim_time: False
      rolling_window: True
      width: 8
      height: 8
      resolution: 0.05
      plugins: [ "obstacle_layer", "inflation_layer" ]
      static_layer:
        plugin: "navigo_costmap_2d::StaticLayer"
        map_subscribe_transient_local: False
      inflation_layer:
        plugin: "navigo_costmap_2d::InflationLayer"
        cost_scaling_factor: 3.0
        inflation_radius: 0.05
      obstacle_layer:
        plugin: "navigo_costmap_2d::ObstacleLayer"
        enabled: True
        goal_clearing_enabled: True
        planner_goal_valid_time_range: 5.0
        observation_persistence: 0.0
        observation_sources: scan
        scan:
          topic: /laser_scan
          max_obstacle_height: 2.0
          clearing: True
          marking: True
          inf_is_valid: True
          data_type: "LaserScan"
          raytrace_max_range: 8.0
          raytrace_min_range: 0.0
          obstacle_max_range: 8.5
          obstacle_min_range: 0.5

global_costmap:
  global_costmap:
    ros__parameters:
      odom_topic: /odom/current_pose
      map_topic: /navigo/ms/cmn/intf/map
      update_frequency: 10.0
      publish_frequency: 10.0
      resolution: 0.05
      global_frame: map
      robot_base_frame: base_link
      use_sim_time: False
      plugins: [ "static_layer", "electronic_map_layer", "inflation_layer", "frontier_layer" ]
      static_layer:
        plugin: "navigo_costmap_2d::StaticLayer"
        map_subscribe_transient_local: False
        footprint_clearing_enabled: True
        restore_cleared_footprint: True
      electronic_map_layer:
        plugin: "navigo_costmap_2d::ElectronicMapLayer"
        enabled: True
        electronic_map_topic: "/electronic_fence"
        transform_tolerance: 0.1
        debug_mode: False
      inflation_layer:
        plugin: "navigo_costmap_2d::InflationLayer"
        cost_scaling_factor: 3.0
        inflation_radius: 0.1
      frontier_layer:
        plugin: "navigo_costmap_2d::FrontierLayer"
        map_subscribe_transient_local: False
        obstacle_inflation_radius: 0.3
        obstacle_threshold: 65
        travel_point_type: "closest" #closest middle centroid
        frontier_min_size: 10
      esdf_layer:
        plugin: "navigo_costmap_2d::ESDFLayer"
        enabled: False
        esdf_pos_dis_topic_name: esdf_pos_distance_field
        esdf_neg_dis_topic_name: esdf_neg_distance_field
        esdf_combine_dis_topic_name: esdf_combine_distance_field
        esdf_gradient_topic_name: esdf_gradient
        visualize_pos_dis_esdf: False
        visualize_neg_dis_esdf: False
        visualize_combine_dis_esdf: False
        visualize_gradient: False
      always_send_full_costmap: False
  global_costmap_client:
    ros__parameters:
      use_sim_time: False
  global_costmap_rclcpp_node:
    ros__parameters:
      use_sim_time: False

map_server:
  ros__parameters:
    use_sim_time: False
    yaml_filename: " "

map_saver:
  ros__parameters:
    use_sim_time: False
    save_map_timeout: 5.0
    free_thresh_default: 0.25
    occupied_thresh_default: 0.65
    map_subscribe_transient_local: False

planner_server:
  ros__parameters:
    odom_topic: /odom/current_pose
    use_sim_time: False
    expected_planner_frequency: 20.0
    # extension line
    need_extension: False
    extension_dis: 0.5
    extension_step_size: 0.05
    # planning path generation format
    use_fixed_spacing_trajectory_generation: True
    use_history_path_info: False
    # tracking function 
    fov_near_goal_dist: 5.0
    out_of_fov_threshold: 20.0
    # collision checker
    use_esdf_collision_checker: False
    three_circle_check_margin: 0.03
    three_circle_fine_check_sample_res: 0.05
    # pp + fem get optimized path
    enable_pp_fem_debug_output: False
    # esdf info
    build_global_esdf_map: True
    build_local_esdf_map: True
    global_esdf_visualizer_open: False
   …(截斷 400 行)
@@FILE /opt/robot/robot_arc/install/navigo_charging_alignment/share/navigo_charging_alignment/config/XG/charging_alignment_params.yaml
# ZSIBOT Charging Alignment Configuration
# Modular architecture with three alignment phases
# Enhanced with 6DOF target pose support aligned with arc_state_machine parameters

charging_alignment_server:
  ros__parameters:
    # =========================================================================
    # System Configuration
    # =========================================================================
    system:
      status_publish_frequency: 50.0 # Hz - Continuous state publishing
      execution_frequency: 100.0 # Hz - Real-time processing
      max_data_age: 1.0 # seconds - Data validity threshold
      enable_debug_output: true # JSON debug information
      enable_visualization: true # RViz error vectors
      enable_performance_monitoring: true
      performance_report_interval: 10.0 # seconds

    # =========================================================================
    # Velocity Optimization Parameters
    # =========================================================================
    velocity_optimization:
      velocity_smoothing_frequency: 100.0 # Hz - Should match execution_frequency
      low_pass_filter_tau: 0.008 # Time constant for low pass filter
      scale_velocities: false # Enable proportional velocity scaling

      # Velocity limits (absolute bounds)
      max_positive_velocity: [ 0.50, 0.50, 2.5 ]   # [vx, vy, vyaw] m/s, rad/s
      min_negative_velocity: [ -0.50, -0.50, -2.5 ] # [vx, vy, vyaw] m/s, rad/s

      # Minimum velocity thresholds (deadband boundaries)
      min_positive_velocity: [ 0.01, 0.01, 0.01 ]    # [vx, vy, vyaw] m/s, rad/s
      max_negative_velocity: [ -0.01, -0.01, -0.01 ] # [vx, vy, vyaw] m/s, rad/s

      # Acceleration/Deceleration limits
      max_accel: [ 2.5, 2.5, 3.2 ] # [vx, vy, vyaw] m/s², rad/s²
      max_decel: [ -2.5, -2.5, -3.2 ] # [vx, vy, vyaw] m/s², rad/s²

      # Deadband (output filtering)
      deadband_velocity: [ 0.0, 0.0, 0.0 ] # [vx, vy, vyaw] m/s, rad/s

    # =========================================================================
    # Safety Parameters
    # =========================================================================
    safety:
      emergency_stop_timeout: 5.0 # seconds
      max_execution_time: 30.0 # seconds per alignment
      enable_safety_checks: true

    # =========================================================================
    # Coarse Alignment Module (3DOF控制 + 6DOF收敛检查)
    # 结束条件对应: arc_state_machine.fine_start_pose
    # =========================================================================
    coarse:
      # Edge trigger mode: Only enter RUNNING on activation condition rising edge (false→true)
      # true:  After completion, stays in STANDBY even if conditions remain met (recommended)
      # false: Legacy behavior - enters RUNNING whenever conditions are met
      enable_edge_trigger_mode: true

      # PID控制器参数
      x_pid:
        kp: 0.5
        ki: 0.08
        kd: 0.15
        windup_limit: 0.3
        output_limit: 0.3

      y_pid:
        kp: 1.2
        ki: 0.08
        kd: 0.20
        windup_limit: 0.3
        output_limit: 0.3

      yaw_pid:
        kp: 1.5
        ki: 0.10
        kd: 0.20
        windup_limit: 0.5
        output_limit: 0.5

      # 速度限制
      limits:
        max_linear_velocity: 0.3 # m/s
        max_angular_velocity: 0.5 # rad/s

      control_frequency: 100.0 # Hz

      # Target pose is now provided by arc_state_machine via /arc/coarse_alignment_mode_cmd
      # Configuration location: arc_state_machine/config/arc_state_machine_params.yaml -> transition.fine_start_pose
      # target_pose:
      #   x: 2.0
      #   y: 0.0
      #   z: 0.0
      #   yaw: 0.0
      #   pitch: 0.0
      #   roll: 0.0
      #   x_tol: 0.1
      #   y_tol: 0.1
      #   z_tol: 1.0
      #   yaw_tol: 0.052
      #   pitch_tol: 1.0
      #   roll_tol: 1.0

    # =========================================================================
    # Fine Alignment Module (3DOF控制 + 6DOF收敛检查)
    # 结束条件对应: arc_state_machine.contact_start_pose
    # =========================================================================
    fine:
      # Edge trigger mode: Only enter RUNNING on activation condition rising edge (false→true)
      # true:  After completion, stays in STANDBY even if conditions remain met (recommended)
      # false: Legacy behavior - enters RUNNING whenever conditions are met
      enable_edge_trigger_mode: true

      # PID控制器参数
      x_pid:
        kp: 0.8
        ki: 0.08
        kd: 0.25
        windup_limit: 0.15
        output_limit: 0.15

      y_pid:
        kp: 1.8
        ki: 0.10
        kd: 0.25
        windup_limit: 0.15
        output_limit: 0.15

      yaw_pid:
        kp: 0.8
        ki: 0.08
        kd: 0.15
        windup_limit: 0.2
        output_limit: 0.2

      # 速度限制
      limits:
        max_linear_velocity: 0.15   # m/s (fallback)
        max_linear_velocity_x: 0.15 # m/s
        max_linear_velocity_y: 0.15 # m/s
        max_angular_velocity: 0.2   # rad/s

      control_frequency: 100.0 # Hz
      stability_time: 1.0 # seconds to maintain convergence

      # Strict tolerances for Y_YAW_ONLY -> X_ONLY stage transition
      y_strict_tolerance: 0.02    # m
      yaw_strict_tolerance: 0.0175 # rad

      # Target pose is now provided by arc_state_machine via /arc/fine_alignment_mode_cmd
      # Configuration location: arc_state_machine/config/arc_state_machine_params.yaml -> transition.contact_start_pose
      # target_pose:
      #   x: -0.04
      #   y: 0.0
      #   z: 0.0
      #   yaw: 0.0
      #   pitch: 0.0
      #   roll: 0.0
      #   x_tol: 0.04
      #   y_tol: 0.02
      #   z_tol: 1.0
      #   yaw_tol: 0.0175
      #   pitch_tol: 1.0
      #   roll_tol: 1.0

    # =========================================================================
    # Contact Alignment Module (支持6DOF位姿控制)
    # 结束条件对应: arc_state_machine.contact_end_pose
    # =========================================================================
    contact:
      # Edge trigger mode: Only enter RUNNING on activation condition rising edge (false→true)
      # true:  After completion, stays in STANDBY even if conditions remain met (recommended)
      # false: Legacy behavior - enters RUNNING whenever conditions are met
      enable_edge_trigger_mode: true

      onetime_control: true # keep publish first cmd
      approach_velocity: 0.02 # m/s - approach velocity
      contact_timeout: 30.0 # seconds
      position_update_frequency: 100.0 # Hz
      enable_force_feedback: false # Future feature

      # Target pose is now provided by arc_state_machine via /arc/contact_alignment_mode_cmd
      # Configuration location: arc_state_machine/config/arc_state_machine_params.yaml -> transition.contact_end_pose
      # target_pose:
      #   x: 0.0
      #   y: 0.0
      #   z: 0.0
      #   yaw: 0.0
      #   pitch: 0.0
      #   roll: 0.0
      #   x_tol: 0.015
      #   y_tol: 0.015
      #   z_tol: 0.005
      #   yaw_tol: 0.0087
      #   pitch_tol: 0.175
      #   roll_tol: 0.175   …(截斷 400 行)
@@FILE /opt/robot/robot_arc/install/navigo_charging_alignment/share/navigo_charging_alignment/config/XGW/charging_alignment_params.yaml
# ZSIBOT Charging Alignment Configuration
# Modular architecture with three alignment phases
# Enhanced with 6DOF target pose support aligned with arc_state_machine parameters

charging_alignment_server:
  ros__parameters:
    # =========================================================================
    # System Configuration
    # =========================================================================
    system:
      status_publish_frequency: 50.0 # Hz - Continuous state publishing
      execution_frequency: 100.0 # Hz - Real-time processing
      max_data_age: 1.0 # seconds - Data validity threshold
      enable_debug_output: true # JSON debug information
      enable_visualization: true # RViz error vectors
      enable_performance_monitoring: true
      performance_report_interval: 10.0 # seconds

    # =========================================================================
    # Velocity Optimization Parameters
    # =========================================================================
    velocity_optimization:
      velocity_smoothing_frequency: 100.0 # Hz - Should match execution_frequency
      low_pass_filter_tau: 0.008 # Time constant for low pass filter
      scale_velocities: false # Enable proportional velocity scaling

      # Velocity limits (absolute bounds)
      max_positive_velocity: [ 0.50, 0.50, 2.5 ]   # [vx, vy, vyaw] m/s, rad/s
      min_negative_velocity: [ -0.50, -0.50, -2.5 ] # [vx, vy, vyaw] m/s, rad/s

      # Minimum velocity thresholds (deadband boundaries)
      min_positive_velocity: [ 0.01, 0.01, 0.01 ]    # [vx, vy, vyaw] m/s, rad/s
      max_negative_velocity: [ -0.01, -0.01, -0.01 ] # [vx, vy, vyaw] m/s, rad/s

      # Acceleration/Deceleration limits
      max_accel: [ 2.5, 2.5, 3.2 ] # [vx, vy, vyaw] m/s², rad/s²
      max_decel: [ -2.5, -2.5, -3.2 ] # [vx, vy, vyaw] m/s², rad/s²

      # Deadband (output filtering)
      deadband_velocity: [ 0.0, 0.0, 0.0 ] # [vx, vy, vyaw] m/s, rad/s

    # =========================================================================
    # Safety Parameters
    # =========================================================================
    safety:
      emergency_stop_timeout: 5.0 # seconds
      max_execution_time: 30.0 # seconds per alignment
      enable_safety_checks: true

    # =========================================================================
    # Coarse Alignment Module (3DOF控制 + 6DOF收敛检查)
    # 结束条件对应: arc_state_machine.fine_start_pose
    # =========================================================================
    coarse:
      # Edge trigger mode: Only enter RUNNING on activation condition rising edge (false→true)
      # true:  After completion, stays in STANDBY even if conditions remain met (recommended)
      # false: Legacy behavior - enters RUNNING whenever conditions are met
      enable_edge_trigger_mode: true

      # PID控制器参数
      x_pid:
        kp: 0.5
        ki: 0.08
        kd: 0.15
        windup_limit: 0.3
        output_limit: 0.3

      y_pid:
        kp: 1.2
        ki: 0.08
        kd: 0.20
        windup_limit: 0.3
        output_limit: 0.3

      yaw_pid:
        kp: 1.5
        ki: 0.10
        kd: 0.20
        windup_limit: 0.5
        output_limit: 0.5

      # 速度限制
      limits:
        max_linear_velocity: 0.3 # m/s
        max_angular_velocity: 0.5 # rad/s

      control_frequency: 100.0 # Hz

      # Target pose is now provided by arc_state_machine via /arc/coarse_alignment_mode_cmd
      # Configuration location: arc_state_machine/config/arc_state_machine_params.yaml -> transition.fine_start_pose
      # target_pose:
      #   x: 2.0
      #   y: 0.0
      #   z: 0.0
      #   yaw: 0.0
      #   pitch: 0.0
      #   roll: 0.0
      #   x_tol: 0.1
      #   y_tol: 0.1
      #   z_tol: 1.0
      #   yaw_tol: 0.052
      #   pitch_tol: 1.0
      #   roll_tol: 1.0

    # =========================================================================
    # Fine Alignment Module (3DOF控制 + 6DOF收敛检查)
    # 结束条件对应: arc_state_machine.contact_start_pose
    # =========================================================================
    fine:
      # Edge trigger mode: Only enter RUNNING on activation condition rising edge (false→true)
      # true:  After completion, stays in STANDBY even if conditions remain met (recommended)
      # false: Legacy behavior - enters RUNNING whenever conditions are met
      enable_edge_trigger_mode: true

      # PID控制器参数
      x_pid:
        kp: 0.8
        ki: 0.08
        kd: 0.25
        windup_limit: 0.15
        output_limit: 0.15

      y_pid:
        kp: 1.8
        ki: 0.10
        kd: 0.25
        windup_limit: 0.15
        output_limit: 0.15

      yaw_pid:
        kp: 0.8
        ki: 0.08
        kd: 0.15
        windup_limit: 0.2
        output_limit: 0.2

      # 速度限制
      limits:
        max_linear_velocity: 0.15   # m/s (fallback)
        max_linear_velocity_x: 0.15 # m/s
        max_linear_velocity_y: 0.15 # m/s
        max_angular_velocity: 0.2   # rad/s

      control_frequency: 100.0 # Hz
      stability_time: 1.0 # seconds to maintain convergence

      # Strict tolerances for Y_YAW_ONLY -> X_ONLY stage transition
      y_strict_tolerance: 0.02    # m
      yaw_strict_tolerance: 0.052 # rad

      # Target pose is now provided by arc_state_machine via /arc/fine_alignment_mode_cmd
      # Configuration location: arc_state_machine/config/arc_state_machine_params.yaml -> transition.contact_start_pose
      # target_pose:
      #   x: -0.04
      #   y: 0.0
      #   z: 0.0
      #   yaw: 0.0
      #   pitch: 0.0
      #   roll: 0.0
      #   x_tol: 0.04
      #   y_tol: 0.02
      #   z_tol: 1.0
      #   yaw_tol: 0.0175
      #   pitch_tol: 1.0
      #   roll_tol: 1.0

    # =========================================================================
    # Contact Alignment Module (支持6DOF位姿控制)
    # 结束条件对应: arc_state_machine.contact_end_pose
    # =========================================================================
    contact:
      # Edge trigger mode: Only enter RUNNING on activation condition rising edge (false→true)
      # true:  After completion, stays in STANDBY even if conditions remain met (recommended)
      # false: Legacy behavior - enters RUNNING whenever conditions are met
      enable_edge_trigger_mode: true

      onetime_control: true # keep publish first cmd
      approach_velocity: 0.02 # m/s - approach velocity
      contact_timeout: 30.0 # seconds
      position_update_frequency: 100.0 # Hz
      enable_force_feedback: false # Future feature

      # Target pose is now provided by arc_state_machine via /arc/contact_alignment_mode_cmd
      # Configuration location: arc_state_machine/config/arc_state_machine_params.yaml -> transition.contact_end_pose
      # target_pose:
      #   x: 0.0
      #   y: 0.0
      #   z: 0.0
      #   yaw: 0.0
      #   pitch: 0.0
      #   roll: 0.0
      #   x_tol: 0.015
      #   y_tol: 0.015
      #   z_tol: 0.005
      #   yaw_tol: 0.0087
      #   pitch_tol: 0.175
      #   roll_tol: 0.175   …(截斷 400 行)
@@FILE /opt/robot/robot_arc/install/navigo_charging_alignment/share/navigo_charging_alignment/config/ZGW/charging_alignment_params.yaml
# ZSIBOT Charging Alignment Configuration
# Modular architecture with three alignment phases
# Enhanced with 6DOF target pose support aligned with arc_state_machine parameters

charging_alignment_server:
  ros__parameters:
    # =========================================================================
    # System Configuration
    # =========================================================================
    system:
      status_publish_frequency: 50.0 # Hz - Continuous state publishing
      execution_frequency: 100.0 # Hz - Real-time processing
      max_data_age: 1.0 # seconds - Data validity threshold
      enable_debug_output: true # JSON debug information
      enable_visualization: true # RViz error vectors
      enable_performance_monitoring: true
      performance_report_interval: 10.0 # seconds

    # =========================================================================
    # Velocity Optimization Parameters
    # =========================================================================
    velocity_optimization:
      velocity_smoothing_frequency: 100.0 # Hz - Should match execution_frequency
      low_pass_filter_tau: 0.008 # Time constant for low pass filter
      scale_velocities: false # Enable proportional velocity scaling

      # Velocity limits (absolute bounds)
      max_positive_velocity: [ 0.50, 0.350, 2.5 ]   # [vx, vy, vyaw] m/s, rad/s
      min_negative_velocity: [ -0.50, -0.350, -2.5 ] # [vx, vy, vyaw] m/s, rad/s

      # Minimum velocity thresholds (deadband boundaries)
      min_positive_velocity: [ 0.01, 0.017, 0.01 ]    # [vx, vy, vyaw] m/s, rad/s
      max_negative_velocity: [ -0.01, -0.017, -0.01 ] # [vx, vy, vyaw] m/s, rad/s

      # Acceleration/Deceleration limits
      max_accel: [ 2.5, 2.5, 3.2 ] # [vx, vy, vyaw] m/s², rad/s²
      max_decel: [ -2.5, -2.5, -3.2 ] # [vx, vy, vyaw] m/s², rad/s²

      # Deadband (output filtering)
      deadband_velocity: [ 0.0, 0.0, 0.0 ] # [vx, vy, vyaw] m/s, rad/s

    # =========================================================================
    # Safety Parameters
    # =========================================================================
    safety:
      emergency_stop_timeout: 5.0 # seconds
      max_execution_time: 30.0 # seconds per alignment
      enable_safety_checks: true

    # =========================================================================
    # Coarse Alignment Module (3DOF控制 + 6DOF收敛检查)
    # 结束条件对应: arc_state_machine.fine_start_pose
    # =========================================================================
    coarse:
      # Edge trigger mode: Only enter RUNNING on activation condition rising edge (false→true)
      # true:  After completion, stays in STANDBY even if conditions remain met (recommended)
      # false: Legacy behavior - enters RUNNING whenever conditions are met
      enable_edge_trigger_mode: true

      # PID控制器参数
      x_pid:
        kp: 0.5
        ki: 0.08
        kd: 0.15
        windup_limit: 0.3
        output_limit: 0.3

      y_pid:
        kp: 1.2
        ki: 0.08
        kd: 0.20
        windup_limit: 0.3
        output_limit: 0.3

      yaw_pid:
        kp: 1.5
        ki: 0.10
        kd: 0.20
        windup_limit: 0.5
        output_limit: 0.5

      # 速度限制
      limits:
        max_linear_velocity: 0.3 # m/s
        max_angular_velocity: 0.5 # rad/s

      control_frequency: 100.0 # Hz

      # Target pose is now provided by arc_state_machine via /arc/coarse_alignment_mode_cmd
      # Configuration location: arc_state_machine/config/arc_state_machine_params.yaml -> transition.fine_start_pose
      # target_pose:
      #   x: 2.0
      #   y: 0.0
      #   z: 0.0
      #   yaw: 0.0
      #   pitch: 0.0
      #   roll: 0.0
      #   x_tol: 0.1
      #   y_tol: 0.1
      #   z_tol: 1.0
      #   yaw_tol: 0.052
      #   pitch_tol: 1.0
      #   roll_tol: 1.0

    # =========================================================================
    # Fine Alignment Module (3DOF控制 + 6DOF收敛检查)
    # 结束条件对应: arc_state_machine.contact_start_pose
    # =========================================================================
    fine:
      # Edge trigger mode: Only enter RUNNING on activation condition rising edge (false→true)
      # true:  After completion, stays in STANDBY even if conditions remain met (recommended)
      # false: Legacy behavior - enters RUNNING whenever conditions are met
      enable_edge_trigger_mode: true

      # PID控制器参数
      x_pid:
        kp: 0.8
        ki: 0.08
        kd: 0.25
        windup_limit: 0.15
        output_limit: 0.15

      y_pid:
        kp: 1.8
        ki: 0.10
        kd: 0.25
        windup_limit: 0.15
        output_limit: 0.15

      yaw_pid:
        kp: 0.8
        ki: 0.08
        kd: 0.15
        windup_limit: 0.2
        output_limit: 0.2

      # 速度限制
      limits:
        max_linear_velocity: 0.15   # m/s (fallback)
        max_linear_velocity_x: 0.15 # m/s
        max_linear_velocity_y: 0.08 # m/s
        max_angular_velocity: 0.2   # rad/s

      control_frequency: 50.0 # Hz
      stability_time: 1.0 # seconds to maintain convergence

      # Strict tolerances for Y_YAW_ONLY -> X_ONLY stage transition
      y_strict_tolerance: 0.035    # m
      yaw_strict_tolerance: 0.055 # rad

      # Target pose is now provided by arc_state_machine via /arc/fine_alignment_mode_cmd
      # Configuration location: arc_state_machine/config/arc_state_machine_params.yaml -> transition.contact_start_pose
      # target_pose:
      #   x: -0.04
      #   y: 0.0
      #   z: 0.0
      #   yaw: 0.0
      #   pitch: 0.0
      #   roll: 0.0
      #   x_tol: 0.04
      #   y_tol: 0.02
      #   z_tol: 1.0
      #   yaw_tol: 0.0175
      #   pitch_tol: 1.0
      #   roll_tol: 1.0

    # =========================================================================
    # Contact Alignment Module (支持6DOF位姿控制)
    # 结束条件对应: arc_state_machine.contact_end_pose
    # =========================================================================
    contact:
      # Edge trigger mode: Only enter RUNNING on activation condition rising edge (false→true)
      # true:  After completion, stays in STANDBY even if conditions remain met (recommended)
      # false: Legacy behavior - enters RUNNING whenever conditions are met
      enable_edge_trigger_mode: true

      onetime_control: true # keep publish first cmd
      approach_velocity: 0.02 # m/s - approach velocity
      contact_timeout: 30.0 # seconds
      position_update_frequency: 100.0 # Hz
      enable_force_feedback: false # Future feature

      # Target pose is now provided by arc_state_machine via /arc/contact_alignment_mode_cmd
      # Configuration location: arc_state_machine/config/arc_state_machine_params.yaml -> transition.contact_end_pose
      # target_pose:
      #   x: 0.0
      #   y: 0.0
      #   z: 0.0
      #   yaw: 0.0
      #   pitch: 0.0
      #   roll: 0.0
      #   x_tol: 0.015
      #   y_tol: 0.015
      #   z_tol: 0.005
      #   yaw_tol: 0.0087
      #   pitch_tol: 0.175
      #   roll_tol: 0.175   …(截斷 400 行)
@@FILE /opt/robot/robot_arc/install/navigo_charging_alignment/share/navigo_charging_alignment/config/ZG/charging_alignment_params.yaml
# ZSIBOT Charging Alignment Configuration
# Modular architecture with three alignment phases
# Enhanced with 6DOF target pose support aligned with arc_state_machine parameters

charging_alignment_server:
  ros__parameters:
    # =========================================================================
    # System Configuration
    # =========================================================================
    system:
      status_publish_frequency: 50.0 # Hz - Continuous state publishing
      execution_frequency: 100.0 # Hz - Real-time processing
      max_data_age: 1.0 # seconds - Data validity threshold
      enable_debug_output: true # JSON debug information
      enable_visualization: true # RViz error vectors
      enable_performance_monitoring: true
      performance_report_interval: 10.0 # seconds

    # =========================================================================
    # Velocity Optimization Parameters
    # =========================================================================
    velocity_optimization:
      velocity_smoothing_frequency: 100.0 # Hz - Should match execution_frequency
      low_pass_filter_tau: 0.008 # Time constant for low pass filter
      scale_velocities: false # Enable proportional velocity scaling

      # Velocity limits (absolute bounds)
      max_positive_velocity: [ 0.50, 0.50, 2.5 ]   # [vx, vy, vyaw] m/s, rad/s
      min_negative_velocity: [ -0.50, -0.50, -2.5 ] # [vx, vy, vyaw] m/s, rad/s

      # Minimum velocity thresholds (deadband boundaries)
      min_positive_velocity: [ 0.01, 0.01, 0.01 ]    # [vx, vy, vyaw] m/s, rad/s
      max_negative_velocity: [ -0.01, -0.01, -0.01 ] # [vx, vy, vyaw] m/s, rad/s

      # Acceleration/Deceleration limits
      max_accel: [ 2.5, 2.5, 3.2 ] # [vx, vy, vyaw] m/s², rad/s²
      max_decel: [ -2.5, -2.5, -3.2 ] # [vx, vy, vyaw] m/s², rad/s²

      # Deadband (output filtering)
      deadband_velocity: [ 0.0, 0.0, 0.0 ] # [vx, vy, vyaw] m/s, rad/s

    # =========================================================================
    # Safety Parameters
    # =========================================================================
    safety:
      emergency_stop_timeout: 5.0 # seconds
      max_execution_time: 30.0 # seconds per alignment
      enable_safety_checks: true

    # =========================================================================
    # Coarse Alignment Module (3DOF控制 + 6DOF收敛检查)
    # 结束条件对应: arc_state_machine.fine_start_pose
    # =========================================================================
    coarse:
      # Edge trigger mode: Only enter RUNNING on activation condition rising edge (false→true)
      # true:  After completion, stays in STANDBY even if conditions remain met (recommended)
      # false: Legacy behavior - enters RUNNING whenever conditions are met
      enable_edge_trigger_mode: true

      # PID控制器参数
      x_pid:
        kp: 0.5
        ki: 0.08
        kd: 0.15
        windup_limit: 0.3
        output_limit: 0.3

      y_pid:
        kp: 1.2
        ki: 0.08
        kd: 0.20
        windup_limit: 0.3
        output_limit: 0.3

      yaw_pid:
        kp: 1.5
        ki: 0.10
        kd: 0.20
        windup_limit: 0.5
        output_limit: 0.5

      # 速度限制
      limits:
        max_linear_velocity: 0.3 # m/s
        max_angular_velocity: 0.5 # rad/s

      control_frequency: 100.0 # Hz

      # Target pose is now provided by arc_state_machine via /arc/coarse_alignment_mode_cmd
      # Configuration location: arc_state_machine/config/arc_state_machine_params.yaml -> transition.fine_start_pose
      # target_pose:
      #   x: 2.0
      #   y: 0.0
      #   z: 0.0
      #   yaw: 0.0
      #   pitch: 0.0
      #   roll: 0.0
      #   x_tol: 0.1
      #   y_tol: 0.1
      #   z_tol: 1.0
      #   yaw_tol: 0.052
      #   pitch_tol: 1.0
      #   roll_tol: 1.0

    # =========================================================================
    # Fine Alignment Module (3DOF控制 + 6DOF收敛检查)
    # 结束条件对应: arc_state_machine.contact_start_pose
    # =========================================================================
    fine:
      # Edge trigger mode: Only enter RUNNING on activation condition rising edge (false→true)
      # true:  After completion, stays in STANDBY even if conditions remain met (recommended)
      # false: Legacy behavior - enters RUNNING whenever conditions are met
      enable_edge_trigger_mode: true

      # PID控制器参数
      x_pid:
        kp: 0.8
        ki: 0.08
        kd: 0.25
        windup_limit: 0.15
        output_limit: 0.15

      y_pid:
        kp: 1.8
        ki: 0.10
        kd: 0.25
        windup_limit: 0.15
        output_limit: 0.15

      yaw_pid:
        kp: 0.8
        ki: 0.08
        kd: 0.15
        windup_limit: 0.2
        output_limit: 0.2

      # 速度限制
      limits:
        max_linear_velocity: 0.15   # m/s (fallback)
        max_linear_velocity_x: 0.15 # m/s
        max_linear_velocity_y: 0.15 # m/s
        max_angular_velocity: 0.2   # rad/s

      control_frequency: 100.0 # Hz
      stability_time: 1.0 # seconds to maintain convergence

      # Strict tolerances for Y_YAW_ONLY -> X_ONLY stage transition
      y_strict_tolerance: 0.01    # m
      yaw_strict_tolerance: 0.009 # rad

      # Target pose is now provided by arc_state_machine via /arc/fine_alignment_mode_cmd
      # Configuration location: arc_state_machine/config/arc_state_machine_params.yaml -> transition.contact_start_pose
      # target_pose:
      #   x: -0.04
      #   y: 0.0
      #   z: 0.0
      #   yaw: 0.0
      #   pitch: 0.0
      #   roll: 0.0
      #   x_tol: 0.04
      #   y_tol: 0.02
      #   z_tol: 1.0
      #   yaw_tol: 0.0175
      #   pitch_tol: 1.0
      #   roll_tol: 1.0

    # =========================================================================
    # Contact Alignment Module (支持6DOF位姿控制)
    # 结束条件对应: arc_state_machine.contact_end_pose
    # =========================================================================
    contact:
      # Edge trigger mode: Only enter RUNNING on activation condition rising edge (false→true)
      # true:  After completion, stays in STANDBY even if conditions remain met (recommended)
      # false: Legacy behavior - enters RUNNING whenever conditions are met
      enable_edge_trigger_mode: true

      onetime_control: true # keep publish first cmd
      approach_velocity: 0.02 # m/s - approach velocity
      contact_timeout: 30.0 # seconds
      position_update_frequency: 100.0 # Hz
      enable_force_feedback: false # Future feature

      # Target pose is now provided by arc_state_machine via /arc/contact_alignment_mode_cmd
      # Configuration location: arc_state_machine/config/arc_state_machine_params.yaml -> transition.contact_end_pose
      # target_pose:
      #   x: 0.0
      #   y: 0.0
      #   z: 0.0
      #   yaw: 0.0
      #   pitch: 0.0
      #   roll: 0.0
      #   x_tol: 0.015
      #   y_tol: 0.015
      #   z_tol: 0.005
      #   yaw_tol: 0.0087
      #   pitch_tol: 0.175
      #   roll_tol: 0.175   …(截斷 400 行)
@@FILE /opt/robot/robot_arc/install/apriltag_localization/config/camera_calib.yaml
%YAML:1.0
---
camera_matrix: !!opencv-matrix
   rows: 3
   cols: 3
   dt: d
   data: [ 791.5004023272736, 0., 1005.0190564261223, 0.,
       791.5848171457094, 560.1217000128077, 0., 0., 1. ]
dist_coeffs: !!opencv-matrix
   rows: 1
   cols: 5
   dt: d
   data: [ -0.10389823212088466, 0.01117498710777802,
       3.587135904886769e-05, 8.83939765863256e-05,
       -0.0003010549043691094 ]   …(截斷 400 行)
@@FILE /opt/robot/robot_arc/install/apriltag_localization/config/apriltag_localization_pc_config.yaml
%YAML:1.0
---
image_path: "/home/user/work/data/apriltag_locazation/bag/bag_0924_afternoon/dynamic1.bag"
camera_intrinsic_path: "/ota/calibration_results.yaml"
state_machine_config_path: "./config/machine_status.txt"
hz: 10.0
arc_state_topic_name: /arc/arc_state
arc_cmd_topic_name: /arc/perception_mode_cmd
calibration_state_name: /arc/calibration_state
perception_state_name: /arc/perception_state
perception_dock_pose_name: /arc/perception_dock_pose
img_topic_name: /front_camera/image_compressed

detect_result_show: 0
detect_result_save: 0

tag_description:
    tag_family: "tag36h11"
    tagnum: 1

    # detection of quads can be done on a lower-resolution image,
    # improving speed at a cost of pose accuracy and a slight
    # decrease in detection rate. Decoding the binary payload is
    # still done at full resolution. .
    tag_quad_decimate: 2.0

    tag0:
        id: 0
        size: 0.15
        # [tx, ty, tz, qw, qx, qy, qz]
        pose: [0.0, 0.0, 0.0]

    tag_slave:
        id: 51
        size: 0.05
        # [tx, ty, tz, qw, qx, qy, qz]
        pose: [0.0, 0.0, 0.0]

T_baselink_camera: !!opencv-matrix
   rows: 4
   cols: 4
   dt: d
   data: [ -0.032000308089887665, 0.24270050222011955,
       0.96957333271012303, 0.14082514596425549, -0.99942188361686513,
       -0.018915968776012874, -0.028250452014003283,
       0.040318709182650805, 0.011484018969200947, -0.9699168231115578,
       0.24316551660819194, -0.019618440171811968, 0., 0., 0., 1. ]

T_tag_dockbase_calib: !!opencv-matrix
   rows: 4
   cols: 4
   dt: d
   data: [-0.1096289961, -0.9939641514, 0.0041280787, 0.0374383185,
          0.2390813830, -0.0223374774, 0.9707425270, -0.2687097515,
          -0.9647904008, 0.1074081438, 0.2400873183, 0.5101853426,
          0.0000000000, 0.0000000000, 0.0000000000, 1.0000000000]

T_tagonchargingbox_chargingbox: !!opencv-matrix
   rows: 4
   cols: 4
   dt: d
   data: [-0.029698, -0.999378, -0.018987,  0.038342,
          -0.001822, -0.018941,  0.999819,  0.170671,
          -0.999557,  0.029728, -0.001258, -0.168541,
           0., 0., 0., 1.]   …(截斷 400 行)
@@FILE /opt/robot/robot_arc/install/apriltag_localization/config/apriltag_localization_pc_config_middle_dog.yaml
%YAML:1.0
---
image_path: "/home/user/work/data/apriltag_locazation/bag/bag_0924_afternoon/dynamic1.bag"
camera_intrinsic_path: "/ota/calibration_results.yaml"
state_machine_config_path: "./config/machine_status.txt"
hz: 10.0
arc_state_topic_name: /arc/arc_state
arc_cmd_topic_name: /arc/perception_mode_cmd
calibration_state_name: /arc/calibration_state
perception_state_name: /arc/perception_state
perception_dock_pose_name: /arc/perception_dock_pose
img_topic_name: /front_camera/image_compressed 

detect_result_show: 0
detect_result_save: 0

tag_description:
    tag_family: "tag36h11"
    tagnum: 1

    # detection of quads can be done on a lower-resolution image,
    # improving speed at a cost of pose accuracy and a slight
    # decrease in detection rate. Decoding the binary payload is
    # still done at full resolution. .
    tag_quad_decimate: 2.0

    tag0:
        id: 0
        size: 0.15
        # [tx, ty, tz, qw, qx, qy, qz]
        pose: [0.0, 0.0, 0.0]

    tag_slave:
        id: 51
        size: 0.08
        # [tx, ty, tz, qw, qx, qy, qz]
        pose: [0.0, 0.0, 0.0]

T_baselink_camera: !!opencv-matrix
   rows: 4
   cols: 4
   dt: d
   data: [ 0.00442844, -0.00292847,  0.99998591,  0.43367031,
        -0.99945363, -0.03276731,  0.00433012,  0.00329756,
        0.03275417, -0.99945872, -0.00307198,  0.07760254,
        0., 0., 0., 1. ]

T_tag_dockbase_calib: !!opencv-matrix
   rows: 4
   cols: 4
   dt: d
   data: [-0.0163361293, -0.9987613235, 0.0469924469, -0.0142625967, 
          0.0404602585, 0.0462997312, 0.9981071987, -0.1976807813, 
          -0.9990473322, 0.0182062237, 0.0396532831, 0.9582816033, 
          0.0000000000, 0.0000000000, 0.0000000000, 1.0000000000]

T_tagonchargingbox_chargingbox: !!opencv-matrix
   rows: 4
   cols: 4
   dt: d
   data: [-0.015062, -0.999405,  0.031018, -0.002003,
         0.042586,  0.030352,  0.998631,  0.13991,
          -0.998979,  0.016362,  0.042103, -0.232682,
           0.       , 0.      ,  0.      ,  1.       ]   …(截斷 400 行)

======== ★★★ 5.3　nav2_params 的 plugin 段（上一趟被 head 截在 140 行，這次整份抓） ========
@@FILE /opt/robot/robot_nav/install/robot_nav2/share/robot_nav2/params/XG/nav2_params.yaml
bt_navigator:
  ros__parameters:
    use_sim_time: False
    global_frame: map
    robot_base_frame: base_link
    odom_topic: /odom/current_pose
    bt_loop_duration: 50
    transform_tolerance: 0.2
    default_server_timeout: 3000
    enable_groot_monitoring: False
    truncate_path_to_collision:
      enabled: False
      threshold: 2.0
      distance: 1.0
    default_controller_id: FollowPathLocalPlanner
    default_goal_tolerance:
      xy_goal_tolerance: 0.25
      yaw_goal_tolerance: 0.05
    plugin_lib_names:
      - navigo_back_up_action_bt_node
      - navigo_back_up_cancel_bt_node
      - navigo_clear_costmap_service_bt_node
      - navigo_clear_error_action_bt_node
      - navigo_compute_collision_distance_action_bt_node
      - navigo_compute_control_error_action_bt_node
      - navigo_compute_goal_distance_action_bt_node
      - navigo_compute_information_gain_action_bt_node
      - navigo_compute_path_through_poses_action_bt_node
      - navigo_compute_path_to_pose_action_bt_node
      - navigo_compute_paths_to_poses_action_bt_node
      - navigo_compute_spin_distance_action_bt_node
      - navigo_compute_uwb_goal_action_bt_node
      - navigo_decompose_convex_regions_action_bt_node
      - navigo_evaluate_goal_action_bt_node
      - navigo_evaluate_paths_action_bt_node
      - navigo_follow_path_action_bt_node
      - navigo_follow_path_cancel_bt_node
      - navigo_frtree_action_bt_node
      - navigo_general_conditions_bt_node
      - navigo_generate_leading_rays_action_bt_node
      - navigo_generate_relocalization_goal_action_bt_node
      - navigo_globally_updated_goal_condition_bt_node
      - navigo_globally_updated_goals_condition_bt_node
      - navigo_goal_reached_condition_bt_node
      - navigo_goal_updated_condition_bt_node
      - navigo_is_exploration_completed_condition_bt_node
      - navigo_is_exploration_goal_valid_condition_bt_node
      - navigo_is_goals_valid_condition_bt_node
      - navigo_is_localization_status_satisfied_condition_bt_node
      - navigo_is_path_valid_condition_bt_node
      - navigo_is_target_in_fov_condition_bt_node
      - navigo_optimize_path_service_bt_node
      - navigo_pipeline_sequence_bt_node
      - navigo_progress_check_bt_node
      - navigo_publish_debug_msgs_action_bt_node
      - navigo_rate_controller_bt_node
      - navigo_recover_invalid_goals_action_bt_node
      - navigo_recovery_node_bt_node
      - navigo_remove_passed_goals_action_bt_node
      - navigo_remove_passed_goals_loop_action_bt_node
      - navigo_reorganize_trajectory_action_bt_node
      - navigo_report_error_action_bt_node
      - navigo_reseparate_paths_action_bt_node
      - navigo_round_robin_node_bt_node
      - navigo_select_exploration_goal_action_bt_node
      - navigo_select_frontend_id_action_bt_node
      - navigo_select_frontend_ids_action_bt_node
      - navigo_select_patrol_goal_action_bt_node
      - navigo_select_patrol_mode_action_bt_node
      - navigo_select_sampled_goals_action_bt_node
      - navigo_separate_paths_action_bt_node
      - navigo_spin_action_bt_node
      - navigo_spin_cancel_bt_node
      - navigo_stitch_path_action_bt_node
      - navigo_time_expired_condition_bt_node
      - navigo_truncate_path_action_bt_node
      - navigo_truncate_path_local_action_bt_node
      - navigo_truncate_path_to_goal_action_bt_node
      - navigo_truncate_paths_action_bt_node
      - navigo_update_path_action_bt_node
      - navigo_wait_action_bt_node

bt_navigator_rclcpp_node:
  ros__parameters:
    use_sim_time: False

bt_navigator_navigate_to_pose_rclcpp_node:
  ros__parameters:
    debug: True
    use_sim_time: False
    target_lost_detect_min_dist: 1.5
    q0: 0.01
    q1: 0.04
    q2: 0.06
    r0: 0.058
    r1: 0.058
    r2: 0.06
    p_s: 0.85
    smoothing_window: 3
    d2_quantile: 0.99
    warmup_trace_threshold: 10.0

bt_navigator_navigate_through_poses_rclcpp_node:
  ros__parameters:
    debug: True
    use_sim_time: False
    multi_path_selector:
      # Global settings
      default_timeout_ms: 50.0
      enable_fast_pruning: True
      max_candidate_paths: 10
      min_candidate_paths: 2

      # Default scoring weights (must sum to ~1.0)
      default_weights:
        safety_weight: 0.3
        reference_deviation_weight: 0.3
        smoothness_weight: 0.20
        efficiency_weight: 0.15
        kinematic_feasibility_weight: 0.05

      # Fast pruner configuration
      fast_pruner:
        min_obstacle_distance: 0.15   # Minimum distance to obstacles (m)
        max_path_length: 10.0         # Maximum reasonable path length (m)
        max_curvature: 3.0            # Maximum allowed curvature (1/m)
        max_avg_curvature: 1.0        # Maximum average allowed curvature (1/m)
        min_point_separation: 0.1     # Minimum distance between path points (m)
        min_path_points: 3            # Minimum number of points in path
        collision_check_step: 1       # Step size for collision checking
        robot_radius: 0.35            # Robot radius for collision checking (m)

      # Safety critic configuration
      safety_critic:
        robot_radius: 0.35
        safe_distance_threshold: 0.8       # Distance considered "safe" (m)
        critical_distance_threshold: 0.40  # Distance considered "critical" (m)
        clearance_scaling_factor: 2.0      # Scaling for clearance-to-score conversion
        path_sampling_step: 1              # Step size for path point sampling

      # Reference deviation critic configuration
      reference_deviation_critic:
        max_lateral_deviation: 1.0       # Maximum acceptable lateral deviation (m)
        max_heading_deviation: 1.57      # Maximum acceptable heading deviation (rad, ~90 deg)
        lateral_weight: 0.7              # Weight for lateral deviation component
        heading_weight: 0.2              # Weight for heading deviation component
        endpoint_weight: 0.1             # Weight for endpoint deviation component
        normalize_by_path_length: True   # Whether to normalize by path length
        deviation_scaling_factor: 1.5    # Scaling factor for score conversion

      # Smoothness critic configuration 
      smoothness_critic:
        max_acceptable_curvature: 0.65       # Maximum acceptable curvature (1/m)
        max_acceptable_acceleration: 2.0     # Maximum acceptable acceleration (m/s^2）
        max_acceptable_angular_accel: 2.0    # Maximum angular acceleration (rad/s^2)
        curvature_weight: 0.4                # Weight for curvature component
        acceleration_weight: 0.3             # Weight for acceleration component
        angular_acceleration_weight: 0.2     # Weight for angular acceleration
        variation_weight: 0.1                # Weight for curvature variation component
        expected_velocity: 1.0               # Expected robot velocity for time estimation
        sharp_turn_threshold: 1.0            # Curvature threshold for sharp turn detection
        penalize_sharp_turns: true           # Whether to penalize sharp turns

      # Efficiency critic configuration
      efficiency_critic:
        expected_velocity: 1.0                # Expected robot velocity (m/s)
        length_weight: 0.4                    # Weight for path length component
        time_weight: 0.3                      # Weight for travel time component
        energy_weight: 0.2                    # Weight for energy cost component
        directness_weight: 0.1                # Weight for directness component
        max_acceptable_length: 10.0           # Maximum acceptable path length (m)
        max_acceptable_time: 10.0             # Maximum acceptable travel time (s)
        use_different_goals_evaluation: True  # Whether to evaluate multiple goals
        max_projection_distance: 5.0          # Maximum distance for projection (m)
        endpoint_tolerance: 1.0               # Allowed endpoint tolerance (m)

      # Kinematic feasibility critic configuration
      kinematic_feasibility_critic:
        min_turning_radius: 2.0           # Minimum turning radius for quadruped (m)
        max_turning_radius: 100.0         # Maximum reasonable turning radius (m)
        max_slope_angle: 0.5              # Maximum slope angle (~28 degrees, rad)
        max_velocity: 2.0                 # Maximum robot velocity (m/s)
        max_linear_acceleration: 2.0      # Maximum linear acceleration (m/s^2)
        max_lateral_acceleration: 2.0     # Maximum lateral acceleration (m/s^2)
        check_slope_constraints: False    # Whether to check slope constraints
        check_turning_constraints: True   # Whether to check turning constraints

bt_navigator_explore_through_poses_rclcpp_node:
  ros__parameters:
    debug: False
    use_sim_time: False

behavior_server:
  ros__parameters:
    odom_topic: /odom/current_pose
    costmap_topic: /navigo/lcc/cmn/vis/costmap_raw
    footprint_topic: /navigo/lcc/cmn/vis/published_footprint
    track_unknown_space: False
    cycle_frequency: 10.0
    behavior_plugins: [ "spin", "backup", "drive_on_heading", "wait" ]
    spin:
      plugin: "navigo_behaviors/Spin"
    backup:
      plugin: "navigo_behaviors/BackUp"
    drive_on_heading:
      plugin: "navigo_behaviors/DriveOnHeading"
    wait:
      plugin: "navigo_behaviors/Wait"
    global_frame: odom
    robot_base_frame: base_link
    transform_tolerance: 0.1
    use_sim_time: True
    simulate_ahead_time: 2.0
    max_rotational_vel: 1.2
    min_rotational_vel: 0.4
    rotational_acc_lim: 3.2

local_costmap:
  local_costmap:
    ros__parameters:
      odom_topic: /odom/current_pose
      update_frequency: 10.0
      publish_frequency: 10.0
      global_frame: odom
      robot_base_frame: base_link
      use_sim_time: False
      rolling_window: True
      width: 8
      height: 8
      resolution: 0.05
      plugins: [ "obstacle_layer", "electronic_map_layer", "inflation_layer" ]
      electronic_map_layer:
        plugin: "navigo_costmap_2d::ElectronicMapLayer"
        enabled: True
        electronic_map_topic: "/electronic_map"
        transform_tolerance: 0.1
        debug_mode: False
      inflation_layer:
        plugin: "navigo_costmap_2d::InflationLayer"
        cost_scaling_factor: 3.0
        inflation_radius: 0.05
      obstacle_layer:
        plugin: "navigo_costmap_2d::ObstacleLayer"
        enabled: True
        goal_safe_area: "[[0.40,0.4],[0.4,-0.4],[-0.4,-0.4],[-0.4,0.4]]"
        goal_clearing_enabled: True
        footprint_clearing_enabled: True
        planner_goal_valid_time_range: 5.0
        observation_persistence: 0.0
        observation_sources: scan
        scan:
          topic: /laser_scan
          max_obstacle_height: 2.0
          clearing: True
          marking: True
          inf_is_valid: True
          data_type: "LaserScan"
          raytrace_max_range: 8.0
          raytrace_min_range: 0.0
          obstacle_max_range: 8.5
          obstacle_min_range: 0.5
      always_send_full_costmap: True
  local_costmap_client:
    ros__parameters:
      use_sim_time: False
  local_costmap_rclcpp_node:
    ros__parameters:
      use_sim_time: False

local_costmap_controller:
  local_costmap_controller:
    ros__parameters:
      odom_topic: /odom/current_pose
      update_frequency: 10.0
      publish_frequency: 10.0
      global_frame: odom
      robot_base_frame: base_link
      use_sim_time: False
      rolling_window: True
      width: 8
      height: 8
      resolution: 0.05
      plugins: [ "obstacle_layer", "inflation_layer" ]
      static_layer:
        plugin: "navigo_costmap_2d::StaticLayer"
        map_subscribe_transient_local: False
      inflation_layer:
        plugin: "navigo_costmap_2d::InflationLayer"
        cost_scaling_factor: 3.0
        inflation_radius: 0.05
      obstacle_layer:
        plugin: "navigo_costmap_2d::ObstacleLayer"
        enabled: True
        goal_clearing_enabled: True
        planner_goal_valid_time_range: 5.0
        observation_persistence: 0.0
        observation_sources: scan
        scan:
          topic: /laser_scan
          max_obstacle_height: 2.0
          clearing: True
          marking: True
          inf_is_valid: True
          data_type: "LaserScan"
          raytrace_max_range: 8.0
          raytrace_min_range: 0.0
          obstacle_max_range: 8.5
          obstacle_min_range: 0.5

global_costmap:
  global_costmap:
    ros__parameters:
      odom_topic: /odom/current_pose
      map_topic: /navigo/ms/cmn/intf/map
      update_frequency: 10.0
      publish_frequency: 10.0
      resolution: 0.05
      global_frame: map
      robot_base_frame: base_link
      use_sim_time: False
      plugins: [ "static_layer", "electronic_map_layer", "inflation_layer", "frontier_layer" ]
      static_layer:
        plugin: "navigo_costmap_2d::StaticLayer"
        map_subscribe_transient_local: False
        footprint_clearing_enabled: True
        restore_cleared_footprint: True
      electronic_map_layer:
        plugin: "navigo_costmap_2d::ElectronicMapLayer"
        enabled: True
        electronic_map_topic: "/electronic_fence"
        transform_tolerance: 0.1
        debug_mode: False
      inflation_layer:
        plugin: "navigo_costmap_2d::InflationLayer"
        cost_scaling_factor: 3.0
        inflation_radius: 0.1
      frontier_layer:
        plugin: "navigo_costmap_2d::FrontierLayer"
        map_subscribe_transient_local: False
        obstacle_inflation_radius: 0.3
        obstacle_threshold: 65
        travel_point_type: "closest" #closest middle centroid
        frontier_min_size: 10
      esdf_layer:
        plugin: "navigo_costmap_2d::ESDFLayer"
        enabled: False
        esdf_pos_dis_topic_name: esdf_pos_distance_field
        esdf_neg_dis_topic_name: esdf_neg_distance_field
        esdf_combine_dis_topic_name: esdf_combine_distance_field
        esdf_gradient_topic_name: esdf_gradient
        visualize_pos_dis_esdf: False
        visualize_neg_dis_esdf: False
        visualize_combine_dis_esdf: False
        visualize_gradient: False
      always_send_full_costmap: False
  global_costmap_client:
    ros__parameters:
      use_sim_time: False
  global_costmap_rclcpp_node:
    ros__parameters:
      use_sim_time: False

map_server:
  ros__parameters:
    use_sim_time: False
    yaml_filename: " "

map_saver:
  ros__parameters:
    use_sim_time: False
    save_map_timeout: 5.0
    free_thresh_default: 0.25
    occupied_thresh_default: 0.65
    map_subscribe_transient_local: False

planner_server:
  ros__parameters:
    odom_topic: /odom/current_pose
    use_sim_time: False
    expected_planner_frequency: 20.0
    # extension line
    need_extension: False
    extension_dis: 0.5
    extension_step_size: 0.05
    # planning path generation format
    use_fixed_spacing_trajectory_generation: True
    use_history_path_info: False
    # tracking function 
    fov_near_goal_dist: 5.0
    out_of_fov_threshold: 20.0
    # collision checker
    use_esdf_collision_checker: False
    three_circle_check_margin: 0.03
    three_circle_fine_check_sample_res: 0.05
    # pp + fem get optimized path
    enable_pp_fem_debug_output: False
    # esdf info
    build_global_esdf_map: True
    build_local_esdf_map: True
    global_esdf_visualizer_open: False
    local_esdf_visualizer_open: False
    global_esdf_build_timeout: 10.0
    # 3D Topological Map info
    topo_map_pcd_file: ""
    global_3d_topo_build_timeout: 60.0 #s
    # Parallel planning configuration
    enable_parallel_planning: True
    max_parallel_goals: 5
    parallel_planning_timeout: 3.0
    # Log level set ["DEBUG" "INFO"]
    log_level: "DEBUG"
    # quadtree info
    quadtree:
      enable: True
      min_box_size: 4
      max_box_size: 100
      robot_radius_m: 0.1
    # corridor optimizer  
    preprocessor:
      dup_threshold: 0.1
      backtrack_angle_threshold: 2.618
      loop_distance_threshold: 2.0
      min_loop_points: 5
      sharp_turn_angle_threshold: 2.09
      sharp_turn_detection_window: 3.0
      enable_sharp_turn_detection: true
    corridor_builder:
      robot_radius: 0.35
      safety_margin: 0.15
      min_corridor_width: 0.5
      sample_distance: 0.2
      max_search_distance: 3.0
    # fem optimizer
    fem_opt:
      enable_fem_debug_switch: False
      enable_two_sided_constraint: True
      point_deviation_limits: 2.0
      enable_kappa_constraint: False
      osqp_weight_fem_pos_deviation: 10000.0
      osqp_weight_path_length: 1000.0
      osqp_weight_ref_deviation: 1.0
      sqp_weight_curvature_constraint_slack_var: 10000.0
      sqp_curvature_constraint: 0.10
      sqp_weight_fem_pos_deviation: 1000000.0
      sqp_weight_path_length: 1.0
      sqp_weight_ref_deviation: 10.0
    planner_plugins: [ "GridBasedST", "GridBasedSL", "ThreeDimTopoBased" ]
    GridBasedST:
      plugin: "navigo_spatial_temporal_planner/SpatialTemporalPlanner"
      # kino hybrid astar searcher
      kino_search:  
        step_arc: 0.9
        max_search_time: 2.0
        adaptive_timeout_base: 0.5
        max_forward_vel: 2.0
        max_forward_acc: 0.5
        max_backward_vel: 2.0
        max_backward_acc: 0.5
        max_yaw_acc: 1.0
        obstacle_safety_dist: 3.0
        omni_model_expansion_res: 0.5
        omni_model_dis_threshold: 6.0
        omni_model_yaw_expansion_res: 0.5
        omni_model_near_max_yaw_rate: 1.0
        omni_model_near_lateral_max_vel: 1.0
        omni_model_near_longitudinal_max_vel: 1.0
        omni_model_far_max_yaw_rate: 2.0
        omni_model_far_lateral_max_vel: 2.0
        omni_model_far_longitudinal_max_vel: 3.0
        trigger_shot_dis: 3.0
        check_num: 10
        allocate_num: 10000
        check_length: 0.05
        sample_time: 0.2
        max_cur: 5.0 #5.773
        wheel_base: 0.3
        non_singularity_vel: 0.1
        lambda_heu: 10.0
        traj_steer_penalty: 10.0
        traj_back_penalty: 20.0
        traj_forward_penalty: 1.0
        traj_gear_switch_penalty: 15.0
        traj_steer_change_penalty: 10.0
        traj_lateral_penalty: 10.0
        traj_ctrl_change_penalty: 5.0
        traj_spin_penalty: 10.0
        # new penalty
        switch_time: 1.0
        move_weight: 1.0
        backward_weight: 5.0
        acc_weight: 1.0
        yaw_acc_weight: 1.0
        yaw_weight: 2.0
        lateral_weight: 1.0
        switch_weight: 5.0
        node_deviation_weight: 5.0
        obstacle_dist_weight: 5.0
        map_resolution: 0.3
        yaw_resolution: 0.3
        rear_suspension: 0.15
        robot_width: 0.3
        robot_length: 0.6
        robot_lateral_margin: 0.05
        robot_longitudinal_margin: 0.05
        robot_left_margin: 0.05
        robot_right_margin: 0.05
        robot_front_margin: 0.05
        robot_back_margin: 0.05
        map_size_x: 500
        map_size_y: 500
        consider_lateral_move: True
        allow_reverse_expansion: False
        open_expansion_visualization: False
        # multiple points sample
        enable_start_goal_sampling: false
        sampling_radius: 10.0
        sampling_angle_range: 1.0
        num_sampling_points: 30
        max_connecting_path_length: 12.0
        # support model: "OmniMotionModel", "AckermannMotionModel"  
        enabled_motion_models: ["OmniMotionModel"] 
        use_3d_search: true   # enbale 3D search (x, y, yaw)                                                                                  │ │
        use_2d_search: false  # enable 2D search (x, y only)  
      # quadtree searcher
      quadtree_search:
        max_forward_vel: 1.0
        max_forward_acc: 2.0
        max_backward_vel: 0.6
        max_backward_acc: 4.0
        non_singularity_vel: 0.1
        sample_time: 0.2
        wheel_base: 0.3
        path_yaw_smooth_window_size: 5
        rear_suspension: 0.15
        robot_width: 0.3
        robot_length: 0.6
        robot_lateral_margin: 0.05
        robot_longitudinal_margin: 0.05
        allow_reverse_expansion: False
        enable_footprint_safety_check: False
        safety_offset_search_radius: 0.3
        safety_offset_resolution: 0.05
        max_path_adjustment_attempts: 3
        enable_footprint_visualization: True
        enable_path_visualization: True
        enable_multi_inflation_search: True
        inflation_sample_count: 7
        inflation_sampling_strategy: "adaptive"
        max_search_time_per_inflation_ms: 150.0
        enable_multi_inflation_visualization: True
        min_acceptable_inflation: 0.01
        prefer_higher_inflation: True
        cost_tolerance_ratio: 1.5
        enable_multi_inflation_fallback: True
      # tracking searcher
      tracking_search:
        tracking_max_tau: 0.6
        tracking_max_vel: 3.0
        tracking_max_acc: 3.0
        tracking_w_time: 10.0
        tracking_lambda_heu: 5.0
        tracking_check_num: 5
        tracking_w_predict: 0.5
        tracking_allocate_num: 5000
        tracking_map_size_x: 200
        tracking_map_size_y: 200
        tracking_map_res: 0.1
        tracking_shot_path_collision_res: 0.05
        max_search_time: 1.0
        polynomial_with_backend_opt: False
        robot_width: 0.3
        robot_length: 0.6
        robot_left_margin: 0.05
        robot_right_margin: 0.05
        robot_front_margin: 0.05
        robot_back_margin: 0.05
      # fast kino searcher
      fast_kino_search:
        max_nodes: 50000
        max_search_time: 0.04
        collision_check_steps: 2
        max_linear_vel: 2.0
        max_lateral_vel: 1.5
        max_diagonal_vel: 1.8
        max_angular_vel: 1.0
        motion_dt: 0.2
        coarse_resolution: 0.4
        fine_resolution: 0.2
        resolution_switch_dist: 3.0
        map_resolution: 0.1
        robot_radius: 0.3
        robot_width: 0.3
        robot_length: 0.6
        max_forward_vel: 2.0
        max_forward_acc: 2.0
        max_backward_vel: 0.6
        max_backward_acc: 2.0
        non_singularity_vel: 1.0
      # Hybrid quadtree kino searcher
      hybrid_quadtree_kino_search:
        max_guidance_distance: 3.0
        progression_bonus_weight: 1.5
        obstacle_density_weight: 0.5
        max_search_attempts: 1
        enable_adaptive_fallback: true
        enable_obstacle_aware_guidance: true
        enbale_guidance_visualization: false
      # safe drive corridor
      safe_drive_corridor:
        safe_drive_corridor_expand_step: 0.10
        safe_drive_corridor_expand_limit_bound: 2.0
        short_traj: 5.0
        traj_piece_duration_low: 1.0
        middle_traj: 10.0
        traj_piece_duration_middle: 2.0
        traj_piece_duration_large: 4.0
        side_piece_res: 20
        inter_piece_res: 10
        safe_corridor_obstacle_margin: 0.5
        safe_corridor_use_dynamic_shrink: False
        safe_corridor_min_expansion_ratio: 0.3
        min_corridor_clearance: 0.5
        max_clearance_adjustment_iters: 10
        enable_clearance_visualization: False
        corridor_generation_strategy: "uniform"
        adaptive_far_distance_threshold: 0.8
        adaptive_medium_distance_threshold: 0.6
        adaptive_near_distance_threshold: 0.3
        adaptive_far_expansion_factor: 1.0
        adaptive_medium_expansion_factor: 0.7
        adaptive_near_expansion_factor: 0.4
        adaptive_enable_trajectory_adjustment: False
        adaptive_trajectory_adjustment_step: 0.05
        adaptive_max_adjustment_iters: 10
      # back-end optimizer
      spatial_temporal_backend_opt:
        wheel_base: 0.3
        rear_suspension: 0.15
        robot_width: 0.3
        robot_length: 0.6
        max_forward_cur: 5.0
        max_backward_cur: 5.0
        max_forward_vel: 2.0
        max_forward_acc: 0.5
        max_backward_vel: 2.0
        max_backward_acc: 0.5
        non_singularity_vel: 0.1
        wei_cur: 1.0
        wei_time: 500.0
        wei_static_obs: 5000.0
        wei_dynamic_obs: 1000.0
        wei_feasibility: 200.0
        maximum_acceptable_cost: 500000.0
        dynamic_safety_dis: 0.1
        use_gear_opt: False
        eps_help: 0.0001
        minimum_time: 0.1
        log_sum_exp_alpha: 100.0
        half_margin: 0.025
        side_piece_res: 20
        inter_piece_res: 10
        # lbfgs
        lbfgs_past: 3
        lbfgs_delta: 0.005
        lbfgs_min_step: 1.0e-16
        lbfgs_mem_size: 64
        lbfgs_max_iter: 500
        lbfgs_g_epsilon: 1.0e-5
        # Two-stage optimization
        enable_two_stage_optimization: True
        stage1_max_iter: 40
        stage2_max_iter: 30
        stage1_g_epsilon: 1.0e-3
        stage2_g_epsilon: 1.0e-5
        stage1_weight_scale: 0.3
    GridBasedSL:
      plugin: "navigo_straight_line_planner/StraightLinePlanner"
      allow_reversing: True
      traj_res: 0.05
      # extension line
      extension_dis: 4.0
      extension_step_size: 0.1
      uwb_nav_mode_safety_threshold: 0.8
    ThreeDimTopoBased:
      plugin: "navigo_3d_topo_global_planner/Navigo3DTopoGlobalPlanner"
      # Map file configuration
      global_frame: "map"
      pcd_map_file: ""  # Set to your PCD file path
      # 3D Topological Map parameters
      safety_margin: 0.1
      octree_resolution: 0.2
      esdf_resolution: 0.05
      robot_footprint_x: 0.6
      robot_footprint_y: 0.3
      max_climbing_height: 0.3
      max_drop_height: 2.0
      planning_timeout_ms: 5000.0
      max_search_nodes: 50000
      max_search_dis_for_find_nearest_node: 1.0
      connect_to_nodes_factor: 2.0
      min_points_per_voxel: 5
      min_neighbors_for_filter_nodes: 5
      min_surface_node_points: 5
      max_isolation_dist_for_filter_nodes: 0.5
      safety_traversability_score: 40.0
      surface_node_check_radius: 0.2
      use_obstacle_avoidance: False
      path_smoothing: True
      search_algorithm: "astar"  # Options: "astar", "dijkstra"
      # Intensity interpretation
      pcd_intensity_mode: "normalized"  # Options: "none", "normalized", "legancy"
      normalized_safety_threshold: 1.0
      # Centerline guidance
      enable_centerline_guidance: False
      centerline_layer_height: 0.1
      centerline_grid_resolution: 0.05
      centerline_boundary_expansion: 0.2
      centerline_min_width: 0.1
      centerline_use_thinning: True
      centerline_thinning_iterations: 10
      centerline_penalty_weight: 0.3
      # Neighbor density safety
      neighbor_penalty_weight: 5.0
      safe_neighbor_count: 50
      # Cost weights
      heuristic_weight: 1.0
      base_distance_weight: 0.1
      traversability_weight: 100.0
      climbing_weight: 50.0
      roughness_weight: 1.5
      enable_cost_logging: False
      # ESDF integration
      use_esdf_for_planning: False
      esdf_weight: 50.0
      esdf_obstacle_clearance: 0.8
      esdf_pcd_mode: "normalized"  # Options: "normalized", "legancy"
      # Boundary wall detection
      enable_boundary_walls: False
      virtual_wall_height: 1.0
      use_morphological_closing: False
      closing_kernel_size: 1
      extrude_only_horizontal_edges: False
      # Visualization
      enable_visualization: True
      show_search_path: True
      show_pcd_overlay: True
      # Connectivity analysis
      verbose_logging: True
      enable_connectivity_check: True
      default_min_component_size: 50
      num_components_found_threshold: 10
      max_analysis_time_ms: 100.0

planner_server_rclcpp_node:
  ros__parameters:
    use_sim_time: False

controller_server:
  ros__parameters:
    odom_topic: "/odom/current_pose"
    use_sim_time: False
    mc_controller_type: RL_TRACK_VELOCITY
    controller_frequency: 50.0
    mc_trajectory_size: 20
    min_x_velocity_threshold: 0.05
    min_y_velocity_threshold: 0.05
    min_theta_velocity_threshold: 0.05
    failure_tolerance: 0.3
    progress_checker_plugin: "progress_checker"
    goal_checker_plugins: [ "general_goal_checker" ] # "precise_goal_checker"
    controller_plugins: [ "FollowPathPP", "FollowPathPID", "FollowPathLocalPlanner" ]

    # Progress checker parameters
    progress_checker:
      plugin: "navigo_path_controller::SimpleProgressChecker"
      required_movement_radius: 0.5
      movement_time_allowance: 10.0
    # Goal checker parameters
    general_goal_checker:
      plugin: "navigo_path_controller::SimpleGoalChecker"

    # PP parameters
    FollowPathPP:
      plugin: "navigo_pure_pursuit_controller::PurePursuitController"
      ### UWB PARAMETER ###
      use_multiple_vel_mode: True
      multiple_vel_mode_threshold_dist: 3.0
      uwb_desired_high_linear_vel_x: 2.0 # 2.0 1.0
      uwb_desired_high_linear_vel_y: 1.0 # 1.0 0.7
      uwb_desired_linear_vel_x: 1.0 # 1.0 1.0
      uwb_desired_linear_vel_y: 0.5 # 0.5 0.5
      uwb_desired_low_linear_vel_x: 1.0 # 1.0 0.5
      uwb_desired_low_linear_vel_y: 0.5 # 0.5 0.35
      uwb_nav_mode_safety_threshold: 0.8
      uwb_nav_mode_switch_threshold: 2.0
      uwb_nav_mode_switch_tolerance: 0.2
      ### COMMON PARAMETER BOOL ###
      allow_reversing: False
      interpolate_curvature_after_goal: False
      use_cancel_deceleration: False
      use_collision_detection: False
      use_cost_regulated_linear_velocity_scaling: False
      use_fixed_curvature_lookahead: False
      use_omnidirectional_model: False
      use_regulated_linear_velocity_scaling: True
      use_trajectory_distance_lookahead: True
      use_velocity_scaled_lookahead_dist: True
      ### COMMON PARAMETER DOUBLE ###
      approach_velocity_scaling_dist: 2.0
      braking_decel_far: 1.0
      braking_decel_near: 0.2
      braking_switch_vel: 0.5
      cancel_deceleration: 3.2
      cost_scaling_dist: 0.3
      cost_scaling_gain: 1.0
      curvature_adaptive_factor: 0.2
      curvature_lookahead_dist: 1.0
      inflation_cost_scaling_factor: 3.0
      max_allowed_time_to_collision_up_to_carrot: 1.0
      max_angular_accel: 3.2
      max_path_length: 2.0
      max_prediction_collision_check_dist: 6.0
      max_robot_pose_search_dist: 10.0
      min_approach_linear_velocity: 0.1
      min_prediction_collision_check_dist: 2.0
      min_speed_scale: 0.9
      omnidirectional_model_kv: 3.0
      omnidirectional_model_kw: 2.0
      omnidirectional_model_lamda_l: 0.6
      omnidirectional_model_lamda_theta: 0.4
      prediction_step_size: 0.5
      regulated_linear_scaling_min_radius: 0.9
      regulated_linear_scaling_min_speed: 0.1
      rotate_to_heading_Kd: 0.2
      rotate_to_heading_Kp: 1.0
      rotate_to_heading_angular_vel_max: 1.2
      rotate_to_heading_angular_vel_min: 0.1
      rotate_to_heading_approach_zone_margin: 0.2
      rotate_to_heading_stop_zone_ratio: 0.9
      rotate_to_path_heading_tol: 0.524
      trajectory_distance_weight: 1.0
      transform_tolerance: 0.1
      ### COMMON PARAMETER INT ###
      prediction_direction_num: 11

    # MPPI parameters
    FollowPathMPPI:
      plugin: "navigo_mppi_controller::MPPIController"
      time_steps: 56
      model_dt: 0.05
      batch_size: 2000
      vx_std: 0.2
      vy_std: 0.2
      wz_std: 0.4
      vx_max: 1.5 #0.5
      vx_min: -1.5 #-0.35
      vy_max: 0.5 #0.5
      wz_max: 1.9
      ax_max: 2.0
      ay_max: 2.0
      ax_min: -2.0
      az_max: 2.0
      iteration_count: 1
      prune_distance: 2.0   #1.7
      transform_tolerance: 0.1
      temperature: 0.3
      gamma: 0.015 #0.015
      motion_model: "DiffDrive"
      visualize_all_sampled_traj: False
      visualize_optimized_traj: True
      TrajectoryVisualizer:
        trajectory_step: 5
        time_step: 3
      AckermannConstraints:
        min_turning_r: 0.1667
      critics: [ "ConstraintCritic", "CostCritic", "GoalCritic", "PathAlignCritic", "GoalAngleCritic", "PathFollowCritic", "PathAngleCritic", "PreferForwardCritic" ] #
      ConstraintCritic:
        enabled: True
        cost_power: 1
        cost_weight: 4.0
      GoalCritic:
        enabled: True
        cost_power: 1
        cost_weight: 5.0
        threshold_to_consider: 1.4
      GoalAngleCritic:
        enabled: True
        cost_power: 1
        cost_weight: 3.0
        threshold_to_consider: 0.5
      PreferForwardCritic:
        enabled: True
        cost_power: 1
        cost_weight: 5.0
        threshold_to_consider: 0.5
      CostCritic:
        enabled: True
        cost_power: 2
        cost_weight: 3.81
        critical_cost: 300.0
        consider_footprint: True
        collision_cost: 1000000.0
        near_goal_distance: 1.0
        trajectory_point_step: 2
      PathAlignCritic:
        enabled: True
        cost_power: 1
        cost_weight: 14.0 #14.0
        max_path_occupancy_ratio: 0.05
        trajectory_point_step: 4
        threshold_to_consider: 0.5
        offset_from_furthest: 20
        use_path_orientations: False
      PathFollowCritic:
        enabled: True
        cost_power: 1
        cost_weight: 5.0 # 25
        offset_from_furthest: 5
        threshold_to_consider: 1.4
      PathAngleCritic:
        enabled: True
        cost_power: 1
        cost_weight: 2.0
        offset_from_furthest: 4
        threshold_to_consider: 0.5
        max_angle_to_furthest: 1.0
        mode: 0
        forward_preference: True

    # PID Controller parameters (for precise goal reaching)
    FollowPathPID:
      plugin: "navigo_pid_controller::PIDController"

      # X axis PID parameters
      x_pid:
        kp: 1.5
        ki: 0.05
        kd: 0.2
        windup_limit: 2.0
        output_limit: 0.5

      # Y axis PID parameters
      y_pid:
        kp: 1.5
        ki: 0.05
        kd: 0.2
        windup_limit: 2.0
        output_limit: 0.5

      # Yaw axis PID parameters
      yaw_pid:
        kp: 1.0
        ki: 0.02
        kd: 0.15
        windup_limit: 1.0
        output_limit: 1.5

      # Minimum velocity thresholds (prevent oscillation)
      min_linear_x_velocity: 0.01   # m/s
      min_linear_y_velocity: 0.01   # m/s
      min_angular_velocity: 0.01  # rad/s

    # FollowPathLocalPlanner Controller parameters
    FollowPathLocalPlanner:
      plugin: "navigo_local_planner_controller::LocalPlannerController"
      enable_footprint_check: true
      enable_footprint_visualization: true
      comparison_path_topic: "/navigo/cs/lpc/vis/base_candidate_plan"
      footprint_collision_marker_topic: "/navigo/cs/lpc/vis/footprint_collision"
      footprint_samples_marker_topic: "/navigo/cs/lpc/vis/footprint_samples"
      footprint_marker_z: 0.02
      footprint_collision_marker_size: 0.05
      footprint_samples_line_width: 0.02
      footprint_points: [0.25, 0.12, 0.25, -0.12, -0.25, -0.12, -0.25, 0.12]
      robot_length: 0.8
      robot_width: 0.4
      max_path_length: 1.0
      adjacent_range: 1.5
      min_path_range: 0.6
      search_radius: 0.35
      yaw_p_gain: 1.2
      small_yaw_gain: 2.2
      slow_down_dis_thre: 0.5
      max_linear_vel: 0.6
      max_linear_accel: 0.6
      max_angular_accel: 8.5
      max_angular_vel: 0.6
      yaw_diff_thre: 0.45
      forward_only_angle_thre: 10.0
      allow_rear_range: 0.8
      allow_rear_thre: 100.0
      reverse_angle_thre: 120.0
      vel_y_gain: 0.8
      vel_x_gain: 1.0
      lookahead_distance: 0.85
      two_way_drive_mode: false
      goal_path_dir_weight: 0.01
      trajectory_smooth_weight: 0.3
      stop_dis_thre: 0.05
      reverse_speed_ratio: 0.1
      u_turn_speed_ratio: 0.6
      use_omni_mode: false
      lidar_min_range: 0.15
      lidar_range_margin: 3.0
      footprint_collision_min_points: 3
      control_frequency: 50.0
      min_yaw_dead_zone: 0.3
      enable_dynamic_parameters: true

    # SocialMPC parameters
    FollowPathMPC:
      plugin: "navigo_social_mpc_controller::SocialMPCController"
      ### COMMON PARAMETERS ###
      desired_linear_vel: 1.0 # 0.6
      transform_tolerance: 0.1
      controller_frequency: 20.0 # actually not used
      goal_dist_tol: 0.25
      max_robot_pose_search_dist: 10.0
      reject_unit_path: true
      cmd_vel_output_path: "/home/user/cmd_vel_log.txt"
      ### TRAJECTORIZER PARAMETERS ###
      trajectorizer:
        omnidirectional: false
        desired_linear_vel: 1.0 # 0.4 WARNING!
        lookahead_dist: 2.0
        max_angular_vel: 1.4
        transform_tolerance: 0.1 # WARNING!
        base_frame: "base_link"
        time_step: 0.05
        max_time: 2.0 # sec
      ### CERES OPTIMIZER PARAMETERS ###
      optimizer:
        linear_solver_type: "DENSE_QR"
        param_tol: 1.0e-5 # 1e-9
        fn_tol: 1.0e-4 # 1e-5
        gradient_tol: 1.0e-4 # 1e-8
        max_iterations: 20 # 30, 60
        debug_optimizer: false
        control_horizon: 30
        parameter_block_length: 6
        discretization: 1
        current_path_weight: 1.0
        current_cmds_weight: 0.5
        ### CRITICS WEIGHTS ###
        weights:
          # Social costs
          social_weight: 0.0 # commented
          proxemics_weight: 900.0 # normal 90. large 900
          agent_angle_weight: 0.0 # commented
          # Non-Social costs
          distance_weight: 100.0 # desired goal position aligning, 20.0
          goal_align_weight: 100.0 # desired goal heading aligning, 10.0
          velocity_weight: 50.0 # desired velocity tracking, 150.0
          angle_weight: 120.0 # desired path tracking, 50.0
          velocity_feasibility_weight: 40.0 # smooth the optimized velocity command, 50.0
          obstacle_weight: 5.0 # avoid static obstacles in 2D costmap, 50.0

controller_server_rclcpp_node:
  ros__parameters:
    use_sim_time: False

smoother_server:
  ros__parameters:
    use_sim_time: False
    smoother_plugins: [ "simple_smoother" ]
    simple_smoother:
      plugin: "nav2_smoother::SimpleSmoother"
      tolerance: 1.0e-10
      max_its: 1000
      do_refinement: True

waypoint_follower:
  ros__parameters:
    odom_topic: /odom/current_pose
    target_list_topic: /perception/detection3d
    perception_state_topic: /pers/state
    localization_state_topic: /localization_state
    enable_perception_validation: False
    enable_localization_validation: True
    enable_relocalization_assistant: True
    force_relocalization_assistant: False
    states_validation_timeout: 15.0
    states_timeout_threshold: 2.0
    security_target_timeout: 10.0
    security_target_approach_distance: 1.5
    security_target_clipping_distance: 5.0
    loop_rate: 20
    stop_on_failure: True
    target_resp_min_dist: 1.0
    repeat_util_cancelled: False
    build_esdf_map: True
    build_quadtree_map: True
    behavior_tree:
      patrol: "navigate_through_poses_to_target.xml"
      patrol_unknown: "navigate_through_poses_to_target.xml"
      patrol_3d: "navigate_through_poses_to_target_3d.xml"
    waypoint_task_executor_plugin: "wait_at_waypoint"
    wait_at_waypoint:
      plugin: "navigo_waypoint_follower::WaitAtWaypoint"
      enabled: True
      waypoint_pause_duration: 1

velocity_optimizer:
  ros__parameters:
    smoothing_frequency: 100.0
    scale_velocities: False
    feedback: "OPEN_LOOP"
    low_pass_filter_tau: 0.008
    max_positive_velocity: [ 4.0, 2.0, 3.0 ]
    min_negative_velocity: [ -4.0, -2.0, -3.0 ]
    min_positive_velocity: [ 0.1, 0.1, 0.0 ]
    max_negative_velocity: [ -0.1, -0.1, -0.0 ]
    max_accel: [ 1.5, 1.0, 2.0 ]
    max_decel: [ -2.5, -1.0, -2.0 ]
    odom_topic: "/odom/current_pose"
    odom_duration: 0.1
    deadband_velocity: [ 0.1, 0.1, 0.0 ]
    velocity_timeout: 1.0

collision_monitor:
  ros__parameters:
    use_sim_time: True
    base_frame_id: "base_link"
    odom_frame_id: "odom"
    odom_topic: "/odom/current_pose"
    cmd_vel_in_topic: "cmd_vel_raw"
    cmd_vel_out_topic: "cmd_vel"
    transform_tolerance: 0.5
    source_timeout: 1.0
    base_shift_correction: False
    # Timer-driven publishing parameters
    publish_frequency: 100.0        # Output publishing frequency in Hz
    process_frequency: 10.0         # Collision detection processing frequency in Hz
    cmd_vel_in_timeout: 0.1         # Input timeout threshold in seconds (100ms)
    process_result_timeout: 0.2     # Process result age threshold in seconds (200ms)
    # Fine-grained STOP control based on collision prediction per velocity component
    selective_stop:
      # Global switch
      use_selective_stop: true
      filter_points_inside: true

      # Collision prediction parameters
      collision_prediction_time: 0.5    # Time horizon for collision prediction (seconds)
      simulation_time_step: 0.05        # Motion simulation time step (seconds)

      # Level 2 combination testing
      enable_level2_combinations: true  # Enable testing velocity combinations

      # Velocity comparison threshold
      velocity_tolerance: 0.01          # Tolerance for zero velocity comparison (m/s or rad/s)

    # Polygons represent zone around the robot for "stop" and "slowdown" action types,
    # and robot footprint for "approach" action type.
    # Footprint could be "polygon" type with dynamically set footprint from footprint_topic
    # or "circle" type with static footprint set by radius. "footprint_topic" parameter
    # to be ignored in circular case.
    polygons: [ "PolygonStop" ]
    PolygonStop:
      type: "polygon"
      points: [ 0.6, 0.35, 0.6, -0.35, -0.6, -0.35, -0.6, 0.35 ]
      action_type: "stop"
      max_points: 3
      visualize: True
      polygon_pub_topic: "/navigo/cm/cmn/vis/polygon_stop"
      enabled: True
    PolygonSlow:
      type: "polygon"
      points: [ 0.7, 0.575, 0.7, -0.575, -0.7, -0.575, -0.7, 0.575 ]
      action_type: "slowdown"
      max_points: 3
      slowdown_ratio: 0.3
      visualize: False
      polygon_pub_topic: "/navigo/cm/cmn/vis/polygon_slowdown"
      enabled: False
    FootprintApproach:
      type: "polygon"
      action_type: "approach"
      footprint_topic: "/navigo/lcc/cmn/vis/published_footprint"
      time_before_collision: 2.0
      simulation_time_step: 0.1
      max_points: 5
      visualize: False
      enabled: False
    observation_sources: [ "scan" ]
    scan:
      type: "scan"
      topic: "/laser_scan"
      enabled: True
    pointcloud:
      type: "pointcloud"
      topic: "/intel_realsense_r200_depth/points"
      min_height: 0.1
      max_height: 0.5
      enabled: False
@@FILE /opt/robot/robot_nav/install/robot_nav2/share/robot_nav2/params/GAZEBO/nav2_params.yaml
bt_navigator:
  ros__parameters:
    use_sim_time: False
    global_frame: map
    robot_base_frame: base_link
    odom_topic: /odom/current_pose
    bt_loop_duration: 50
    transform_tolerance: 0.2
    default_server_timeout: 3000
    enable_groot_monitoring: True
    truncate_path_to_collision:
      enabled: False
      threshold: 2.0
      distance: 1.0
    default_controller_id: FollowPathLocalPlanner
    default_goal_tolerance:
      xy_goal_tolerance: 0.05
      yaw_goal_tolerance: 0.05
    plugin_lib_names:
      - navigo_back_up_action_bt_node
      - navigo_back_up_cancel_bt_node
      - navigo_clear_costmap_service_bt_node
      - navigo_clear_error_action_bt_node
      - navigo_compute_collision_distance_action_bt_node
      - navigo_compute_control_error_action_bt_node
      - navigo_compute_goal_distance_action_bt_node
      - navigo_compute_information_gain_action_bt_node
      - navigo_compute_path_through_poses_action_bt_node
      - navigo_compute_path_to_pose_action_bt_node
      - navigo_compute_paths_to_poses_action_bt_node
      - navigo_compute_spin_distance_action_bt_node
      - navigo_compute_uwb_goal_action_bt_node
      - navigo_decompose_convex_regions_action_bt_node
      - navigo_evaluate_goal_action_bt_node
      - navigo_evaluate_paths_action_bt_node
      - navigo_follow_path_action_bt_node
      - navigo_follow_path_cancel_bt_node
      - navigo_frtree_action_bt_node
      - navigo_general_conditions_bt_node
      - navigo_generate_leading_rays_action_bt_node
      - navigo_generate_relocalization_goal_action_bt_node
      - navigo_globally_updated_goal_condition_bt_node
      - navigo_globally_updated_goals_condition_bt_node
      - navigo_goal_reached_condition_bt_node
      - navigo_goal_updated_condition_bt_node
      - navigo_is_exploration_completed_condition_bt_node
      - navigo_is_exploration_goal_valid_condition_bt_node
      - navigo_is_goals_valid_condition_bt_node
      - navigo_is_localization_status_satisfied_condition_bt_node
      - navigo_is_path_valid_condition_bt_node
      - navigo_is_target_in_fov_condition_bt_node
      - navigo_optimize_path_service_bt_node
      - navigo_pipeline_sequence_bt_node
      - navigo_progress_check_bt_node
      - navigo_publish_debug_msgs_action_bt_node
      - navigo_rate_controller_bt_node
      - navigo_recover_invalid_goals_action_bt_node
      - navigo_recovery_node_bt_node
      - navigo_remove_passed_goals_action_bt_node
      - navigo_remove_passed_goals_loop_action_bt_node
      - navigo_reorganize_trajectory_action_bt_node
      - navigo_report_error_action_bt_node
      - navigo_reseparate_paths_action_bt_node
      - navigo_round_robin_node_bt_node
      - navigo_select_exploration_goal_action_bt_node
      - navigo_select_frontend_id_action_bt_node
      - navigo_select_frontend_ids_action_bt_node
      - navigo_select_patrol_goal_action_bt_node
      - navigo_select_patrol_mode_action_bt_node
      - navigo_select_sampled_goals_action_bt_node
      - navigo_separate_paths_action_bt_node
      - navigo_spin_action_bt_node
      - navigo_spin_cancel_bt_node
      - navigo_stitch_path_action_bt_node
      - navigo_time_expired_condition_bt_node
      - navigo_truncate_path_action_bt_node
      - navigo_truncate_path_local_action_bt_node
      - navigo_truncate_path_to_goal_action_bt_node
      - navigo_truncate_paths_action_bt_node
      - navigo_update_path_action_bt_node
      - navigo_wait_action_bt_node

bt_navigator_rclcpp_node:
  ros__parameters:
    use_sim_time: False

bt_navigator_navigate_to_pose_rclcpp_node:
  ros__parameters:
    debug: True
    use_sim_time: False
    target_lost_detect_min_dist: 1.5
    q0: 0.01
    q1: 0.04
    q2: 0.06
    r0: 0.058
    r1: 0.058
    r2: 0.06
    p_s: 0.85
    smoothing_window: 3
    d2_quantile: 0.99
    warmup_trace_threshold: 10.0

bt_navigator_navigate_through_poses_rclcpp_node:
  ros__parameters:
    debug: True
    use_sim_time: False
    multi_path_selector:
      # Global settings
      default_timeout_ms: 50.0
      enable_fast_pruning: True
      max_candidate_paths: 10
      min_candidate_paths: 2

      # Default scoring weights (must sum to ~1.0)
      default_weights:
        safety_weight: 0.3
        reference_deviation_weight: 0.3
        smoothness_weight: 0.20
        efficiency_weight: 0.15
        kinematic_feasibility_weight: 0.05

      # Fast pruner configuration
      fast_pruner:
        min_obstacle_distance: 0.15   # Minimum distance to obstacles (m)
        max_path_length: 10.0         # Maximum reasonable path length (m)
        max_curvature: 3.0            # Maximum allowed curvature (1/m)
        max_avg_curvature: 1.0        # Maximum average allowed curvature (1/m)
        min_point_separation: 0.1     # Minimum distance between path points (m)
        min_path_points: 3            # Minimum number of points in path
        collision_check_step: 1       # Step size for collision checking
        robot_radius: 0.35            # Robot radius for collision checking (m)

      # Safety critic configuration
      safety_critic:
        robot_radius: 0.35
        safe_distance_threshold: 0.8       # Distance considered "safe" (m)
        critical_distance_threshold: 0.40  # Distance considered "critical" (m)
        clearance_scaling_factor: 2.0      # Scaling for clearance-to-score conversion
        path_sampling_step: 1              # Step size for path point sampling

      # Reference deviation critic configuration
      reference_deviation_critic:
        max_lateral_deviation: 1.0       # Maximum acceptable lateral deviation (m)
        max_heading_deviation: 1.57      # Maximum acceptable heading deviation (rad, ~90 deg)
        lateral_weight: 0.7              # Weight for lateral deviation component
        heading_weight: 0.2              # Weight for heading deviation component
        endpoint_weight: 0.1             # Weight for endpoint deviation component
        normalize_by_path_length: True   # Whether to normalize by path length
        deviation_scaling_factor: 1.5    # Scaling factor for score conversion

      # Smoothness critic configuration
      smoothness_critic:
        max_acceptable_curvature: 0.65       # Maximum acceptable curvature (1/m)
        max_acceptable_acceleration: 2.0     # Maximum acceptable acceleration (m/s^2）
        max_acceptable_angular_accel: 2.0    # Maximum angular acceleration (rad/s^2)
        curvature_weight: 0.4                # Weight for curvature component
        acceleration_weight: 0.3             # Weight for acceleration component
        angular_acceleration_weight: 0.2     # Weight for angular acceleration
        variation_weight: 0.1                # Weight for curvature variation component
        expected_velocity: 1.0               # Expected robot velocity for time estimation
        sharp_turn_threshold: 1.0            # Curvature threshold for sharp turn detection
        penalize_sharp_turns: true           # Whether to penalize sharp turns

      # Efficiency critic configuration
      efficiency_critic:
        expected_velocity: 1.0                # Expected robot velocity (m/s)
        length_weight: 0.4                    # Weight for path length component
        time_weight: 0.3                      # Weight for travel time component
        energy_weight: 0.2                    # Weight for energy cost component
        directness_weight: 0.1                # Weight for directness component
        max_acceptable_length: 10.0           # Maximum acceptable path length (m)
        max_acceptable_time: 10.0             # Maximum acceptable travel time (s)
        use_different_goals_evaluation: True  # Whether to evaluate multiple goals
        max_projection_distance: 5.0          # Maximum distance for projection (m)
        endpoint_tolerance: 1.0               # Allowed endpoint tolerance (m)

      # Kinematic feasibility critic configuration
      kinematic_feasibility_critic:
        min_turning_radius: 2.0           # Minimum turning radius for quadruped (m)
        max_turning_radius: 100.0         # Maximum reasonable turning radius (m)
        max_slope_angle: 0.5              # Maximum slope angle (~28 degrees, rad)
        max_velocity: 2.0                 # Maximum robot velocity (m/s)
        max_linear_acceleration: 2.0      # Maximum linear acceleration (m/s^2)
        max_lateral_acceleration: 2.0     # Maximum lateral acceleration (m/s^2)
        check_slope_constraints: False    # Whether to check slope constraints
        check_turning_constraints: True   # Whether to check turning constraints

bt_navigator_explore_through_poses_rclcpp_node:
  ros__parameters:
    debug: False
    use_sim_time: False

behavior_server:
  ros__parameters:
    odom_topic: /odom/current_pose
    costmap_topic: /navigo/lcc/cmn/vis/costmap_raw
    footprint_topic: /navigo/lcc/cmn/vis/published_footprint
    track_unknown_space: False
    cycle_frequency: 10.0
    behavior_plugins: [ "spin", "backup", "drive_on_heading", "wait" ]
    spin:
      plugin: "navigo_behaviors/Spin"
    backup:
      plugin: "navigo_behaviors/BackUp"
    drive_on_heading:
      plugin: "navigo_behaviors/DriveOnHeading"
    wait:
      plugin: "navigo_behaviors/Wait"
    global_frame: odom
    robot_base_frame: base_link
    transform_tolerance: 0.1
    use_sim_time: True
    simulate_ahead_time: 2.0
    max_rotational_vel: 1.2
    min_rotational_vel: 0.4
    rotational_acc_lim: 3.2

local_costmap:
  local_costmap:
    ros__parameters:
      odom_topic: /odom/current_pose
      update_frequency: 10.0
      publish_frequency: 10.0
      global_frame: odom
      robot_base_frame: base_link
      use_sim_time: False
      rolling_window: True
      width: 8
      height: 8
      resolution: 0.05
      plugins: [ "obstacle_layer", "electronic_map_layer", "inflation_layer" ]
      electronic_map_layer:
        plugin: "navigo_costmap_2d::ElectronicMapLayer"
        enabled: True
        electronic_map_topic: "/electronic_map"
        transform_tolerance: 0.1
        debug_mode: False
      inflation_layer:
        plugin: "navigo_costmap_2d::InflationLayer"
        cost_scaling_factor: 3.0
        inflation_radius: 0.05
      obstacle_layer:
        plugin: "navigo_costmap_2d::ObstacleLayer"
        enabled: True
        goal_safe_area: "[[0.40,0.4],[0.4,-0.4],[-0.4,-0.4],[-0.4,0.4]]"
        goal_clearing_enabled: True
        footprint_clearing_enabled: True
        planner_goal_valid_time_range: 5.0
        observation_persistence: 0.0
        observation_sources: scan
        scan:
          topic: /laser_scan
          max_obstacle_height: 2.0
          clearing: True
          marking: True
          inf_is_valid: True
          data_type: "LaserScan"
          raytrace_max_range: 8.0
          raytrace_min_range: 0.0
          obstacle_max_range: 8.5
          obstacle_min_range: 0.5
      always_send_full_costmap: True
  local_costmap_client:
    ros__parameters:
      use_sim_time: False
  local_costmap_rclcpp_node:
    ros__parameters:
      use_sim_time: False

local_costmap_controller:
  local_costmap_controller:
    ros__parameters:
      odom_topic: /odom/current_pose
      update_frequency: 10.0
      publish_frequency: 10.0
      global_frame: odom
      robot_base_frame: base_link
      use_sim_time: False
      rolling_window: True
      width: 8
      height: 8
      resolution: 0.05
      plugins: [ "obstacle_layer", "inflation_layer" ]
      static_layer:
        plugin: "navigo_costmap_2d::StaticLayer"
        map_subscribe_transient_local: False
      inflation_layer:
        plugin: "navigo_costmap_2d::InflationLayer"
        cost_scaling_factor: 3.0
        inflation_radius: 0.05
      obstacle_layer:
        plugin: "navigo_costmap_2d::ObstacleLayer"
        enabled: True
        goal_clearing_enabled: True
        planner_goal_valid_time_range: 5.0
        observation_persistence: 0.0
        observation_sources: scan
        scan:
          topic: /laser_scan
          max_obstacle_height: 2.0
          clearing: True
          marking: True
          inf_is_valid: True
          data_type: "LaserScan"
          raytrace_max_range: 8.0
          raytrace_min_range: 0.0
          obstacle_max_range: 8.5
          obstacle_min_range: 0.5

global_costmap:
  global_costmap:
    ros__parameters:
      odom_topic: /odom/current_pose
      map_topic: /navigo/ms/cmn/intf/map
      update_frequency: 10.0
      publish_frequency: 10.0
      resolution: 0.05
      global_frame: map
      robot_base_frame: base_link
      use_sim_time: False
      plugins: [ "static_layer", "electronic_map_layer", "inflation_layer", "frontier_layer", "esdf_layer" ]
      static_layer:
        plugin: "navigo_costmap_2d::StaticLayer"
        map_subscribe_transient_local: False
        footprint_clearing_enabled: True
        restore_cleared_footprint: True
      electronic_map_layer:
        plugin: "navigo_costmap_2d::ElectronicMapLayer"
        enabled: True
        electronic_map_topic: "/electronic_fence"
        transform_tolerance: 0.1
        debug_mode: False
      inflation_layer:
        plugin: "navigo_costmap_2d::InflationLayer"
        cost_scaling_factor: 3.0
        inflation_radius: 0.1
      frontier_layer:
        plugin: "navigo_costmap_2d::FrontierLayer"
        map_subscribe_transient_local: False
        obstacle_inflation_radius: 0.3
        obstacle_threshold: 65
        travel_point_type: "closest" #closest middle centroid
        frontier_min_size: 10
      esdf_layer:
        plugin: "navigo_costmap_2d::ESDFLayer"
        enabled: False
        esdf_pos_dis_topic_name: esdf_pos_distance_field
        esdf_neg_dis_topic_name: esdf_neg_distance_field
        esdf_combine_dis_topic_name: esdf_combine_distance_field
        esdf_gradient_topic_name: esdf_gradient
        visualize_pos_dis_esdf: False
        visualize_neg_dis_esdf: False
        visualize_combine_dis_esdf: False
        visualize_gradient: False
      always_send_full_costmap: False
  global_costmap_client:
    ros__parameters:
      use_sim_time: False
  global_costmap_rclcpp_node:
    ros__parameters:
      use_sim_time: False

map_server:
  ros__parameters:
    use_sim_time: False
    yaml_filename: " "

map_saver:
  ros__parameters:
    use_sim_time: False
    save_map_timeout: 5.0
    free_thresh_default: 0.25
    occupied_thresh_default: 0.65
    map_subscribe_transient_local: False

planner_server:
  ros__parameters:
    odom_topic: /odom/current_pose
    use_sim_time: False
    expected_planner_frequency: 20.0
    # extension line
    need_extension: False
    extension_dis: 0.5
    extension_step_size: 0.05
    # planning path generation format
    use_fixed_spacing_trajectory_generation: True
    use_history_path_info: False
    # tracking function 
    fov_near_goal_dist: 5.0
    out_of_fov_threshold: 20.0
    # collision checker
    use_esdf_collision_checker: False
    three_circle_check_margin: 0.03
    three_circle_fine_check_sample_res: 0.05
    # pp + fem get optimized path
    enable_pp_fem_debug_output: False
    # esdf info
    build_global_esdf_map: True
    build_local_esdf_map: True
    global_esdf_visualizer_open: False
    local_esdf_visualizer_open: False
    global_esdf_build_timeout: 10.0
    # 3D Topological Map info
    topo_map_pcd_file: ""
    global_3d_topo_build_timeout: 60.0 #s
    # Parallel planning configuration
    enable_parallel_planning: True
    max_parallel_goals: 5
    parallel_planning_timeout: 3.0
    # Log level set ["DEBUG" "INFO"]
    log_level: "DEBUG"
    # quadtree info
    quadtree:
      enable: True
      min_box_size: 4
      max_box_size: 100
      robot_radius_m: 0.1
    # corridor optimizer  
    preprocessor:
      dup_threshold: 0.1
      backtrack_angle_threshold: 2.618
      loop_distance_threshold: 2.0
      min_loop_points: 5
      sharp_turn_angle_threshold: 2.09
      sharp_turn_detection_window: 3.0
      enable_sharp_turn_detection: true
    corridor_builder:
      robot_radius: 0.35
      safety_margin: 0.15
      min_corridor_width: 0.5
      sample_distance: 0.2
      max_search_distance: 3.0
    # fem optimizer
    fem_opt:
      enable_fem_debug_switch: False
      enable_two_sided_constraint: True
      point_deviation_limits: 2.0
      enable_kappa_constraint: False
      osqp_weight_fem_pos_deviation: 10000.0
      osqp_weight_path_length: 1000.0
      osqp_weight_ref_deviation: 1.0
      sqp_weight_curvature_constraint_slack_var: 10000.0
      sqp_curvature_constraint: 0.10
      sqp_weight_fem_pos_deviation: 1000000.0
      sqp_weight_path_length: 1.0
      sqp_weight_ref_deviation: 10.0
    planner_plugins: [ "GridBasedST", "GridBasedSL", "ThreeDimTopoBased" ]
    GridBasedST:
      plugin: "navigo_spatial_temporal_planner/SpatialTemporalPlanner"
      # kino hybrid astar searcher
      kino_search:
        step_arc: 0.9
        max_search_time: 2.0
        adaptive_timeout_base: 0.5
        max_forward_vel: 2.0
        max_forward_acc: 0.5
        max_backward_vel: 2.0
        max_backward_acc: 0.5
        max_yaw_acc: 1.0
        obstacle_safety_dist: 3.0
        omni_model_expansion_res: 0.5
        omni_model_dis_threshold: 6.0
        omni_model_yaw_expansion_res: 0.5
        omni_model_near_max_yaw_rate: 1.0
        omni_model_near_lateral_max_vel: 1.0
        omni_model_near_longitudinal_max_vel: 1.0
        omni_model_far_max_yaw_rate: 2.0
        omni_model_far_lateral_max_vel: 2.0
        omni_model_far_longitudinal_max_vel: 3.0
        trigger_shot_dis: 3.0
        check_num: 10
        allocate_num: 10000
        check_length: 0.05
        sample_time: 0.2
        max_cur: 5.0 #5.773
        wheel_base: 0.3
        non_singularity_vel: 0.1
        lambda_heu: 10.0
        traj_steer_penalty: 10.0
        traj_back_penalty: 20.0
        traj_forward_penalty: 1.0
        traj_gear_switch_penalty: 15.0
        traj_steer_change_penalty: 10.0
        traj_lateral_penalty: 10.0
        traj_ctrl_change_penalty: 5.0
        traj_spin_penalty: 10.0
        # new penalty
        switch_time: 1.0
        move_weight: 1.0
        backward_weight: 5.0
        acc_weight: 1.0
        yaw_acc_weight: 1.0
        yaw_weight: 2.0
        lateral_weight: 1.0
        switch_weight: 5.0
        node_deviation_weight: 5.0
        obstacle_dist_weight: 5.0
        map_resolution: 0.3
        yaw_resolution: 0.3
        rear_suspension: 0.15
        robot_width: 0.3
        robot_length: 0.6
        robot_lateral_margin: 0.05
        robot_longitudinal_margin: 0.05
        robot_left_margin: 0.05
        robot_right_margin: 0.05
        robot_front_margin: 0.05
        robot_back_margin: 0.05
        map_size_x: 500
        map_size_y: 500
        consider_lateral_move: True
        allow_reverse_expansion: False
        open_expansion_visualization: True
        # multiple points sample
        enable_start_goal_sampling: false
        sampling_radius: 10.0
        sampling_angle_range: 1.0
        num_sampling_points: 30
        max_connecting_path_length: 12.0
        # support model: "OmniMotionModel", "AckermannMotionModel"  
        enabled_motion_models: [ "OmniMotionModel" ]
        use_3d_search: true   # enbale 3D search (x, y, yaw)                                                                                  │ │
        use_2d_search: false  # enable 2D search (x, y only)  
      # quadtree searcher
      quadtree_search:
        max_forward_vel: 1.0
        max_forward_acc: 2.0
        max_backward_vel: 0.6
        max_backward_acc: 4.0
        non_singularity_vel: 0.1
        sample_time: 0.2
        wheel_base: 0.3
        path_yaw_smooth_window_size: 5
        rear_suspension: 0.15
        robot_width: 0.3
        robot_length: 0.6
        robot_lateral_margin: 0.05
        robot_longitudinal_margin: 0.05
        allow_reverse_expansion: False
        enable_footprint_safety_check: False
        safety_offset_search_radius: 0.3
        safety_offset_resolution: 0.05
        max_path_adjustment_attempts: 3
        enable_footprint_visualization: True
        enable_path_visualization: True
        enable_multi_inflation_search: True
        inflation_sample_count: 7
        inflation_sampling_strategy: "adaptive"
        max_search_time_per_inflation_ms: 150.0
        enable_multi_inflation_visualization: True
        min_acceptable_inflation: 0.01
        prefer_higher_inflation: True
        cost_tolerance_ratio: 1.5
        enable_multi_inflation_fallback: True
      # tracking searcher
      tracking_search:
        tracking_max_tau: 0.6
        tracking_max_vel: 3.0
        tracking_max_acc: 3.0
        tracking_w_time: 10.0
        tracking_lambda_heu: 5.0
        tracking_check_num: 5
        tracking_w_predict: 0.5
        tracking_allocate_num: 5000
        tracking_map_size_x: 200
        tracking_map_size_y: 200
        tracking_map_res: 0.1
        tracking_shot_path_collision_res: 0.05
        max_search_time: 1.0
        polynomial_with_backend_opt: False
        robot_width: 0.3
        robot_length: 0.6
        robot_left_margin: 0.05
        robot_right_margin: 0.05
        robot_front_margin: 0.05
        robot_back_margin: 0.05
      # fast kino searcher
      fast_kino_search:
        max_nodes: 50000
        max_search_time: 0.04
        collision_check_steps: 2
        max_linear_vel: 2.0
        max_lateral_vel: 1.5
        max_diagonal_vel: 1.8
        max_angular_vel: 1.0
        motion_dt: 0.2
        coarse_resolution: 0.4
        fine_resolution: 0.2
        resolution_switch_dist: 3.0
        map_resolution: 0.1
        robot_radius: 0.3
        robot_width: 0.3
        robot_length: 0.6
        max_forward_vel: 2.0
        max_forward_acc: 2.0
        max_backward_vel: 0.6
        max_backward_acc: 2.0
        non_singularity_vel: 1.0
      # Hybrid quadtree kino searcher
      hybrid_quadtree_kino_search:
        max_guidance_distance: 3.0
        progression_bonus_weight: 1.5
        obstacle_density_weight: 0.5
        max_search_attempts: 1
        enable_adaptive_fallback: true
        enable_obstacle_aware_guidance: true
        enbale_guidance_visualization: false
      # safe drive corridor
      safe_drive_corridor:
        safe_drive_corridor_expand_step: 0.10
        safe_drive_corridor_expand_limit_bound: 2.0
        short_traj: 5.0
        traj_piece_duration_low: 1.0
        middle_traj: 10.0
        traj_piece_duration_middle: 2.0
        traj_piece_duration_large: 4.0
        side_piece_res: 20
        inter_piece_res: 10
        safe_corridor_obstacle_margin: 0.5
        safe_corridor_use_dynamic_shrink: False
        safe_corridor_min_expansion_ratio: 0.3
        min_corridor_clearance: 0.5
        max_clearance_adjustment_iters: 10
        enable_clearance_visualization: False
        corridor_generation_strategy: "uniform"
        adaptive_far_distance_threshold: 0.8
        adaptive_medium_distance_threshold: 0.6
        adaptive_near_distance_threshold: 0.3
        adaptive_far_expansion_factor: 1.0
        adaptive_medium_expansion_factor: 0.7
        adaptive_near_expansion_factor: 0.4
        adaptive_enable_trajectory_adjustment: False
        adaptive_trajectory_adjustment_step: 0.05
        adaptive_max_adjustment_iters: 10
      # back-end optimizer
      spatial_temporal_backend_opt:
        wheel_base: 0.3
        rear_suspension: 0.15
        robot_width: 0.3
        robot_length: 0.6
        max_forward_cur: 5.0
        max_backward_cur: 5.0
        max_forward_vel: 2.0
        max_forward_acc: 0.5
        max_backward_vel: 2.0
        max_backward_acc: 0.5
        non_singularity_vel: 0.1
        wei_cur: 1.0
        wei_time: 500.0
        wei_static_obs: 5000.0
        wei_dynamic_obs: 1000.0
        wei_feasibility: 200.0
        maximum_acceptable_cost: 500000.0
        dynamic_safety_dis: 0.1
        use_gear_opt: False
        eps_help: 0.0001
        minimum_time: 0.1
        log_sum_exp_alpha: 100.0
        half_margin: 0.025
        side_piece_res: 20
        inter_piece_res: 10
        # lbfgs
        lbfgs_past: 3
        lbfgs_delta: 0.005
        lbfgs_min_step: 1.0e-16
        lbfgs_mem_size: 64
        lbfgs_max_iter: 500
        lbfgs_g_epsilon: 1.0e-5
        # Two-stage optimization
        enable_two_stage_optimization: True
        stage1_max_iter: 40
        stage2_max_iter: 30
        stage1_g_epsilon: 1.0e-3
        stage2_g_epsilon: 1.0e-5
        stage1_weight_scale: 0.3
    GridBasedSL:
      plugin: "navigo_straight_line_planner/StraightLinePlanner"
      allow_reversing: True
      traj_res: 0.05
      # extension line
      extension_dis: 4.0
      extension_step_size: 0.1
      uwb_nav_mode_safety_threshold: 0.8
    ThreeDimTopoBased:
      plugin: "navigo_3d_topo_global_planner/Navigo3DTopoGlobalPlanner"
      # Map file configuration
      global_frame: "map"
      pcd_map_file: ""  # Set to your PCD file path
      # 3D Topological Map parameters
      safety_margin: 0.1
      octree_resolution: 0.2
      esdf_resolution: 0.05
      robot_footprint_x: 0.6
      robot_footprint_y: 0.3
      max_climbing_height: 0.3
      max_drop_height: 2.0
      planning_timeout_ms: 5000.0
      max_search_nodes: 50000
      max_search_dis_for_find_nearest_node: 1.0
      connect_to_nodes_factor: 2.0
      min_points_per_voxel: 5
      min_neighbors_for_filter_nodes: 5
      min_surface_node_points: 5
      max_isolation_dist_for_filter_nodes: 0.5
      safety_traversability_score: 40.0
      surface_node_check_radius: 0.2
      use_obstacle_avoidance: False
      path_smoothing: True
      search_algorithm: "astar"  # Options: "astar", "dijkstra"
      # Intensity interpretation
      pcd_intensity_mode: "normalized"  # Options: "none", "normalized", "legancy"
      normalized_safety_threshold: 1.0
      # Centerline guidance
      enable_centerline_guidance: False
      centerline_layer_height: 0.1
      centerline_grid_resolution: 0.05
      centerline_boundary_expansion: 0.2
      centerline_min_width: 0.1
      centerline_use_thinning: True
      centerline_thinning_iterations: 10
      centerline_penalty_weight: 0.3
      # Neighbor density safety
      neighbor_penalty_weight: 5.0
      safe_neighbor_count: 50
      # Cost weights
      heuristic_weight: 1.0
      base_distance_weight: 0.1
      traversability_weight: 100.0
      climbing_weight: 50.0
      roughness_weight: 1.5
      enable_cost_logging: False
      # ESDF integration
      use_esdf_for_planning: False
      esdf_weight: 50.0
      esdf_obstacle_clearance: 0.8
      esdf_pcd_mode: "normalized"  # Options: "normalized", "legancy"
      # Boundary wall detection
      enable_boundary_walls: False
      virtual_wall_height: 1.0
      use_morphological_closing: False
      closing_kernel_size: 1
      extrude_only_horizontal_edges: False
      # Visualization
      enable_visualization: True
      show_search_path: True
      show_pcd_overlay: True
      # Connectivity analysis
      verbose_logging: True
      enable_connectivity_check: True
      default_min_component_size: 50
      num_components_found_threshold: 10
      max_analysis_time_ms: 100.0

planner_server_rclcpp_node:
  ros__parameters:
    use_sim_time: False

controller_server:
  ros__parameters:
    odom_topic: "/odom/current_pose"
    use_sim_time: False
    mc_controller_type: RL_TRACK_VELOCITY
    controller_frequency: 50.0
    mc_trajectory_size: 20
    min_x_velocity_threshold: 0.05
    min_y_velocity_threshold: 0.05
    min_theta_velocity_threshold: 0.05
    failure_tolerance: 0.3
    progress_checker_plugin: "progress_checker"
    goal_checker_plugins: [ "general_goal_checker" ] # "precise_goal_checker"
    controller_plugins: [ "FollowPathPP", "FollowPathPID", "FollowPathLocalPlanner" ]

    # Progress checker parameters
    progress_checker:
      plugin: "navigo_path_controller::SimpleProgressChecker"
      required_movement_radius: 0.5
      movement_time_allowance: 10.0
    # Goal checker parameters
    general_goal_checker:
      plugin: "navigo_path_controller::SimpleGoalChecker"

    # PP parameters
    FollowPathPP:
      plugin: "navigo_pure_pursuit_controller::PurePursuitController"
      ### UWB PARAMETER ###
      use_multiple_vel_mode: True
      multiple_vel_mode_threshold_dist: 3.0
      uwb_desired_high_linear_vel_x: 2.0 # 2.0 1.0
      uwb_desired_high_linear_vel_y: 1.0 # 1.0 0.7
      uwb_desired_linear_vel_x: 1.0 # 1.0 1.0
      uwb_desired_linear_vel_y: 0.5 # 0.5 0.5
      uwb_desired_low_linear_vel_x: 1.0 # 1.0 0.5
      uwb_desired_low_linear_vel_y: 0.5 # 0.5 0.35
      uwb_nav_mode_safety_threshold: 0.8
      uwb_nav_mode_switch_threshold: 2.0
      uwb_nav_mode_switch_tolerance: 0.2
      ### COMMON PARAMETER BOOL ###
      allow_reversing: False
      interpolate_curvature_after_goal: False
      use_cancel_deceleration: False
      use_collision_detection: False
      use_cost_regulated_linear_velocity_scaling: False
      use_fixed_curvature_lookahead: False
      use_omnidirectional_model: False
      use_regulated_linear_velocity_scaling: True
      use_trajectory_distance_lookahead: True
      use_velocity_scaled_lookahead_dist: True
      ### COMMON PARAMETER DOUBLE ###
      approach_velocity_scaling_dist: 2.0
      braking_decel_far: 1.0
      braking_decel_near: 0.2
      braking_switch_vel: 0.5
      cancel_deceleration: 3.2
      cost_scaling_dist: 0.3
      cost_scaling_gain: 1.0
      curvature_adaptive_factor: 0.2
      curvature_lookahead_dist: 1.0
      inflation_cost_scaling_factor: 3.0
      max_allowed_time_to_collision_up_to_carrot: 1.0
      max_angular_accel: 3.2
      max_path_length: 2.0
      max_prediction_collision_check_dist: 6.0
      max_robot_pose_search_dist: 10.0
      min_approach_linear_velocity: 0.1
      min_prediction_collision_check_dist: 2.0
      min_speed_scale: 0.9
      omnidirectional_model_kv: 3.0
      omnidirectional_model_kw: 2.0
      omnidirectional_model_lamda_l: 0.6
      omnidirectional_model_lamda_theta: 0.4
      prediction_step_size: 0.5
      regulated_linear_scaling_min_radius: 0.9
      regulated_linear_scaling_min_speed: 0.1
      rotate_to_heading_Kd: 0.2
      rotate_to_heading_Kp: 1.0
      rotate_to_heading_angular_vel_max: 1.2
      rotate_to_heading_angular_vel_min: 0.1
      rotate_to_heading_approach_zone_margin: 0.2
      rotate_to_heading_stop_zone_ratio: 0.9
      rotate_to_path_heading_tol: 0.524
      trajectory_distance_weight: 1.0
      transform_tolerance: 0.1
      ### COMMON PARAMETER INT ###
      prediction_direction_num: 11

    # MPPI parameters
    FollowPathMPPI:
      plugin: "navigo_mppi_controller::MPPIController"
      time_steps: 56
      model_dt: 0.05
      batch_size: 2000
      vx_std: 0.2
      vy_std: 0.2
      wz_std: 0.4
      vx_max: 1.5 #0.5
      vx_min: -1.5 #-0.35
      vy_max: 0.5 #0.5
      wz_max: 1.9
      ax_max: 2.0
      ay_max: 2.0
      ax_min: -2.0
      az_max: 2.0
      iteration_count: 1
      prune_distance: 2.0   #1.7
      transform_tolerance: 0.1
      temperature: 0.3
      gamma: 0.015 #0.015
      motion_model: "DiffDrive"
      visualize_all_sampled_traj: False
      visualize_optimized_traj: True
      TrajectoryVisualizer:
        trajectory_step: 5
        time_step: 3
      AckermannConstraints:
        min_turning_r: 0.1667
      critics: [ "ConstraintCritic", "CostCritic", "GoalCritic", "PathAlignCritic", "GoalAngleCritic", "PathFollowCritic", "PathAngleCritic", "PreferForwardCritic" ] #
      ConstraintCritic:
        enabled: True
        cost_power: 1
        cost_weight: 4.0
      GoalCritic:
        enabled: True
        cost_power: 1
        cost_weight: 5.0
        threshold_to_consider: 1.4
      GoalAngleCritic:
        enabled: True
        cost_power: 1
        cost_weight: 3.0
        threshold_to_consider: 0.5
      PreferForwardCritic:
        enabled: True
        cost_power: 1
        cost_weight: 5.0
        threshold_to_consider: 0.5
      CostCritic:
        enabled: True
        cost_power: 2
        cost_weight: 3.81
        critical_cost: 300.0
        consider_footprint: True
        collision_cost: 1000000.0
        near_goal_distance: 1.0
        trajectory_point_step: 2
      PathAlignCritic:
        enabled: True
        cost_power: 1
        cost_weight: 14.0 #14.0
        max_path_occupancy_ratio: 0.05
        trajectory_point_step: 4
        threshold_to_consider: 0.5
        offset_from_furthest: 20
        use_path_orientations: False
      PathFollowCritic:
        enabled: True
        cost_power: 1
        cost_weight: 5.0 # 25
        offset_from_furthest: 5
        threshold_to_consider: 1.4
      PathAngleCritic:
        enabled: True
        cost_power: 1
        cost_weight: 2.0
        offset_from_furthest: 4
        threshold_to_consider: 0.5
        max_angle_to_furthest: 1.0
        mode: 0
        forward_preference: True

    # PID Controller parameters (for precise goal reaching)
    FollowPathPID:
      plugin: "navigo_pid_controller::PIDController"

      # X axis PID parameters
      x_pid:
        kp: 1.5
        ki: 0.05
        kd: 0.2
        windup_limit: 2.0
        output_limit: 0.5

      # Y axis PID parameters
      y_pid:
        kp: 1.5
        ki: 0.05
        kd: 0.2
        windup_limit: 2.0
        output_limit: 0.5

      # Yaw axis PID parameters
      yaw_pid:
        kp: 1.0
        ki: 0.02
        kd: 0.15
        windup_limit: 1.0
        output_limit: 1.5

      # Minimum velocity thresholds (prevent oscillation)
      min_linear_x_velocity: 0.01   # m/s
      min_linear_y_velocity: 0.01   # m/s
      min_angular_velocity: 0.01  # rad/s

    # FollowPathLocalPlanner Controller parameters
    FollowPathLocalPlanner:
      plugin: "navigo_local_planner_controller::LocalPlannerController"
      enable_footprint_check: true
      enable_footprint_visualization: true
      comparison_path_topic: "/navigo/cs/lpc/vis/base_candidate_plan"
      footprint_collision_marker_topic: "/navigo/cs/lpc/vis/footprint_collision"
      footprint_samples_marker_topic: "/navigo/cs/lpc/vis/footprint_samples"
      footprint_marker_z: 0.02
      footprint_collision_marker_size: 0.1
      footprint_samples_line_width: 0.02
      footprint_points: [ 0.3, 0.25, 0.3, -0.25, -0.3, -0.25, -0.3, 0.25 ]
      robot_length: 0.8
      robot_width: 0.4
      max_path_length: 1.0
      adjacent_range: 1.8
      min_path_range: 0.6
      search_radius: 0.35
      yaw_p_gain: 3.5
      small_yaw_gain: 5.0
      slow_down_dis_thre: 0.6
      max_linear_vel: 0.6
      max_linear_accel: 0.8
      max_angular_accel: 10.5
      max_angular_vel: 0.8
      yaw_diff_thre: 0.45
      forward_only_angle_thre: 30.0
      allow_rear_range: 0.8
      allow_rear_thre: 100.0
      reverse_angle_thre: 120.0
      vel_y_gain: 2.0
      vel_x_gain: 1.0
      lookahead_distance: 0.8
      two_way_drive_mode: false
      goal_path_dir_weight: 0.01
      trajectory_smooth_weight: 0.3
      stop_dis_thre: 0.05
      reverse_speed_ratio: 0.2
      u_turn_speed_ratio: 0.6
      use_omni_mode: false
      lidar_min_range: 0.15
      lidar_range_margin: 3.0 #局部最大感知范围
      footprint_collision_min_points: 3
      control_frequency: 50.0
      min_yaw_dead_zone: 0.3
      enable_dynamic_parameters: true

    # SocialMPC parameters
    FollowPathMPC:
      plugin: "navigo_social_mpc_controller::SocialMPCController"
      ### COMMON PARAMETERS ###
      desired_linear_vel: 1.0 # 0.6
      transform_tolerance: 0.1
      controller_frequency: 20.0 # actually not used
      goal_dist_tol: 0.25
      max_robot_pose_search_dist: 10.0
      reject_unit_path: true
      cmd_vel_output_path: "/home/user/cmd_vel_log.txt"
      ### TRAJECTORIZER PARAMETERS ###
      trajectorizer:
        omnidirectional: false
        desired_linear_vel: 1.0 # 0.4 WARNING!
        lookahead_dist: 2.0
        max_angular_vel: 1.4
        transform_tolerance: 0.1 # WARNING!
        base_frame: "base_link"
        time_step: 0.05
        max_time: 2.0 # sec
      ### CERES OPTIMIZER PARAMETERS ###
      optimizer:
        linear_solver_type: "DENSE_QR"
        param_tol: 1.0e-5 # 1e-9
        fn_tol: 1.0e-4 # 1e-5
        gradient_tol: 1.0e-4 # 1e-8
        max_iterations: 20 # 30, 60
        debug_optimizer: false
        control_horizon: 30
        parameter_block_length: 6
        discretization: 1
        current_path_weight: 1.0
        current_cmds_weight: 0.5
        ### CRITICS WEIGHTS ###
        weights:
          # Social costs
          social_weight: 0.0 # commented
          proxemics_weight: 900.0 # normal 90. large 900
          agent_angle_weight: 0.0 # commented
          # Non-Social costs
          distance_weight: 100.0 # desired goal position aligning, 20.0
          goal_align_weight: 100.0 # desired goal heading aligning, 10.0
          velocity_weight: 50.0 # desired velocity tracking, 150.0
          angle_weight: 120.0 # desired path tracking, 50.0
          velocity_feasibility_weight: 40.0 # smooth the optimized velocity command, 50.0
          obstacle_weight: 5.0 # avoid static obstacles in 2D costmap, 50.0

controller_server_rclcpp_node:
  ros__parameters:
    use_sim_time: False

smoother_server:
  ros__parameters:
    use_sim_time: False
    smoother_plugins: [ "simple_smoother" ]
    simple_smoother:
      plugin: "nav2_smoother::SimpleSmoother"
      tolerance: 1.0e-10
      max_its: 1000
      do_refinement: True

waypoint_follower:
  ros__parameters:
    odom_topic: /odom/current_pose
    target_list_topic: /perception/detection3d
    perception_state_topic: /pers/state
    localization_state_topic: /localization_state
    enable_perception_validation: False
    enable_localization_validation: False
    enable_relocalization_assistant: True
    force_relocalization_assistant: False
    states_validation_timeout: 15.0
    states_timeout_threshold: 2.0
    security_target_timeout: 10.0
    security_target_approach_distance: 1.5
    security_target_clipping_distance: 5.0
    loop_rate: 20
    stop_on_failure: True
    target_resp_min_dist: 1.0
    repeat_util_cancelled: False
    build_esdf_map: True
    build_quadtree_map: True
    behavior_tree:
      patrol: "navigate_through_poses_to_target.xml"
      patrol_unknown: "navigate_through_poses_to_target.xml"
      patrol_3d: "navigate_through_poses_to_target_3d.xml"
    waypoint_task_executor_plugin: "wait_at_waypoint"
    wait_at_waypoint:
      plugin: "navigo_waypoint_follower::WaitAtWaypoint"
      enabled: True
      waypoint_pause_duration: 1

velocity_optimizer:
  ros__parameters:
    smoothing_frequency: 100.0
    scale_velocities: False
    feedback: "OPEN_LOOP"
    low_pass_filter_tau: 0.008
    max_positive_velocity: [ 4.0, 2.0, 3.0 ]
    min_negative_velocity: [ -4.0, -2.0, -3.0 ]
    min_positive_velocity: [ 0.1, 0.1, 0.0 ]
    max_negative_velocity: [ -0.1, -0.1, -0.0 ]
    max_accel: [ 1.5, 1.0, 2.0 ]
    max_decel: [ -2.5, -1.0, -2.0 ]
    odom_topic: "/odom/current_pose"
    odom_duration: 0.1
    deadband_velocity: [ 0.1, 0.1, 0.0 ]
    velocity_timeout: 1.0

collision_monitor:
  ros__parameters:
    use_sim_time: True
    base_frame_id: "base_link"
    odom_frame_id: "odom"
    odom_topic: "/odom/current_pose"
    cmd_vel_in_topic: "cmd_vel_raw"
    cmd_vel_out_topic: "cmd_vel"
    transform_tolerance: 0.5
    source_timeout: 1.0
    base_shift_correction: False
    # Timer-driven publishing parameters
    publish_frequency: 100.0        # Output publishing frequency in Hz
    process_frequency: 10.0         # Collision detection processing frequency in Hz
    cmd_vel_in_timeout: 0.1         # Input timeout threshold in seconds (100ms)
    process_result_timeout: 0.2     # Process result age threshold in seconds (200ms)
    # Fine-grained STOP control based on collision prediction per velocity component
    selective_stop:
      # Global switch
      use_selective_stop: true
      filter_points_inside: true

      # Collision prediction parameters
      collision_prediction_time: 0.5    # Time horizon for collision prediction (seconds)
      simulation_time_step: 0.05        # Motion simulation time step (seconds)

      # Level 2 combination testing
      enable_level2_combinations: true  # Enable testing velocity combinations

      # Velocity comparison threshold
      velocity_tolerance: 0.01          # Tolerance for zero velocity comparison (m/s or rad/s)

    # Polygons represent zone around the robot for "stop" and "slowdown" action types,
    # and robot footprint for "approach" action type.
    # Footprint could be "polygon" type with dynamically set footprint from footprint_topic
    # or "circle" type with static footprint set by radius. "footprint_topic" parameter
    # to be ignored in circular case.
    polygons: [ "PolygonStop" ]
    PolygonStop:
      type: "polygon"
      points: [ 0.6, 0.35, 0.6, -0.35, -0.6, -0.35, -0.6, 0.35 ]
      action_type: "stop"
      max_points: 3
      visualize: True
      polygon_pub_topic: "/navigo/cm/cmn/vis/polygon_stop"
      enabled: True
    PolygonSlow:
      type: "polygon"
      points: [ 0.7, 0.575, 0.7, -0.575, -0.7, -0.575, -0.7, 0.575 ]
      action_type: "slowdown"
      max_points: 3
      slowdown_ratio: 0.3
      visualize: False
      polygon_pub_topic: "/navigo/cm/cmn/vis/polygon_slowdown"
      enabled: False
    FootprintApproach:
      type: "polygon"
      action_type: "approach"
      footprint_topic: "/navigo/lcc/cmn/vis/published_footprint"
      time_before_collision: 2.0
      simulation_time_step: 0.1
      max_points: 5
      visualize: False
      enabled: False
    observation_sources: [ "scan" ]
    scan:
      type: "scan"
      topic: "/laser_scan"
      enabled: True
@@FILE /opt/robot/robot_nav/install/robot_nav2/share/robot_nav2/params/ZG/nav2_params.yaml
bt_navigator:
  ros__parameters:
    use_sim_time: False
    global_frame: map
    robot_base_frame: base_link
    odom_topic: /odom/current_pose
    bt_loop_duration: 50
    transform_tolerance: 0.2
    default_server_timeout: 3000
    enable_groot_monitoring: False
    truncate_path_to_collision:
      enabled: False
      threshold: 2.0
      distance: 1.0
    default_controller_id: FollowPathLocalPlanner
    default_goal_tolerance:
      xy_goal_tolerance: 0.25
      yaw_goal_tolerance: 0.05
    plugin_lib_names:
      - navigo_back_up_action_bt_node
      - navigo_back_up_cancel_bt_node
      - navigo_clear_costmap_service_bt_node
      - navigo_clear_error_action_bt_node
      - navigo_compute_collision_distance_action_bt_node
      - navigo_compute_control_error_action_bt_node
      - navigo_compute_goal_distance_action_bt_node
      - navigo_compute_information_gain_action_bt_node
      - navigo_compute_path_through_poses_action_bt_node
      - navigo_compute_path_to_pose_action_bt_node
      - navigo_compute_paths_to_poses_action_bt_node
      - navigo_compute_spin_distance_action_bt_node
      - navigo_compute_uwb_goal_action_bt_node
      - navigo_decompose_convex_regions_action_bt_node
      - navigo_evaluate_goal_action_bt_node
      - navigo_evaluate_paths_action_bt_node
      - navigo_follow_path_action_bt_node
      - navigo_follow_path_cancel_bt_node
      - navigo_frtree_action_bt_node
      - navigo_general_conditions_bt_node
      - navigo_generate_leading_rays_action_bt_node
      - navigo_generate_relocalization_goal_action_bt_node
      - navigo_globally_updated_goal_condition_bt_node
      - navigo_globally_updated_goals_condition_bt_node
      - navigo_goal_reached_condition_bt_node
      - navigo_goal_updated_condition_bt_node
      - navigo_is_exploration_completed_condition_bt_node
      - navigo_is_exploration_goal_valid_condition_bt_node
      - navigo_is_goals_valid_condition_bt_node
      - navigo_is_localization_status_satisfied_condition_bt_node
      - navigo_is_path_valid_condition_bt_node
      - navigo_is_target_in_fov_condition_bt_node
      - navigo_optimize_path_service_bt_node
      - navigo_pipeline_sequence_bt_node
      - navigo_progress_check_bt_node
      - navigo_publish_debug_msgs_action_bt_node
      - navigo_rate_controller_bt_node
      - navigo_recover_invalid_goals_action_bt_node
      - navigo_recovery_node_bt_node
      - navigo_remove_passed_goals_action_bt_node
      - navigo_remove_passed_goals_loop_action_bt_node
      - navigo_reorganize_trajectory_action_bt_node
      - navigo_report_error_action_bt_node
      - navigo_reseparate_paths_action_bt_node
      - navigo_round_robin_node_bt_node
      - navigo_select_exploration_goal_action_bt_node
      - navigo_select_frontend_id_action_bt_node
      - navigo_select_frontend_ids_action_bt_node
      - navigo_select_patrol_goal_action_bt_node
      - navigo_select_patrol_mode_action_bt_node
      - navigo_select_sampled_goals_action_bt_node
      - navigo_separate_paths_action_bt_node
      - navigo_spin_action_bt_node
      - navigo_spin_cancel_bt_node
      - navigo_stitch_path_action_bt_node
      - navigo_time_expired_condition_bt_node
      - navigo_truncate_path_action_bt_node
      - navigo_truncate_path_local_action_bt_node
      - navigo_truncate_path_to_goal_action_bt_node
      - navigo_truncate_paths_action_bt_node
      - navigo_update_path_action_bt_node
      - navigo_wait_action_bt_node

bt_navigator_rclcpp_node:
  ros__parameters:
    use_sim_time: False

bt_navigator_navigate_to_pose_rclcpp_node:
  ros__parameters:
    debug: True
    use_sim_time: False
    target_lost_detect_min_dist: 1.5
    q0: 0.01
    q1: 0.04
    q2: 0.06
    r0: 0.058
    r1: 0.058
    r2: 0.06
    p_s: 0.85
    smoothing_window: 3
    d2_quantile: 0.99
    warmup_trace_threshold: 10.0

bt_navigator_navigate_through_poses_rclcpp_node:
  ros__parameters:
    debug: True
    use_sim_time: False
    multi_path_selector:
      # Global settings
      default_timeout_ms: 50.0
      enable_fast_pruning: True
      max_candidate_paths: 10
      min_candidate_paths: 2

      # Default scoring weights (must sum to ~1.0)
      default_weights:
        safety_weight: 0.3
        reference_deviation_weight: 0.3
        smoothness_weight: 0.20
        efficiency_weight: 0.15
        kinematic_feasibility_weight: 0.05

      # Fast pruner configuration
      fast_pruner:
        min_obstacle_distance: 0.15   # Minimum distance to obstacles (m)
        max_path_length: 10.0         # Maximum reasonable path length (m)
        max_curvature: 3.0            # Maximum allowed curvature (1/m)
        max_avg_curvature: 1.0        # Maximum average allowed curvature (1/m)
        min_point_separation: 0.1     # Minimum distance between path points (m)
        min_path_points: 3            # Minimum number of points in path
        collision_check_step: 1       # Step size for collision checking
        robot_radius: 0.35            # Robot radius for collision checking (m)

      # Safety critic configuration
      safety_critic:
        robot_radius: 0.35
        safe_distance_threshold: 0.8       # Distance considered "safe" (m)
        critical_distance_threshold: 0.40  # Distance considered "critical" (m)
        clearance_scaling_factor: 2.0      # Scaling for clearance-to-score conversion
        path_sampling_step: 1              # Step size for path point sampling

      # Reference deviation critic configuration
      reference_deviation_critic:
        max_lateral_deviation: 1.0       # Maximum acceptable lateral deviation (m)
        max_heading_deviation: 1.57      # Maximum acceptable heading deviation (rad, ~90 deg)
        lateral_weight: 0.7              # Weight for lateral deviation component
        heading_weight: 0.2              # Weight for heading deviation component
        endpoint_weight: 0.1             # Weight for endpoint deviation component
        normalize_by_path_length: True   # Whether to normalize by path length
        deviation_scaling_factor: 1.5    # Scaling factor for score conversion

      # Smoothness critic configuration 
      smoothness_critic:
        max_acceptable_curvature: 0.65       # Maximum acceptable curvature (1/m)
        max_acceptable_acceleration: 2.0     # Maximum acceptable acceleration (m/s^2）
        max_acceptable_angular_accel: 2.0    # Maximum angular acceleration (rad/s^2)
        curvature_weight: 0.4                # Weight for curvature component
        acceleration_weight: 0.3             # Weight for acceleration component
        angular_acceleration_weight: 0.2     # Weight for angular acceleration
        variation_weight: 0.1                # Weight for curvature variation component
        expected_velocity: 1.0               # Expected robot velocity for time estimation
        sharp_turn_threshold: 1.0            # Curvature threshold for sharp turn detection
        penalize_sharp_turns: true           # Whether to penalize sharp turns

      # Efficiency critic configuration
      efficiency_critic:
        expected_velocity: 1.0                # Expected robot velocity (m/s)
        length_weight: 0.4                    # Weight for path length component
        time_weight: 0.3                      # Weight for travel time component
        energy_weight: 0.2                    # Weight for energy cost component
        directness_weight: 0.1                # Weight for directness component
        max_acceptable_length: 10.0           # Maximum acceptable path length (m)
        max_acceptable_time: 10.0             # Maximum acceptable travel time (s)
        use_different_goals_evaluation: True  # Whether to evaluate multiple goals
        max_projection_distance: 5.0          # Maximum distance for projection (m)
        endpoint_tolerance: 1.0               # Allowed endpoint tolerance (m)

      # Kinematic feasibility critic configuration
      kinematic_feasibility_critic:
        min_turning_radius: 2.0           # Minimum turning radius for quadruped (m)
        max_turning_radius: 100.0         # Maximum reasonable turning radius (m)
        max_slope_angle: 0.5              # Maximum slope angle (~28 degrees, rad)
        max_velocity: 2.0                 # Maximum robot velocity (m/s)
        max_linear_acceleration: 2.0      # Maximum linear acceleration (m/s^2)
        max_lateral_acceleration: 2.0     # Maximum lateral acceleration (m/s^2)
        check_slope_constraints: False    # Whether to check slope constraints
        check_turning_constraints: True   # Whether to check turning constraints

bt_navigator_explore_through_poses_rclcpp_node:
  ros__parameters:
    debug: False
    use_sim_time: False

behavior_server:
  ros__parameters:
    odom_topic: /odom/current_pose
    costmap_topic: /navigo/lcc/cmn/vis/costmap_raw
    footprint_topic: /navigo/lcc/cmn/vis/published_footprint
    track_unknown_space: False
    cycle_frequency: 10.0
    behavior_plugins: [ "spin", "backup", "drive_on_heading", "wait" ]
    spin:
      plugin: "navigo_behaviors/Spin"
    backup:
      plugin: "navigo_behaviors/BackUp"
    drive_on_heading:
      plugin: "navigo_behaviors/DriveOnHeading"
    wait:
      plugin: "navigo_behaviors/Wait"
    global_frame: odom
    robot_base_frame: base_link
    transform_tolerance: 0.1
    use_sim_time: True
    simulate_ahead_time: 2.0
    max_rotational_vel: 1.2
    min_rotational_vel: 0.4
    rotational_acc_lim: 3.2

local_costmap:
  local_costmap:
    ros__parameters:
      odom_topic: /odom/current_pose
      update_frequency: 10.0
      publish_frequency: 10.0
      global_frame: odom
      robot_base_frame: base_link
      use_sim_time: False
      rolling_window: True
      width: 8
      height: 8
      resolution: 0.05
      plugins: [ "obstacle_layer", "electronic_map_layer", "inflation_layer" ]
      electronic_map_layer:
        plugin: "navigo_costmap_2d::ElectronicMapLayer"
        enabled: True
        electronic_map_topic: "/electronic_map"
        transform_tolerance: 0.1
        debug_mode: False
      inflation_layer:
        plugin: "navigo_costmap_2d::InflationLayer"
        cost_scaling_factor: 3.0
        inflation_radius: 0.05
      obstacle_layer:
        plugin: "navigo_costmap_2d::ObstacleLayer"
        enabled: True
        goal_safe_area: "[[0.40,0.4],[0.4,-0.4],[-0.4,-0.4],[-0.4,0.4]]"
        goal_clearing_enabled: True
        footprint_clearing_enabled: True
        planner_goal_valid_time_range: 5.0
        observation_persistence: 0.0
        observation_sources: scan
        scan:
          topic: /laser_scan
          max_obstacle_height: 2.0
          clearing: True
          marking: True
          inf_is_valid: True
          data_type: "LaserScan"
          raytrace_max_range: 8.0
          raytrace_min_range: 0.0
          obstacle_max_range: 8.5
          obstacle_min_range: 0.5
      always_send_full_costmap: True
  local_costmap_client:
    ros__parameters:
      use_sim_time: False
  local_costmap_rclcpp_node:
    ros__parameters:
      use_sim_time: False

local_costmap_controller:
  local_costmap_controller:
    ros__parameters:
      odom_topic: /odom/current_pose
      update_frequency: 10.0
      publish_frequency: 10.0
      global_frame: odom
      robot_base_frame: base_link
      use_sim_time: False
      rolling_window: True
      width: 8
      height: 8
      resolution: 0.05
      plugins: [ "obstacle_layer", "inflation_layer" ]
      static_layer:
        plugin: "navigo_costmap_2d::StaticLayer"
        map_subscribe_transient_local: False
      inflation_layer:
        plugin: "navigo_costmap_2d::InflationLayer"
        cost_scaling_factor: 3.0
        inflation_radius: 0.05
      obstacle_layer:
        plugin: "navigo_costmap_2d::ObstacleLayer"
        enabled: True
        goal_clearing_enabled: True
        planner_goal_valid_time_range: 5.0
        observation_persistence: 0.0
        observation_sources: scan
        scan:
          topic: /laser_scan
          max_obstacle_height: 2.0
          clearing: True
          marking: True
          inf_is_valid: True
          data_type: "LaserScan"
          raytrace_max_range: 8.0
          raytrace_min_range: 0.0
          obstacle_max_range: 8.5
          obstacle_min_range: 0.5

global_costmap:
  global_costmap:
    ros__parameters:
      odom_topic: /odom/current_pose
      map_topic: /navigo/ms/cmn/intf/map
      update_frequency: 10.0
      publish_frequency: 10.0
      resolution: 0.05
      global_frame: map
      robot_base_frame: base_link
      use_sim_time: False
      plugins: [ "static_layer", "electronic_map_layer", "inflation_layer", "frontier_layer" ]
      static_layer:
        plugin: "navigo_costmap_2d::StaticLayer"
        map_subscribe_transient_local: False
        footprint_clearing_enabled: True
        restore_cleared_footprint: True
      electronic_map_layer:
        plugin: "navigo_costmap_2d::ElectronicMapLayer"
        enabled: True
        electronic_map_topic: "/electronic_fence"
        transform_tolerance: 0.1
        debug_mode: False
      inflation_layer:
        plugin: "navigo_costmap_2d::InflationLayer"
        cost_scaling_factor: 3.0
        inflation_radius: 0.1
      frontier_layer:
        plugin: "navigo_costmap_2d::FrontierLayer"
        map_subscribe_transient_local: False
        obstacle_inflation_radius: 0.3
        obstacle_threshold: 65
        travel_point_type: "closest" #closest middle centroid
        frontier_min_size: 10
      esdf_layer:
        plugin: "navigo_costmap_2d::ESDFLayer"
        enabled: False
        esdf_pos_dis_topic_name: esdf_pos_distance_field
        esdf_neg_dis_topic_name: esdf_neg_distance_field
        esdf_combine_dis_topic_name: esdf_combine_distance_field
        esdf_gradient_topic_name: esdf_gradient
        visualize_pos_dis_esdf: False
        visualize_neg_dis_esdf: False
        visualize_combine_dis_esdf: False
        visualize_gradient: False
      always_send_full_costmap: False
  global_costmap_client:
    ros__parameters:
      use_sim_time: False
  global_costmap_rclcpp_node:
    ros__parameters:
      use_sim_time: False

map_server:
  ros__parameters:
    use_sim_time: False
    yaml_filename: " "

map_saver:
  ros__parameters:
    use_sim_time: False
    save_map_timeout: 5.0
    free_thresh_default: 0.25
    occupied_thresh_default: 0.65
    map_subscribe_transient_local: False

planner_server:
  ros__parameters:
    odom_topic: /odom/current_pose
    use_sim_time: False
    expected_planner_frequency: 20.0
    # extension line
    need_extension: False
    extension_dis: 0.5
    extension_step_size: 0.05
    # planning path generation format
    use_fixed_spacing_trajectory_generation: True
    use_history_path_info: False
    # tracking function 
    fov_near_goal_dist: 5.0
    out_of_fov_threshold: 20.0
    # collision checker
    use_esdf_collision_checker: False
    three_circle_check_margin: 0.03
    three_circle_fine_check_sample_res: 0.05
    # pp + fem get optimized path
    enable_pp_fem_debug_output: False
    # esdf info
    build_global_esdf_map: True
    build_local_esdf_map: True
    global_esdf_visualizer_open: False
    local_esdf_visualizer_open: False
    global_esdf_build_timeout: 10.0
    # 3D Topological Map info
    topo_map_pcd_file: ""
    global_3d_topo_build_timeout: 60.0 #s
    # Parallel planning configuration
    enable_parallel_planning: True
    max_parallel_goals: 5
    parallel_planning_timeout: 3.0
    # Log level set ["DEBUG" "INFO"]
    log_level: "DEBUG"
    # quadtree info
    quadtree:
      enable: True
      min_box_size: 4
      max_box_size: 100
      robot_radius_m: 0.1
    # corridor optimizer  
    preprocessor:
      dup_threshold: 0.1
      backtrack_angle_threshold: 2.618
      loop_distance_threshold: 2.0
      min_loop_points: 5
      sharp_turn_angle_threshold: 2.09
      sharp_turn_detection_window: 3.0
      enable_sharp_turn_detection: true
    corridor_builder:
      robot_radius: 0.35
      safety_margin: 0.15
      min_corridor_width: 0.5
      sample_distance: 0.2
      max_search_distance: 3.0
    # fem optimizer
    fem_opt:
      enable_fem_debug_switch: False
      enable_two_sided_constraint: True
      point_deviation_limits: 2.0
      enable_kappa_constraint: False
      osqp_weight_fem_pos_deviation: 10000.0
      osqp_weight_path_length: 1000.0
      osqp_weight_ref_deviation: 1.0
      sqp_weight_curvature_constraint_slack_var: 10000.0
      sqp_curvature_constraint: 0.10
      sqp_weight_fem_pos_deviation: 1000000.0
      sqp_weight_path_length: 1.0
      sqp_weight_ref_deviation: 10.0
    planner_plugins: [ "GridBasedST", "GridBasedSL", "ThreeDimTopoBased" ]
    GridBasedST:
      plugin: "navigo_spatial_temporal_planner/SpatialTemporalPlanner"
      # kino hybrid astar searcher
      kino_search:  
        step_arc: 0.9
        max_search_time: 2.0
        adaptive_timeout_base: 0.5
        max_forward_vel: 2.0
        max_forward_acc: 0.5
        max_backward_vel: 2.0
        max_backward_acc: 0.5
        max_yaw_acc: 1.0
        obstacle_safety_dist: 3.0
        omni_model_expansion_res: 0.5
        omni_model_dis_threshold: 6.0
        omni_model_yaw_expansion_res: 0.5
        omni_model_near_max_yaw_rate: 1.0
        omni_model_near_lateral_max_vel: 1.0
        omni_model_near_longitudinal_max_vel: 1.0
        omni_model_far_max_yaw_rate: 2.0
        omni_model_far_lateral_max_vel: 2.0
        omni_model_far_longitudinal_max_vel: 3.0
        trigger_shot_dis: 3.0
        check_num: 10
        allocate_num: 10000
        check_length: 0.05
        sample_time: 0.2
        max_cur: 5.0 #5.773
        wheel_base: 0.3
        non_singularity_vel: 0.1
        lambda_heu: 10.0
        traj_steer_penalty: 10.0
        traj_back_penalty: 20.0
        traj_forward_penalty: 1.0
        traj_gear_switch_penalty: 15.0
        traj_steer_change_penalty: 10.0
        traj_lateral_penalty: 10.0
        traj_ctrl_change_penalty: 5.0
        traj_spin_penalty: 10.0
        # new penalty
        switch_time: 1.0
        move_weight: 1.0
        backward_weight: 5.0
        acc_weight: 1.0
        yaw_acc_weight: 1.0
        yaw_weight: 2.0
        lateral_weight: 1.0
        switch_weight: 5.0
        node_deviation_weight: 5.0
        obstacle_dist_weight: 5.0
        map_resolution: 0.3
        yaw_resolution: 0.3
        rear_suspension: 0.15
        robot_width: 0.3
        robot_length: 0.6
        robot_lateral_margin: 0.05
        robot_longitudinal_margin: 0.05
        robot_left_margin: 0.05
        robot_right_margin: 0.05
        robot_front_margin: 0.05
        robot_back_margin: 0.05
        map_size_x: 500
        map_size_y: 500
        consider_lateral_move: True
        allow_reverse_expansion: False
        open_expansion_visualization: False
        # multiple points sample
        enable_start_goal_sampling: false
        sampling_radius: 10.0
        sampling_angle_range: 1.0
        num_sampling_points: 30
        max_connecting_path_length: 12.0
        # support model: "OmniMotionModel", "AckermannMotionModel"  
        enabled_motion_models: ["OmniMotionModel"] 
        use_3d_search: true   # enbale 3D search (x, y, yaw)                                                                                  │ │
        use_2d_search: false  # enable 2D search (x, y only)  
      # quadtree searcher
      quadtree_search:
        max_forward_vel: 1.0
        max_forward_acc: 2.0
        max_backward_vel: 0.6
        max_backward_acc: 4.0
        non_singularity_vel: 0.1
        sample_time: 0.2
        wheel_base: 0.3
        path_yaw_smooth_window_size: 5
        rear_suspension: 0.15
        robot_width: 0.3
        robot_length: 0.6
        robot_lateral_margin: 0.05
        robot_longitudinal_margin: 0.05
        allow_reverse_expansion: False
        enable_footprint_safety_check: False
        safety_offset_search_radius: 0.3
        safety_offset_resolution: 0.05
        max_path_adjustment_attempts: 3
        enable_footprint_visualization: True
        enable_path_visualization: True
        enable_multi_inflation_search: True
        inflation_sample_count: 7
        inflation_sampling_strategy: "adaptive"
        max_search_time_per_inflation_ms: 150.0
        enable_multi_inflation_visualization: True
        min_acceptable_inflation: 0.01
        prefer_higher_inflation: True
        cost_tolerance_ratio: 1.5
        enable_multi_inflation_fallback: True
      # tracking searcher
      tracking_search:
        tracking_max_tau: 0.6
        tracking_max_vel: 3.0
        tracking_max_acc: 3.0
        tracking_w_time: 10.0
        tracking_lambda_heu: 5.0
        tracking_check_num: 5
        tracking_w_predict: 0.5
        tracking_allocate_num: 5000
        tracking_map_size_x: 200
        tracking_map_size_y: 200
        tracking_map_res: 0.1
        tracking_shot_path_collision_res: 0.05
        max_search_time: 1.0
        polynomial_with_backend_opt: False
        robot_width: 0.3
        robot_length: 0.6
        robot_left_margin: 0.05
        robot_right_margin: 0.05
        robot_front_margin: 0.05
        robot_back_margin: 0.05
      # fast kino searcher
      fast_kino_search:
        max_nodes: 50000
        max_search_time: 0.04
        collision_check_steps: 2
        max_linear_vel: 2.0
        max_lateral_vel: 1.5
        max_diagonal_vel: 1.8
        max_angular_vel: 1.0
        motion_dt: 0.2
        coarse_resolution: 0.4
        fine_resolution: 0.2
        resolution_switch_dist: 3.0
        map_resolution: 0.1
        robot_radius: 0.3
        robot_width: 0.3
        robot_length: 0.6
        max_forward_vel: 2.0
        max_forward_acc: 2.0
        max_backward_vel: 0.6
        max_backward_acc: 2.0
        non_singularity_vel: 1.0
      # Hybrid quadtree kino searcher
      hybrid_quadtree_kino_search:
        max_guidance_distance: 3.0
        progression_bonus_weight: 1.5
        obstacle_density_weight: 0.5
        max_search_attempts: 1
        enable_adaptive_fallback: true
        enable_obstacle_aware_guidance: true
        enbale_guidance_visualization: false
      # safe drive corridor
      safe_drive_corridor:
        safe_drive_corridor_expand_step: 0.10
        safe_drive_corridor_expand_limit_bound: 2.0
        short_traj: 5.0
        traj_piece_duration_low: 1.0
        middle_traj: 10.0
        traj_piece_duration_middle: 2.0
        traj_piece_duration_large: 4.0
        side_piece_res: 20
        inter_piece_res: 10
        safe_corridor_obstacle_margin: 0.5
        safe_corridor_use_dynamic_shrink: False
        safe_corridor_min_expansion_ratio: 0.3
        min_corridor_clearance: 0.5
        max_clearance_adjustment_iters: 10
        enable_clearance_visualization: False
        corridor_generation_strategy: "uniform"
        adaptive_far_distance_threshold: 0.8
        adaptive_medium_distance_threshold: 0.6
        adaptive_near_distance_threshold: 0.3
        adaptive_far_expansion_factor: 1.0
        adaptive_medium_expansion_factor: 0.7
        adaptive_near_expansion_factor: 0.4
        adaptive_enable_trajectory_adjustment: False
        adaptive_trajectory_adjustment_step: 0.05
        adaptive_max_adjustment_iters: 10
      # back-end optimizer
      spatial_temporal_backend_opt:
        wheel_base: 0.3
        rear_suspension: 0.15
        robot_width: 0.3
        robot_length: 0.6
        max_forward_cur: 5.0
        max_backward_cur: 5.0
        max_forward_vel: 2.0
        max_forward_acc: 0.5
        max_backward_vel: 2.0
        max_backward_acc: 0.5
        non_singularity_vel: 0.1
        wei_cur: 1.0
        wei_time: 500.0
        wei_static_obs: 5000.0
        wei_dynamic_obs: 1000.0
        wei_feasibility: 200.0
        maximum_acceptable_cost: 500000.0
        dynamic_safety_dis: 0.1
        use_gear_opt: False
        eps_help: 0.0001
        minimum_time: 0.1
        log_sum_exp_alpha: 100.0
        half_margin: 0.025
        side_piece_res: 20
        inter_piece_res: 10
        # lbfgs
        lbfgs_past: 3
        lbfgs_delta: 0.005
        lbfgs_min_step: 1.0e-16
        lbfgs_mem_size: 64
        lbfgs_max_iter: 500
        lbfgs_g_epsilon: 1.0e-5
        # Two-stage optimization
        enable_two_stage_optimization: True
        stage1_max_iter: 40
        stage2_max_iter: 30
        stage1_g_epsilon: 1.0e-3
        stage2_g_epsilon: 1.0e-5
        stage1_weight_scale: 0.3
    GridBasedSL:
      plugin: "navigo_straight_line_planner/StraightLinePlanner"
      allow_reversing: True
      traj_res: 0.05
      # extension line
      extension_dis: 4.0
      extension_step_size: 0.1
      uwb_nav_mode_safety_threshold: 0.8
    ThreeDimTopoBased:
      plugin: "navigo_3d_topo_global_planner/Navigo3DTopoGlobalPlanner"
      # Map file configuration
      global_frame: "map"
      pcd_map_file: ""  # Set to your PCD file path
      # 3D Topological Map parameters
      safety_margin: 0.1
      octree_resolution: 0.2
      esdf_resolution: 0.05
      robot_footprint_x: 0.6
      robot_footprint_y: 0.3
      max_climbing_height: 0.3
      max_drop_height: 2.0
      planning_timeout_ms: 5000.0
      max_search_nodes: 50000
      max_search_dis_for_find_nearest_node: 1.0
      connect_to_nodes_factor: 2.0
      min_points_per_voxel: 5
      min_neighbors_for_filter_nodes: 5
      min_surface_node_points: 5
      max_isolation_dist_for_filter_nodes: 0.5
      safety_traversability_score: 40.0
      surface_node_check_radius: 0.2
      use_obstacle_avoidance: False
      path_smoothing: True
      search_algorithm: "astar"  # Options: "astar", "dijkstra"
      # Intensity interpretation
      pcd_intensity_mode: "normalized"  # Options: "none", "normalized", "legancy"
      normalized_safety_threshold: 1.0
      # Centerline guidance
      enable_centerline_guidance: False
      centerline_layer_height: 0.1
      centerline_grid_resolution: 0.05
      centerline_boundary_expansion: 0.2
      centerline_min_width: 0.1
      centerline_use_thinning: True
      centerline_thinning_iterations: 10
      centerline_penalty_weight: 0.3
      # Neighbor density safety
      neighbor_penalty_weight: 5.0
      safe_neighbor_count: 50
      # Cost weights
      heuristic_weight: 1.0
      base_distance_weight: 0.1
      traversability_weight: 100.0
      climbing_weight: 50.0
      roughness_weight: 1.5
      enable_cost_logging: False
      # ESDF integration
      use_esdf_for_planning: False
      esdf_weight: 50.0
      esdf_obstacle_clearance: 0.8
      esdf_pcd_mode: "normalized"  # Options: "normalized", "legancy"
      # Boundary wall detection
      enable_boundary_walls: False
      virtual_wall_height: 1.0
      use_morphological_closing: False
      closing_kernel_size: 1
      extrude_only_horizontal_edges: False
      # Visualization
      enable_visualization: True
      show_search_path: True
      show_pcd_overlay: True
      # Connectivity analysis
      verbose_logging: True
      enable_connectivity_check: True
      default_min_component_size: 50
      num_components_found_threshold: 10
      max_analysis_time_ms: 100.0

planner_server_rclcpp_node:
  ros__parameters:
    use_sim_time: False

controller_server:
  ros__parameters:
    odom_topic: "/odom/current_pose"
    use_sim_time: False
    mc_controller_type: RL_TRACK_VELOCITY
    controller_frequency: 50.0
    mc_trajectory_size: 20
    min_x_velocity_threshold: 0.05
    min_y_velocity_threshold: 0.05
    min_theta_velocity_threshold: 0.05
    failure_tolerance: 0.3
    progress_checker_plugin: "progress_checker"
    goal_checker_plugins: [ "general_goal_checker" ] # "precise_goal_checker"
    controller_plugins: [ "FollowPathPP", "FollowPathPID", "FollowPathLocalPlanner" ]

    # Progress checker parameters
    progress_checker:
      plugin: "navigo_path_controller::SimpleProgressChecker"
      required_movement_radius: 0.5
      movement_time_allowance: 10.0
    # Goal checker parameters
    general_goal_checker:
      plugin: "navigo_path_controller::SimpleGoalChecker"

    # PP parameters
    FollowPathPP:
      plugin: "navigo_pure_pursuit_controller::PurePursuitController"
      ### UWB PARAMETER ###
      use_multiple_vel_mode: True
      multiple_vel_mode_threshold_dist: 3.0
      uwb_desired_high_linear_vel_x: 2.0 # 2.0 1.0
      uwb_desired_high_linear_vel_y: 1.0 # 1.0 0.7
      uwb_desired_linear_vel_x: 1.0 # 1.0 1.0
      uwb_desired_linear_vel_y: 0.5 # 0.5 0.5
      uwb_desired_low_linear_vel_x: 1.0 # 1.0 0.5
      uwb_desired_low_linear_vel_y: 0.5 # 0.5 0.35
      uwb_nav_mode_safety_threshold: 0.8
      uwb_nav_mode_switch_threshold: 2.0
      uwb_nav_mode_switch_tolerance: 0.2
      ### COMMON PARAMETER BOOL ###
      allow_reversing: False
      interpolate_curvature_after_goal: False
      use_cancel_deceleration: False
      use_collision_detection: False
      use_cost_regulated_linear_velocity_scaling: False
      use_fixed_curvature_lookahead: False
      use_omnidirectional_model: False
      use_regulated_linear_velocity_scaling: True
      use_trajectory_distance_lookahead: True
      use_velocity_scaled_lookahead_dist: True
      ### COMMON PARAMETER DOUBLE ###
      approach_velocity_scaling_dist: 2.0
      braking_decel_far: 1.0
      braking_decel_near: 0.2
      braking_switch_vel: 0.5
      cancel_deceleration: 3.2
      cost_scaling_dist: 0.3
      cost_scaling_gain: 1.0
      curvature_adaptive_factor: 0.2
      curvature_lookahead_dist: 1.0
      inflation_cost_scaling_factor: 3.0
      max_allowed_time_to_collision_up_to_carrot: 1.0
      max_angular_accel: 3.2
      max_path_length: 2.0
      max_prediction_collision_check_dist: 6.0
      max_robot_pose_search_dist: 10.0
      min_approach_linear_velocity: 0.1
      min_prediction_collision_check_dist: 2.0
      min_speed_scale: 0.9
      omnidirectional_model_kv: 3.0
      omnidirectional_model_kw: 2.0
      omnidirectional_model_lamda_l: 0.6
      omnidirectional_model_lamda_theta: 0.4
      prediction_step_size: 0.5
      regulated_linear_scaling_min_radius: 0.9
      regulated_linear_scaling_min_speed: 0.1
      rotate_to_heading_Kd: 0.2
      rotate_to_heading_Kp: 1.0
      rotate_to_heading_angular_vel_max: 1.2
      rotate_to_heading_angular_vel_min: 0.1
      rotate_to_heading_approach_zone_margin: 0.2
      rotate_to_heading_stop_zone_ratio: 0.9
      rotate_to_path_heading_tol: 0.524
      trajectory_distance_weight: 1.0
      transform_tolerance: 0.1
      ### COMMON PARAMETER INT ###
      prediction_direction_num: 11

    # MPPI parameters
    FollowPathMPPI:
      plugin: "navigo_mppi_controller::MPPIController"
      time_steps: 56
      model_dt: 0.05
      batch_size: 2000
      vx_std: 0.2
      vy_std: 0.2
      wz_std: 0.4
      vx_max: 1.5 #0.5
      vx_min: -1.5 #-0.35
      vy_max: 0.5 #0.5
      wz_max: 1.9
      ax_max: 2.0
      ay_max: 2.0
      ax_min: -2.0
      az_max: 2.0
      iteration_count: 1
      prune_distance: 2.0   #1.7
      transform_tolerance: 0.1
      temperature: 0.3
      gamma: 0.015 #0.015
      motion_model: "DiffDrive"
      visualize_all_sampled_traj: False
      visualize_optimized_traj: True
      TrajectoryVisualizer:
        trajectory_step: 5
        time_step: 3
      AckermannConstraints:
        min_turning_r: 0.1667
      critics: [ "ConstraintCritic", "CostCritic", "GoalCritic", "PathAlignCritic", "GoalAngleCritic", "PathFollowCritic", "PathAngleCritic", "PreferForwardCritic" ] #
      ConstraintCritic:
        enabled: True
        cost_power: 1
        cost_weight: 4.0
      GoalCritic:
        enabled: True
        cost_power: 1
        cost_weight: 5.0
        threshold_to_consider: 1.4
      GoalAngleCritic:
        enabled: True
        cost_power: 1
        cost_weight: 3.0
        threshold_to_consider: 0.5
      PreferForwardCritic:
        enabled: True
        cost_power: 1
        cost_weight: 5.0
        threshold_to_consider: 0.5
      CostCritic:
        enabled: True
        cost_power: 2
        cost_weight: 3.81
        critical_cost: 300.0
        consider_footprint: True
        collision_cost: 1000000.0
        near_goal_distance: 1.0
        trajectory_point_step: 2
      PathAlignCritic:
        enabled: True
        cost_power: 1
        cost_weight: 14.0 #14.0
        max_path_occupancy_ratio: 0.05
        trajectory_point_step: 4
        threshold_to_consider: 0.5
        offset_from_furthest: 20
        use_path_orientations: False
      PathFollowCritic:
        enabled: True
        cost_power: 1
        cost_weight: 5.0 # 25
        offset_from_furthest: 5
        threshold_to_consider: 1.4
      PathAngleCritic:
        enabled: True
        cost_power: 1
        cost_weight: 2.0
        offset_from_furthest: 4
        threshold_to_consider: 0.5
        max_angle_to_furthest: 1.0
        mode: 0
        forward_preference: True

    # PID Controller parameters (for precise goal reaching)
    FollowPathPID:
      plugin: "navigo_pid_controller::PIDController"

      # X axis PID parameters
      x_pid:
        kp: 1.5
        ki: 0.05
        kd: 0.2
        windup_limit: 2.0
        output_limit: 0.5

      # Y axis PID parameters
      y_pid:
        kp: 1.5
        ki: 0.05
        kd: 0.2
        windup_limit: 2.0
        output_limit: 0.5

      # Yaw axis PID parameters
      yaw_pid:
        kp: 1.0
        ki: 0.02
        kd: 0.15
        windup_limit: 1.0
        output_limit: 1.5

      # Minimum velocity thresholds (prevent oscillation)
      min_linear_x_velocity: 0.01   # m/s
      min_linear_y_velocity: 0.01   # m/s
      min_angular_velocity: 0.01  # rad/s

    # FollowPathLocalPlanner Controller parameters
    FollowPathLocalPlanner:
      plugin: "navigo_local_planner_controller::LocalPlannerController"
      plugin: "navigo_local_planner_controller::LocalPlannerController"
      enable_footprint_check: true
      enable_footprint_visualization: true
      comparison_path_topic: "/navigo/cs/lpc/vis/base_candidate_plan"
      footprint_collision_marker_topic: "/navigo/cs/lpc/vis/footprint_collision"
      footprint_samples_marker_topic: "/navigo/cs/lpc/vis/footprint_samples"
      footprint_marker_z: 0.02
      footprint_collision_marker_size: 0.1
      footprint_samples_line_width: 0.02
      footprint_points: [ 0.5, 0.2, 0.5,-0.2, -0.5, -0.2, -0.5, 0.2 ]
      robot_length: 1.2
      robot_width: 0.6
      max_path_length: 1.0
      adjacent_range: 1.8
      min_path_range: 0.8
      search_radius: 0.25
      yaw_p_gain: 1.2
      small_yaw_gain: 1.68
      slow_down_dis_thre: 1.0
      max_linear_vel: 0.6
      max_linear_accel: 0.6
      max_angular_accel: 3.5
      max_angular_vel: 0.6
      yaw_diff_thre: 0.45
      forward_only_angle_thre: 20.0
      allow_rear_range: 0.8  #m
      allow_rear_thre: 150.0
      reverse_angle_thre: 120.0
      vel_y_gain: 0.5
      vel_x_gain: 1.0
      lookahead_distance: 1.0
      two_way_drive_mode: false
      goal_path_dir_weight: 0.01
      trajectory_smooth_weight: 0.3
      stop_dis_thre: 0.5
      reverse_speed_ratio: 0.1
      u_turn_speed_ratio: 0.6
      use_omni_mode: false
      lidar_min_range: 0.15
      lidar_range_margin: 3.5
      footprint_collision_min_points: 3
      control_frequency: 50.0
      min_yaw_dead_zone: 0.3
      enable_dynamic_parameters: true

    # SocialMPC parameters
    FollowPathMPC:
      plugin: "navigo_social_mpc_controller::SocialMPCController"
      ### COMMON PARAMETERS ###
      desired_linear_vel: 1.0 # 0.6
      transform_tolerance: 0.1
      controller_frequency: 20.0 # actually not used
      goal_dist_tol: 0.25
      max_robot_pose_search_dist: 10.0
      reject_unit_path: true
      cmd_vel_output_path: "/home/user/cmd_vel_log.txt"
      ### TRAJECTORIZER PARAMETERS ###
      trajectorizer:
        omnidirectional: false
        desired_linear_vel: 1.0 # 0.4 WARNING!
        lookahead_dist: 2.0
        max_angular_vel: 1.4
        transform_tolerance: 0.1 # WARNING!
        base_frame: "base_link"
        time_step: 0.05
        max_time: 2.0 # sec
      ### CERES OPTIMIZER PARAMETERS ###
      optimizer:
        linear_solver_type: "DENSE_QR"
        param_tol: 1.0e-5 # 1e-9
        fn_tol: 1.0e-4 # 1e-5
        gradient_tol: 1.0e-4 # 1e-8
        max_iterations: 20 # 30, 60
        debug_optimizer: false
        control_horizon: 30
        parameter_block_length: 6
        discretization: 1
        current_path_weight: 1.0
        current_cmds_weight: 0.5
        ### CRITICS WEIGHTS ###
        weights:
          # Social costs
          social_weight: 0.0 # commented
          proxemics_weight: 900.0 # normal 90. large 900
          agent_angle_weight: 0.0 # commented
          # Non-Social costs
          distance_weight: 100.0 # desired goal position aligning, 20.0
          goal_align_weight: 100.0 # desired goal heading aligning, 10.0
          velocity_weight: 50.0 # desired velocity tracking, 150.0
          angle_weight: 120.0 # desired path tracking, 50.0
          velocity_feasibility_weight: 40.0 # smooth the optimized velocity command, 50.0
          obstacle_weight: 5.0 # avoid static obstacles in 2D costmap, 50.0

controller_server_rclcpp_node:
  ros__parameters:
    use_sim_time: False

smoother_server:
  ros__parameters:
    use_sim_time: False
    smoother_plugins: [ "simple_smoother" ]
    simple_smoother:
      plugin: "nav2_smoother::SimpleSmoother"
      tolerance: 1.0e-10
      max_its: 1000
      do_refinement: True

waypoint_follower:
  ros__parameters:
    odom_topic: /odom/current_pose
    target_list_topic: /perception/detection3d
    perception_state_topic: /pers/state
    localization_state_topic: /localization_state
    enable_perception_validation: False
    enable_localization_validation: True
    enable_relocalization_assistant: True
    force_relocalization_assistant: False
    states_validation_timeout: 15.0
    states_timeout_threshold: 2.0
    security_target_timeout: 10.0
    security_target_approach_distance: 1.5
    security_target_clipping_distance: 5.0
    loop_rate: 20
    stop_on_failure: True
    target_resp_min_dist: 1.0
    repeat_util_cancelled: False
    build_esdf_map: True
    build_quadtree_map: True
    behavior_tree:
      patrol: "navigate_through_poses_to_target.xml"
      patrol_unknown: "navigate_through_poses_to_target.xml"
      patrol_3d: "navigate_through_poses_to_target_3d.xml"
    waypoint_task_executor_plugin: "wait_at_waypoint"
    wait_at_waypoint:
      plugin: "navigo_waypoint_follower::WaitAtWaypoint"
      enabled: True
      waypoint_pause_duration: 1

velocity_optimizer:
  ros__parameters:
    smoothing_frequency: 100.0
    scale_velocities: False
    feedback: "OPEN_LOOP"
    low_pass_filter_tau: 0.008
    max_positive_velocity: [ 4.0, 2.0, 3.0 ]
    min_negative_velocity: [ -4.0, -2.0, -3.0 ]
    min_positive_velocity: [ 0.1, 0.1, 0.0 ]
    max_negative_velocity: [ -0.1, -0.1, -0.0 ]
    max_accel: [ 1.5, 1.0, 2.0 ]
    max_decel: [ -2.5, -1.0, -2.0 ]
    odom_topic: "/odom/current_pose"
    odom_duration: 0.1
    deadband_velocity: [ 0.1, 0.1, 0.0 ]
    velocity_timeout: 1.0

collision_monitor:
  ros__parameters:
    use_sim_time: True
    base_frame_id: "base_link"
    odom_frame_id: "odom"
    odom_topic: "/odom/current_pose"
    cmd_vel_in_topic: "cmd_vel_raw"
    cmd_vel_out_topic: "cmd_vel"
    transform_tolerance: 0.5
    source_timeout: 1.0
    base_shift_correction: False
    # Timer-driven publishing parameters
    publish_frequency: 100.0        # Output publishing frequency in Hz
    process_frequency: 10.0         # Collision detection processing frequency in Hz
    cmd_vel_in_timeout: 0.1         # Input timeout threshold in seconds (100ms)
    process_result_timeout: 0.2     # Process result age threshold in seconds (200ms)
    # Fine-grained STOP control based on collision prediction per velocity component
    selective_stop:
      # Global switch
      use_selective_stop: true
      filter_points_inside: true

      # Collision prediction parameters
      collision_prediction_time: 0.5    # Time horizon for collision prediction (seconds)
      simulation_time_step: 0.05        # Motion simulation time step (seconds)

      # Level 2 combination testing
      enable_level2_combinations: true  # Enable testing velocity combinations

      # Velocity comparison threshold
      velocity_tolerance: 0.01          # Tolerance for zero velocity comparison (m/s or rad/s)

    # Polygons represent zone around the robot for "stop" and "slowdown" action types,
    # and robot footprint for "approach" action type.
    # Footprint could be "polygon" type with dynamically set footprint from footprint_topic
    # or "circle" type with static footprint set by radius. "footprint_topic" parameter
    # to be ignored in circular case.
    polygons: [ "PolygonStop" ]
    PolygonStop:
      type: "polygon"
      points: [ 0.75, 0.38, 0.75, -0.38, -0.75, -0.38, -0.75, 0.38 ]
      action_type: "stop"
      max_points: 3
      visualize: True
      polygon_pub_topic: "/navigo/cm/cmn/vis/polygon_stop"
      enabled: True
    PolygonSlow:
      type: "polygon"
      points: [ 0.7, 0.575, 0.7, -0.575, -0.7, -0.575, -0.7, 0.575 ]
      action_type: "slowdown"
      max_points: 3
      slowdown_ratio: 0.3
      visualize: False
      polygon_pub_topic: "/navigo/cm/cmn/vis/polygon_slowdown"
      enabled: False
    FootprintApproach:
      type: "polygon"
      action_type: "approach"
      footprint_topic: "/navigo/lcc/cmn/vis/published_footprint"
      time_before_collision: 2.0
      simulation_time_step: 0.1
      max_points: 5
      visualize: False
      enabled: False
    observation_sources: [ "scan" ]
    scan:
      type: "scan"
      topic: "/laser_scan"
      enabled: True
    pointcloud:
      type: "pointcloud"
      topic: "/intel_realsense_r200_depth/points"
      min_height: 0.1
      max_height: 0.5
      enabled: False
-- 所有設定檔裡的 plugin 宣告（一眼看完用什麼演算法）--
behavior_plugins: [ "spin", "backup", "drive_on_heading", "wait" ]
controller_plugins: [ "FollowPathPP", "FollowPathPID", "FollowPathLocalPlanner" ]
goal_checker_plugins: [ "general_goal_checker" ] # "precise_goal_checker"
planner_plugins: [ "GridBasedST", "GridBasedSL", "ThreeDimTopoBased" ]
plugin_lib_names:
plugin: "nav2_smoother::SimpleSmoother"
plugin: "navigo_3d_topo_global_planner/Navigo3DTopoGlobalPlanner"
plugin: "navigo_behaviors/BackUp"
plugin: "navigo_behaviors/DriveOnHeading"
plugin: "navigo_behaviors/Spin"
plugin: "navigo_behaviors/Wait"
plugin: "navigo_costmap_2d::ElectronicMapLayer"
plugin: "navigo_costmap_2d::ESDFLayer"
plugin: "navigo_costmap_2d::FrontierLayer"
plugin: "navigo_costmap_2d::InflationLayer"
plugin: "navigo_costmap_2d::ObstacleLayer"
plugin: "navigo_costmap_2d::StaticLayer"
plugin: "navigo_local_planner_controller::LocalPlannerController"
plugin: "navigo_mppi_controller::MPPIController"
plugin: "navigo_path_controller::SimpleGoalChecker"
plugin: "navigo_path_controller::SimpleProgressChecker"
plugin: "navigo_pid_controller::PIDController"
plugin: "navigo_pure_pursuit_controller::PurePursuitController"
plugin: "navigo_social_mpc_controller::SocialMPCController"
plugin: "navigo_spatial_temporal_planner/SpatialTemporalPlanner"
plugin: "navigo_straight_line_planner/StraightLinePlanner"
plugin: "navigo_waypoint_follower::WaitAtWaypoint"
plugins: [ "obstacle_layer", "electronic_map_layer", "inflation_layer" ]
plugins: [ "obstacle_layer", "inflation_layer" ]
plugins: [ "static_layer", "electronic_map_layer", "inflation_layer", "frontier_layer" ]
plugins: [ "static_layer", "electronic_map_layer", "inflation_layer", "frontier_layer", "esdf_layer" ]
progress_checker_plugin: "progress_checker"
smoother_plugins: [ "simple_smoother" ]
waypoint_task_executor_plugin: "wait_at_waypoint"

======== ★ 5.2　地圖檔（有地圖才代表建過圖） ========
-rwxrwxrwx 1 root root 120K  3月  2  2026 /ota/upgrade/zg_orin_nx_v0.3.7_ota/firmware/clock_mcu_dev_a95f9a8_v1.1.2.bin
-rw-rw-r-- 1 root root 212  1月 15  2026 /ota/upgrade/zg_orin_nx_v0.3.7_ota/package_info.json
-rw-r--r-- 1 root root 85  1月 27  2026 /opt/robot/perception/install/perception/config/perception/calibration/aprilgrid_5x7.json
-rw-r--r-- 1 root root 2.7K  1月 27  2026 /opt/robot/perception/install/perception/config/perception/stereo_rectify/calibration.json
-rw-r--r-- 1 root root 20K  1月 27  2026 /opt/robot/perception/install/perception/config/perception/stereo_rectify/calibration copy.json
-rw-r--r-- 1 root root 730K  2月  9  2026 /opt/robot/robot_localization/install/localization/share/localization/resources/map_voc.bin
-rw-r--r-- 1 root root 730K  2月 28  2026 /opt/robot/robot_slam/install/robot_slam/data/map_voc.bin
-rwxrwxrwx 1 root root 482  1月 29  2026 /opt/robot/robot_nav/install/navigo_core/share/navigo_core/config/nav_error_codes.json
-rw-r--r-- 1 root root 1.5K  1月 19  2026 /opt/robot/robot-driver/install/livox_driver/share/livox_driver/config/transform_config.json
-rw-r--r-- 1 root root 1.7K  1月 19  2026 /opt/robot/robot-driver/install/livox_driver/share/livox_driver/config/mixed_HAP_MID360_config.json
-rw-r--r-- 1 root root 863  1月 19  2026 /opt/robot/robot-driver/install/livox_driver/share/livox_driver/config/HAP_config.json
-rw-r--r-- 1 root root 1.5K  1月 19  2026 /opt/robot/robot-driver/install/livox_driver/share/livox_driver/config/MID360_config.json
-rw-r--r-- 1 root root 8.5K  3月 11  2026 /home/robot/.robotparam/arc_mapping/arc_mapping.yaml
-rw-rw-r-- 1 robot robot 285  8月 24 14:21 /home/robot/sdk/Agibot_D1_Max-main/ubuntu22.04(x86_64_arm64)/RobotSDK-0.1.1/.vscode/settings.json
-rw-rw-r-- 1 robot robot 184K  1月  1  1970 /home/robot/.cache/nvidia/GLCache/51e82f01ad4ea0e049d1aaa99badd72f/9cf438783ebca280/e57567e0cfb0bbeb.bin
-rw-rw-r-- 1 robot robot 32 10月 18  2025 /home/robot/.cache/nvidia/GLCache/62be4e201c45442341c264a851c8634b/9cf438783ebca280/c33f3f04cc045eb1.bin
-rw-rw-r-- 1 robot robot 32  7月 23  2025 /home/robot/.cache/nvidia/GLCache/b4b8cb5cb4418267029ee88313d2d9a1/9cf438783ebca280/c33f3f04cc045eb1.bin
-rw-rw-r-- 1 robot robot 32  7月 23  2025 /home/robot/.cache/nvidia/GLCache/b4b8cb5cb4418267029ee88313d2d9a1/0bf65d8c049ffdea/c33f3f04cc045eb1.bin
-- /ota（地圖與校正檔的家）--
/ota:
total 24
drwxr-xr-x  4 root  root  4096  9月 22 10:04 .
drwxr-xr-x 21 root  root  4096  3月 11  2026 ..
drwxr-xr-x  3 root  root  4096  3月 11  2026 alg_data
-rw-rw-r--  1 robot robot 4807  9月 22 10:04 calibration_results.yaml
drwxr-xr-x  3 root  root  4096  3月 11  2026 upgrade

/ota/alg_data:
total 12
drwxr-xr-x 3 root root 4096  3月 11  2026 .
drwxr-xr-x 4 root root 4096  9月 22 10:04 ..
drwxr-xr-x 2 root root 4096  3月 11  2026 map

/ota/alg_data/map:
total 8
drwxr-xr-x 2 root root 4096  3月 11  2026 .
drwxr-xr-x 3 root root 4096  3月 11  2026 ..

/ota/upgrade:
total 13705652
drwxr-xr-x 3 root root        4096  3月 11  2026 .
drwxr-xr-x 4 root root        4096  9月 22 10:04 ..
-rw-r--r-- 1 root root        4958 11月 28  2025 demo_host_ota_uefi_sb.sh
-rw-r--r-- 1 root root        4670 11月 28  2025 demo_target_ota_uefi_sb.sh
-rw-r--r-- 1 root root       37126 11月 28  2025 Image_based_OTA_Examples.txt
-rw-r--r-- 1 root root        5746 11月 28  2025 init
-rw-r--r-- 1 root root       58768 11月 28  2025 l4t_generate_ota_package.sh
-rw-r--r-- 1 root root       17281 11月 28  2025 l4t_gen_uefi_sb_overlay.sh
-rw-r--r-- 1 root root       14483 11月 28  2025 l4t_ota_sign_enc_uefi_base.sh
-rw-r--r-- 1 root root       45888 11月 28  2025 nv_ota_common.func
-rw-r--r-- 1 root root        2151 11月 28  2025 nv_ota_common_utils.func
-rw-r--r-- 1 root root        2797 11月 28  2025 nv_ota_customer.conf
-rw-r--r-- 1 root root        4240 11月 28  2025 nv_ota_decompress_package.sh
-rw-r--r-- 1 root root        6426 11月 28  2025 nv_ota_disk_enc.func
-rw-r--r-- 1 root root        5189 11月 28  2025 nv_ota_exception_handler.sh
-rw-r--r-- 1 root root        1366 11月 28  2025 nv_ota_internals.sh
-rw-r--r-- 1 root root        2544 11月 28  2025 nv_ota_log.sh
-rw-r--r-- 1 root root        4444 11月 28  2025 nv_ota_preserve_data.sh
-rw-r--r-- 1 root root       28925 11月 28  2025 nv_ota_rootfs_updater.sh
-rw-r--r-- 1 root root        2741 11月 28  2025 nv_ota_run_tasks.sh
-rwxr-xr-x 1 root root        4662 11月 28  2025 nv_ota_start.sh
-rw-r--r-- 1 root root       20413 11月 28  2025 nv_ota_update_alt_part.func
-rw-r--r-- 1 root root       21988 11月 28  2025 nv_ota_update_implement.sh
-rw-r--r-- 1 root root       10615 11月 28  2025 nv_ota_update_rootfs_in_recovery.sh
-rw-r--r-- 1 root root        1856 11月 28  2025 nv_ota_update.sh
-rw-r--r-- 1 root root        3104 11月 28  2025 nv_ota_utils.func
-rw-r--r-- 1 root root        1971 11月 28  2025 nv_ota_validate.sh
-rw-r--r-- 1 root root       12817 11月 28  2025 nv_recovery.sh
-rw-r--r-- 1 root root        3359 11月 28  2025 nv_update_alt_part.sh
-- 校正檔（外參，SLAM 要用）--
/front_camera/image_compressed:
  K:
  - - 792.9815665418096
    - 0.0
    - 977.8724632057314
  - - 0.0
    - 793.5978174768785
    - 525.0513827398916
  - - 0.0
    - 0.0
    - 1.0
  D:
  - - -0.10646408310841747
  - - 0.013860512590237413
  - - -3.697570017735527e-05
  - - -0.0001915618311477013
  - - -0.0009467053035437125
  R:
  - - -0.00435170942951324
    - -0.99981757277119
    - 0.018597951579871264
  - - -0.032892795535364894
    - -0.018444947289068314
    - -0.9992886709661888
  - - 0.9994494117397386
    - -0.0049603525509424595
    - -0.03280652794278288
  T:
  - - -0.08878917346634875
  - - 0.5729705342340593
  - - -0.31949514538108
  mean_reproj_error: 0.2573346920125934
  result_image: null
/rear_camera/image_compressed:
  K:
  - - 791.7704427108299
    - 0.0
    - 968.9694084271975
  - - 0.0
    - 792.1770424557242
    - 526.770931792739
  - - 0.0
    - 0.0
    - 1.0
  D:
  - - -0.1066102595069972
  - - 0.015004772706319424
  - - 0.00025530113107263646
  - - -0.00024857698374238505
  - - -0.0019774362953425676
  R:
  - - -0.00019270649304242715
    - 0.9998058351001153
    - -0.01970418645792532
  - - -0.04631316665215168
    - -0.019691966746906264
    - -0.9987328556927968
  - - -0.998926951012364
    - 0.000720100965064141
    - 0.04630796903063822
-- 地圖／建圖相關目錄 --

======== ★★★ 6.2　AI 模型檔（型別、大小＝推論平台的直接證據） ========
-rw-r--r-- 1 root root 11M  1月 27  2026 /opt/robot/perception/install/perception/config/perception/detection/model/detection/yolo11n_bhwc_250918.onnx
-rw-r--r-- 1 root root 43M  1月 27  2026 /opt/robot/perception/install/perception/config/perception/detection/model/detection/reid.onnx
-rw-r--r-- 1 root root 63M  1月 27  2026 /opt/robot/perception/install/perception/config/perception/detection/model/detection/centernet_charger.onnx
-rw-r--r-- 1 root root 45M  1月 27  2026 /opt/robot/perception/install/perception/config/perception/detection/model/detection/reid_siamese.onnx
-rw-r--r-- 1 root root 110M  1月 27  2026 /opt/robot/perception/install/perception/config/perception/model/pidnet.onnx
-rw-r--r-- 1 root root 57M  3月 11  2026 /home/robot/.robot/cache/trt_engine/pidnet_0a0be8bc1dc385e69fec2328b06e04cf_fp16.engine

======== ★★★ 5.4／6.4　廠商的演算法管理器（哪些模組 enabled＝實際上線的範圍） ========
@@FILE /opt/robot/zsibot/config/alg_manager_mid.yaml
log_config:
  log_file: /tmp/log/alg_data/robot_alg_manager.log
  log_level: INFO
  log_max_file_size: 52428800
  log_max_files: 3
  enable_stdout: true
modules:
  navigation:
    launch_config:
      commands: ros2 launch robot_nav2 navigation_bringup.launch.py platform:=REAL robot_type:=zg
      envs:
        RMW_IMPLEMENTATION: rmw_zenoh_cpp
        ROS_DOMAIN_ID: '24'
        ROS_VERSION: humble
      env_file: null
      setup_script: /opt/robot/robot_nav/install/setup.bash
      cwd: null
      default_launch: true
    processor_config:
      name: navigation_with_setup
      enabled: true
      buffer_size: 1000
      batch_size: 10
      batch_timeout_ms: 100
      filters:
      - name: error_filter
        enabled: true
        filter_type: Regex
        params:
          action: Pass
          pattern: component_container_isolated
      storages:
      - name: navigation
        enabled: true
        storage_type: File
        params:
          file_path: /tmp/log/alg_data/navigation_with_setup.log
          format: Text
  slam:
    launch_config:
      commands: /opt/robot/robot_slam/install/robot_slam/lib/robot_slam/robot_slam
      envs:
        SLAM_TYPE: nx_zg
        SAVE_MAP_PATH: '/ota/alg_data/map'
        CALIBRATION_FILE_PATH: '/ota/calibration_results.yaml'
        ROS_DOMAIN_ID: '24'
        ROS_VERSION: humble
        RMW_IMPLEMENTATION: rmw_zenoh_cpp
        ROBOT_LOG_DIR: '/home/robot/.robot'
        ROBOT_PARAM_DIR: '/home/robot/.robot'
      env_file: null
      setup_script: /opt/robot/robot_slam/install/setup.bash
      cwd: null
      default_launch: true
    processor_config:
      name: slam_with_setup
      enabled: true
      buffer_size: 1000
      batch_size: 10
      batch_timeout_ms: 100
      filters:
      - name: error_filter
        enabled: true
        filter_type: Regex
        params:
          pattern: component_container_isolated
          action: Pass
      storages:
      - name: slam
        enabled: true
        storage_type: File
        params:
          format: Text
          file_path: /tmp/log/alg_data/slam_with_setup.log
  localization:
    launch_config:
      commands: ros2 launch localization localization_zg.launch.py
      envs:
        ROS_VERSION: humble
        RMW_IMPLEMENTATION: rmw_zenoh_cpp
        ROS_DOMAIN_ID: '24'
        LOCALIZATION_YAML_DIR: /opt/robot/robot_localization/install/localization/share/localization/config/localization_params_fastlio_zg.yaml
        ROBOT_LOG_DIR: '/home/robot/.robot'
        ROBOT_PARAM_DIR: '/home/robot/.robot'
      env_file: null
      setup_script: /opt/robot/robot_localization/install/setup.bash
      cwd: null
      default_launch: true
    processor_config:
      name: localization_with_setup
      enabled: true
      buffer_size: 1000
      batch_size: 10
      batch_timeout_ms: 100
      filters:
      - name: error_filter
        enabled: true
        filter_type: Regex
        params:
          pattern: component_container_isolated
          action: Pass
      storages:
      - name: localization
        enabled: true
        storage_type: File
        params:
          format: Text
          file_path: /tmp/log/alg_data/localization_with_setup.log
ws_config:
  app_msg_ws_url: 0.0.0.0:10010
  app_ros2_ws_url: 0.0.0.0:10011
  machine_msg_ws_url: 0.0.0.0:10012
  machine_ros2_ws_url: 0.0.0.0:10013
map_history_dir: /ota/alg_data/map/history_map
map_yaml_path: /ota/alg_data/map/map.yaml
@@FILE /opt/robot/zsibot/config/alg_manager.yaml
log_config:
  log_file: /tmp/zsibot/log/robot_alg_manager.log
  log_level: INFO
  log_max_file_size: 52428800
  log_max_files: 3
  enable_stdout: true
modules:
  navigation:
    launch_config:
      commands: ros2 launch robot_nav2 navigation_bringup.launch.py platform:=REAL robot_type:=xg
      envs:
        RMW_IMPLEMENTATION: rmw_zenoh_cpp
        ROS_DOMAIN_ID: '24'
        ROS_VERSION: humble
      env_file: null
      setup_script: /opt/robot/robot_nav/install/setup.bash
      cwd: null
      default_launch: true
    processor_config:
      name: navigation_with_setup
      enabled: true
      buffer_size: 1000
      batch_size: 10
      batch_timeout_ms: 100
      filters:
      - name: error_filter
        enabled: true
        filter_type: Regex
        params:
          action: Pass
          pattern: component_container_isolated
      storages:
      - name: navigation
        enabled: true
        storage_type: File
        params:
          file_path: /tmp/zsibot/log/navigation_with_setup.log
          format: Text
  slam:
    launch_config:
      commands: /opt/robot/robot_slam/install/robot_slam/lib/robot_slam/robot_slam
      envs:
        USE_CUSTOM_MAP_PATH: 'false'
        SLAM_TYPE: nx_xg
        ROS_DOMAIN_ID: '24'
        ROS_VERSION: humble
        RMW_IMPLEMENTATION: rmw_zenoh_cpp
      env_file: null
      setup_script: /opt/robot/robot_slam/install/setup.bash
      cwd: null
      default_launch: true
    processor_config:
      name: slam_with_setup
      enabled: true
      buffer_size: 1000
      batch_size: 10
      batch_timeout_ms: 100
      filters:
      - name: error_filter
        enabled: true
        filter_type: Regex
        params:
          pattern: component_container_isolated
          action: Pass
      storages:
      - name: slam
        enabled: true
        storage_type: File
        params:
          format: Text
          file_path: /tmp/zsibot/log/slam_with_setup.log
  localization:
    launch_config:
      commands: ros2 launch localization localization.launch.py
      envs:
        ROS_VERSION: humble
        RMW_IMPLEMENTATION: rmw_zenoh_cpp
        ROS_DOMAIN_ID: '24'
        LOCALIZATION_YAML_DIR: /opt/robot/robot_localization/install/localization/share/localization/config/localization_params_fastlio.yaml
      env_file: null
      setup_script: /opt/robot/robot_localization/install/setup.bash
      cwd: null
      default_launch: true
    processor_config:
      name: localization_with_setup
      enabled: true
      buffer_size: 1000
      batch_size: 10
      batch_timeout_ms: 100
      filters:
      - name: error_filter
        enabled: true
        filter_type: Regex
        params:
          pattern: component_container_isolated
          action: Pass
      storages:
      - name: localization
        enabled: true
        storage_type: File
        params:
          format: Text
          file_path: /tmp/zsibot/log/localization_with_setup.log
ws_config:
  app_msg_ws_url: 0.0.0.0:10010
  app_ros2_ws_url: 0.0.0.0:10011
  machine_msg_ws_url: 0.0.0.0:10012
  machine_ros2_ws_url: 0.0.0.0:10013@@FILE /opt/robot/zsibot/config/alg_manager_arc.yaml
log_config:
  log_file: /tmp/zsibot/log/robot_alg_manager.log
  log_level: INFO
  log_max_file_size: 52428800
  log_max_files: 3
  enable_stdout: true
modules:
  arc_navigo_charging_alignment:
    launch_config:
      commands: ros2 launch navigo_charging_alignment charging_alignment.launch.py
      envs:
        ROS_DOMAIN_ID: '24'
        ROS_VERSION: humble
        RMW_IMPLEMENTATION: rmw_zenoh_cpp
      env_file: null
      setup_script: /opt/robot/robot_arc/install/setup.bash
      cwd: null
      default_launch: true
    processor_config:
      name: navigo_charging_alignment
      enabled: true
      buffer_size: 1000
      batch_size: 10
      batch_timeout_ms: 100
      filters:
      - name: error_filter
        enabled: true
        filter_type: Regex
        params:
          action: Pass
          pattern: component_container_isolated
      storages:
      - name: navigo_charging_alignment
        enabled: true
        storage_type: File
        params:
          file_path: /tmp/zsibot/log/navigo_charging_alignment_with_setup.log
          format: Text
  navigation:
    launch_config:
      commands: ros2 launch robot_nav2 navigation_bringup.launch.py platform:=REAL robot_type:=xg
      envs:
        RMW_IMPLEMENTATION: rmw_zenoh_cpp
        ROS_DOMAIN_ID: '24'
        ROS_VERSION: humble
      env_file: null
      setup_script: /opt/robot/robot_nav/install/setup.bash
      cwd: null
      default_launch: true
    processor_config:
      name: navigation_with_setup
      enabled: true
      buffer_size: 1000
      batch_size: 10
      batch_timeout_ms: 100
      filters:
      - name: error_filter
        enabled: true
        filter_type: Regex
        params:
          action: Pass
          pattern: component_container_isolated
      storages:
      - name: navigation
        enabled: true
        storage_type: File
        params:
          file_path: /tmp/zsibot/log/navigation_with_setup.log
          format: Text
  slam:
    launch_config:
      commands: /opt/robot/robot_slam/install/robot_slam/lib/robot_slam/robot_slam
      envs:
        USE_CUSTOM_MAP_PATH: 'false'
        SLAM_TYPE: nx_xg
        ROS_DOMAIN_ID: '24'
        ROS_VERSION: humble
        RMW_IMPLEMENTATION: rmw_zenoh_cpp
      env_file: null
      setup_script: /opt/robot/robot_slam/install/setup.bash
      cwd: null
      default_launch: true
    processor_config:
      name: slam_with_setup
      enabled: true
      buffer_size: 1000
      batch_size: 10
      batch_timeout_ms: 100
      filters:
      - name: error_filter
        enabled: true
        filter_type: Regex
        params:
          pattern: component_container_isolated
          action: Pass
      storages:
      - name: slam
        enabled: true
        storage_type: File
        params:
          format: Text
          file_path: /tmp/zsibot/log/slam_with_setup.log
  arc_lvio:
    launch_config:
      commands: ros2 launch arc_lvio arc_lvio.launch.py
      envs:
        USE_CUSTOM_MAP_PATH: 'false'
        RMW_IMPLEMENTATION: rmw_zenoh_cpp
        APRILTAG_YAML_DIR: /opt/robot/robot_arc/install/apriltag_localization/config/apriltag_localization_pc_config.yaml
        ROS_DOMAIN_ID: '24'
        CALIBRATION_YAML_DIR: /ota/calibration_results.yaml
        SLAM_TYPE: nx_single_livox_lidar
        ROS_VERSION: humble
      env_file: null
      setup_script: /opt/robot/robot_arc/install/setup.bash
      cwd: null
      default_launch: true
    processor_config:
      name: arc_lvio
      enabled: true
      buffer_size: 1000
      batch_size: 10
      batch_timeout_ms: 100
      filters:
      - name: error_filter
        enabled: true
        filter_type: Regex
        params:
          pattern: component_container_isolated
          action: Pass
      storages:
      - name: arc_lvio
        enabled: true
        storage_type: File
        params:
          file_path: /tmp/zsibot/log/arc_lvio_with_setup.log
          format: Text
  arc_mapping:
    launch_config:
      commands: ros2 launch arc_mapping arc_mapping.launch.py
      envs:
        ROS_VERSION: humble
        RMW_IMPLEMENTATION: rmw_zenoh_cpp
        ROS_DOMAIN_ID: '24'
        APRILTAG_YAML_DIR: /opt/robot/robot_arc/install/apriltag_localization/config/apriltag_localization_pc_config.yaml
      env_file: null
      setup_script: /opt/robot/robot_arc/install/setup.bash
      cwd: null
      default_launch: true
    processor_config:
      name: arc_lvio
      enabled: true
      buffer_size: 1000
      batch_size: 10
      batch_timeout_ms: 100
      filters:
      - name: error_filter
        enabled: true
        filter_type: Regex
        params:
          pattern: component_container_isolated
          action: Pass
      storages:
      - name: arc_lvio
        enabled: true
        storage_type: File
        params:
          file_path: /tmp/zsibot/log/arc_mapping_with_setup.log
          format: Text
  arc_state_machine:
    launch_config:
      commands: ros2 launch arc_state_machine arc_state_machine.launch.py
      envs:
        ROS_DOMAIN_ID: '24'
        RMW_IMPLEMENTATION: rmw_zenoh_cpp
        ROS_VERSION: humble
        APRILTAG_YAML_DIR: /opt/robot/robot_arc/install/apriltag_localization/config/apriltag_localization_pc_config.yaml
      env_file: null
      setup_script: /opt/robot/robot_arc/install/setup.bash
      cwd: null
      default_launch: true
    processor_config:
      name: arc_fsm
      enabled: true
      buffer_size: 1000
      batch_size: 10
      batch_timeout_ms: 100
      filters:
      - name: error_filter
        enabled: true
        filter_type: Regex
        params:
          pattern: component_container_isolated
          action: Pass
      storages:
      - name: arc_fsm
        enabled: true
        storage_type: File
        params:
          format: Text
          file_path: /tmp/zsibot/log/arc_state_machine_setup.log
  arc_apriltag_loc:
    launch_config:
      commands: ./bin/apriltag_localization_node
      envs:
        ROS_DOMAIN_ID: '24'
        RMW_IMPLEMENTATION: rmw_zenoh_cpp
        ROS_VERSION: humble
      env_file: null
      setup_script: null
      cwd: /opt/robot/robot_arc/install/apriltag_localization
      default_launch: true
    processor_config:
      name: localization_with_setup
      enabled: true
      buffer_size: 1000
      batch_size: 10
      batch_timeout_ms: 100
      filters:
      - name: error_filter
        enabled: true
        filter_type: Regex
        params:
          pattern: component_container_isolated
          action: Pass
      storages:
      - name: localization
        enabled: true
        storage_type: File
        params:
          file_path: /tmp/zsibot/log/arc_apriltag_loc_with_setup.log
          format: Text
  localization:
    launch_config:
      commands: ros2 launch localization localization.launch.py
      envs:
        ROS_VERSION: humble
        RMW_IMPLEMENTATION: rmw_zenoh_cpp
        ROS_DOMAIN_ID: '24'
        LOCALIZATION_YAML_DIR: /opt/robot/robot_localization/install/localization/share/localization/config/localization_params_fastlio.yaml
      env_file: null
      setup_script: /opt/robot/robot_localization/install/setup.bash
      cwd: null
      default_launch: true
    processor_config:
      name: localization_with_setup
      enabled: true
      buffer_size: 1000
      batch_size: 10
      batch_timeout_ms: 100
      filters:
      - name: error_filter
        enabled: true
        filter_type: Regex
        params:
          pattern: component_container_isolated
          action: Pass
      storages:
      - name: localization
        enabled: true
        storage_type: File
        params:
          format: Text
          file_path: /tmp/zsibot/log/localization_with_setup.log
ws_config:
  app_msg_ws_url: 0.0.0.0:10010
  app_ros2_ws_url: 0.0.0.0:10011
  machine_msg_ws_url: 0.0.0.0:10012
  machine_ros2_ws_url: 0.0.0.0:10013@@FILE /opt/robot/zsibot/config/alg_manager_arc_mid.yaml
log_config:
  log_file: /tmp/log/alg_data/robot_alg_manager.log
  log_level: INFO
  log_max_file_size: 52428800
  log_max_files: 3
  enable_stdout: true
modules:
  arc_navigo_charging_alignment:
    launch_config:
      commands: ros2 launch navigo_charging_alignment charging_alignment.launch.py robot_type:=zgw
      envs:
        ROS_DOMAIN_ID: '24'
        ROS_VERSION: humble
        RMW_IMPLEMENTATION: rmw_zenoh_cpp
        ROBOT_LOG_DIR: '/home/robot/.robot'
        ROBOT_PARAM_DIR: '/home/robot/.robot'
      env_file: null
      setup_script: /opt/robot/robot_arc/install/setup.bash
      cwd: null
      default_launch: true
    processor_config:
      name: navigo_charging_alignment
      enabled: true
      buffer_size: 1000
      batch_size: 10
      batch_timeout_ms: 100
      filters:
      - name: error_filter
        enabled: true
        filter_type: Regex
        params:
          action: Pass
          pattern: component_container_isolated
      storages:
      - name: navigo_charging_alignment
        enabled: true
        storage_type: File
        params:
          file_path: /tmp/log/alg_data/navigo_charging_alignment_with_setup.log
          format: Text
  navigation:
    launch_config:
      commands: ros2 launch robot_nav2 navigation_bringup.launch.py platform:=REAL robot_type:=zg
      envs:
        RMW_IMPLEMENTATION: rmw_zenoh_cpp
        ROS_DOMAIN_ID: '24'
        ROS_VERSION: humble
      env_file: null
      setup_script: /opt/robot/robot_nav/install/setup.bash
      cwd: null
      default_launch: true
    processor_config:
      name: navigation_with_setup
      enabled: true
      buffer_size: 1000
      batch_size: 10
      batch_timeout_ms: 100
      filters:
      - name: error_filter
        enabled: true
        filter_type: Regex
        params:
          action: Pass
          pattern: component_container_isolated
      storages:
      - name: navigation
        enabled: true
        storage_type: File
        params:
          file_path: /tmp/log/alg_data/navigation_with_setup.log
          format: Text
  slam:
    launch_config:
      commands: /opt/robot/robot_slam/install/robot_slam/lib/robot_slam/robot_slam
      envs:
        SLAM_TYPE: nx_zg
        SAVE_MAP_PATH: '/ota/alg_data/map'
        CALIBRATION_FILE_PATH: '/ota/calibration_results.yaml'
        ROS_DOMAIN_ID: '24'
        ROS_VERSION: humble
        RMW_IMPLEMENTATION: rmw_zenoh_cpp
        ROBOT_LOG_DIR: '/home/robot/.robot'
        ROBOT_PARAM_DIR: '/home/robot/.robot'
      env_file: null
      setup_script: /opt/robot/robot_slam/install/setup.bash
      cwd: null
      default_launch: true
    processor_config:
      name: slam_with_setup
      enabled: true
      buffer_size: 1000
      batch_size: 10
      batch_timeout_ms: 100
      filters:
      - name: error_filter
        enabled: true
        filter_type: Regex
        params:
          pattern: component_container_isolated
          action: Pass
      storages:
      - name: slam
        enabled: true
        storage_type: File
        params:
          format: Text
          file_path: /tmp/log/alg_data/slam_with_setup.log
  arc_lvio:
    launch_config:
      commands: ros2 launch arc_lvio arc_lvio.launch.py
      envs:
        USE_CUSTOM_MAP_PATH: 'false'
        RMW_IMPLEMENTATION: rmw_zenoh_cpp
        APRILTAG_YAML_DIR: /opt/robot/robot_arc/install/apriltag_localization/config/apriltag_localization_pc_config_middle_dog.yaml
        ROS_DOMAIN_ID: '24'
        CALIBRATION_YAML_DIR: /ota/calibration_results.yaml
        SLAM_TYPE: nx_pair_rslidar 
        ROS_VERSION: humble
        ROBOT_LOG_DIR: '/home/robot/.robot'
        ROBOT_PARAM_DIR: '/home/robot/.robot'
      env_file: null
      setup_script: /opt/robot/robot_arc/install/setup.bash
      cwd: null
      default_launch: true
    processor_config:
      name: arc_lvio
      enabled: true
      buffer_size: 1000
      batch_size: 10
      batch_timeout_ms: 100
      filters:
      - name: error_filter
        enabled: true
        filter_type: Regex
        params:
          pattern: component_container_isolated
          action: Pass
      storages:
      - name: arc_lvio
        enabled: true
        storage_type: File
        params:
          file_path: /tmp/log/alg_data/arc_lvio_with_setup.log
          format: Text
  arc_mapping:
    launch_config:
      commands: ros2 launch arc_mapping arc_mapping.launch.py
      envs:
        ROS_VERSION: humble
        RMW_IMPLEMENTATION: rmw_zenoh_cpp
        ROS_DOMAIN_ID: '24'
        APRILTAG_YAML_DIR: /opt/robot/robot_arc/install/apriltag_localization/config/apriltag_localization_pc_config_middle_dog.yaml
        ROBOT_LOG_DIR: '/home/robot/.robot'
        ROBOT_PARAM_DIR: '/home/robot/.robot'
      env_file: null
      setup_script: /opt/robot/robot_arc/install/setup.bash
      cwd: null
      default_launch: true
    processor_config:
      name: arc_mapping
      enabled: true
      buffer_size: 1000
      batch_size: 10
      batch_timeout_ms: 100
      filters:
      - name: error_filter
        enabled: true
        filter_type: Regex
        params:
          pattern: component_container_isolated
          action: Pass
      storages:
      - name: arc_mapping
        enabled: true
        storage_type: File
        params:
          file_path: /tmp/log/alg_data/arc_mapping_with_setup.log
          format: Text
  arc_state_machine:
    launch_config:
      commands: ros2 launch arc_state_machine arc_state_machine.launch.py robot_type:=zgw
      envs:
        ROS_DOMAIN_ID: '24'
        RMW_IMPLEMENTATION: rmw_zenoh_cpp
        ROS_VERSION: humble
        ROBOT_LOG_DIR: '/home/robot/.robot'
        ROBOT_PARAM_DIR: '/home/robot/.robot'
      env_file: null
      setup_script: /opt/robot/robot_arc/install/setup.bash
      cwd: null
      default_launch: true
    processor_config:
      name: arc_fsm
      enabled: true
      buffer_size: 1000
      batch_size: 10
      batch_timeout_ms: 100
      filters:
      - name: error_filter
        enabled: true
        filter_type: Regex
        params:
          pattern: component_container_isolated
          action: Pass
      storages:
      - name: arc_fsm
        enabled: true
        storage_type: File
        params:
          format: Text
          file_path: /tmp/log/alg_data/arc_state_machine_setup.log
  arc_apriltag_loc:
    launch_config:
      commands: ./bin/apriltag_localization_node ./config/apriltag_localization_pc_config_middle_dog.yaml
      envs:
        ROS_DOMAIN_ID: '24'
        RMW_IMPLEMENTATION: rmw_zenoh_cpp
        ROS_VERSION: humble
        ROBOT_LOG_DIR: '/home/robot/.robot'
        ROBOT_PARAM_DIR: '/home/robot/.robot'
      env_file: null
      setup_script: null
      cwd: /opt/robot/robot_arc/install/apriltag_localization
      default_launch: true
    processor_config:
      name: arc_apriltag_loc
      enabled: true
      buffer_size: 1000
      batch_size: 10
      batch_timeout_ms: 100
      filters:
      - name: error_filter
        enabled: true
        filter_type: Regex
        params:
          pattern: component_container_isolated
          action: Pass
      storages:
      - name: arc_apriltag_loc
        enabled: true
        storage_type: File
        params:
          file_path: /tmp/log/alg_data/arc_apriltag_loc_with_setup.log
          format: Text
  localization:
    launch_config:
      commands: ros2 launch localization localization_zg.launch.py
      envs:
        ROS_VERSION: humble
        RMW_IMPLEMENTATION: rmw_zenoh_cpp
        ROS_DOMAIN_ID: '24'
        LOCALIZATION_YAML_DIR: /opt/robot/robot_localization/install/localization/share/localization/config/localization_params_fastlio_zg.yaml
        ROBOT_LOG_DIR: '/home/robot/.robot'
        ROBOT_PARAM_DIR: '/home/robot/.robot'
      env_file: null
      setup_script: /opt/robot/robot_localization/install/setup.bash
      cwd: null
      default_launch: true
    processor_config:
      name: localization_with_setup
      enabled: true
      buffer_size: 1000
      batch_size: 10
      batch_timeout_ms: 100
      filters:
      - name: error_filter
        enabled: true
        filter_type: Regex
        params:
          pattern: component_container_isolated
          action: Pass
      storages:
      - name: localization
        enabled: true
        storage_type: File
        params:
          format: Text
          file_path: /tmp/log/alg_data/localization_with_setup.log
ws_config:
  app_msg_ws_url: 0.0.0.0:10010
  app_ros2_ws_url: 0.0.0.0:10011
  machine_msg_ws_url: 0.0.0.0:10012
  machine_ros2_ws_url: 0.0.0.0:10013
map_history_dir: /ota/alg_data/map/history_map
map_yaml_path: /ota/alg_data/map/map.yaml
-- 只看模組名稱與 enabled --
  log_file: /tmp/log/alg_data/robot_alg_manager.log
  log_level: INFO
  log_max_file_size: 52428800
  log_max_files: 3
  enable_stdout: true
  navigation:
      commands: ros2 launch robot_nav2 navigation_bringup.launch.py platform:=REAL robot_type:=zg
      enabled: true
        enabled: true
        enabled: true
  slam:
      commands: /opt/robot/robot_slam/install/robot_slam/lib/robot_slam/robot_slam
      enabled: true
        enabled: true
        enabled: true
  localization:
      commands: ros2 launch localization localization_zg.launch.py
      enabled: true
        enabled: true
        enabled: true
  app_msg_ws_url: 0.0.0.0:10010
  machine_msg_ws_url: 0.0.0.0:10012
  log_file: /tmp/zsibot/log/robot_alg_manager.log
  log_level: INFO
  log_max_file_size: 52428800
  log_max_files: 3
  enable_stdout: true
  navigation:
      commands: ros2 launch robot_nav2 navigation_bringup.launch.py platform:=REAL robot_type:=xg
      enabled: true
        enabled: true
        enabled: true
  slam:
      commands: /opt/robot/robot_slam/install/robot_slam/lib/robot_slam/robot_slam
      enabled: true
        enabled: true
        enabled: true
  localization:
      commands: ros2 launch localization localization.launch.py
      enabled: true
        enabled: true
        enabled: true
  app_msg_ws_url: 0.0.0.0:10010
  machine_msg_ws_url: 0.0.0.0:10012
  log_file: /tmp/zsibot/log/robot_alg_manager.log
  log_level: INFO
  log_max_file_size: 52428800
  log_max_files: 3
  enable_stdout: true
  arc_navigo_charging_alignment:
      commands: ros2 launch navigo_charging_alignment charging_alignment.launch.py
      enabled: true
        enabled: true
        enabled: true
  navigation:
      commands: ros2 launch robot_nav2 navigation_bringup.launch.py platform:=REAL robot_type:=xg
      enabled: true
        enabled: true
        enabled: true
  slam:

======== ★★★ 6.1／6.3　感知的設定檔（模型輸入尺寸、類別、門檻、裝置） ========
@@FILE /opt/robot/robot_version_manager/perception-zg/version.yaml
name: perception-zg
version: 0.5.1-onnx
last_commit_id: 17a229e619c3f2cfa3a94cd4342cfea686567290
last_commit_author: robot
last_commit_time: 2026-01-27 13:03:40 +08:00
last_commit_info: Update Jszr.toml
release_info: |
  1. 修改统一topic name
   …(截斷 200 行)
@@FILE /opt/robot/perception/install/perception/config/perception/obstacle_detection/obstacle_detection_main.yaml
  max_height: 0.35
  min_height: 0.1
  max_range: 20.0
  min_range: 0.5
  min_angle: -2.0944
  max_angle: 2.0944
  ransac_thre: 0.1
  plane_dis_thre: 0.2
  voxel_filter_flag: false
  voxel_filter_size: 0.05
  radius_filter_flag: false
  radius_filter_r: 0.3
  radius_filter_num: 10
  angle_tan_value: 1.732
  use_polygon: true
  point2image_size: 0.02
  segmentation_config_file: "segmentation/segmentation_app.yaml"
  fusion_lidar_cam_odom_config_file: "obstacle_detection/fusion_lidar_cam_odom_app.yaml"
  state_machine_config_file: "state_config/obstacle_detection_state_machine.txt"
  calib_file: "/ota/calibration_results.yaml"
  # 1920->960
  camera_intrinsics_scale_x: 0.5
  # 1080->544
  camera_intrinsics_scale_y: 0.5037037037037037
   …(截斷 200 行)
@@FILE /opt/robot/perception/install/perception/config/perception/obstacle_detection/message_names.yaml
seg_image_msg_name: image_seg
seg_vis_msg_name: image_seg_vis
polygon_msg_name: polygon_msg
lidar_msg_name: lidar_points_msg
lidar_2d_msg_name: lidar_2d_msg
leg_odom_msg_name: leg_odom_msg
image_msg_name: image_msg   …(截斷 200 行)
@@FILE /opt/robot/perception/install/perception/config/perception/obstacle_detection/fusion_lidar_cam_odom_app.yaml
delay_time_ms: 20
ground_label_list: [2]
obstacle_label_list: [1, 3, 4, 5]
used_generate_point_from_seg: false
generate_point_from_seg_extension_point_num: 10
generate_point_from_seg_max_distance: 20.0
generate_point_from_seg_min_distance: 8.0
msg_names_config: perception_job/message_names.yaml
soft_threshold_k: 0.4
soft_threshold_end_rad: 8.0
soft_threshold_start_rad: 0.3
soft_threshold_end_height: 0.35
soft_threshold_start_height: 0.15
obstacle_point_min_height: -0.5
filter_obs_outliers: false   …(截斷 200 行)
@@FILE /opt/robot/perception/install/perception/config/perception/calibration/aprilgrid_5x7.json
{
    "tagCols": 7,
    "tagRows": 5,
    "tagSize": 0.027,
    "tagSpacing": 0.3
  }   …(截斷 200 行)
@@FILE /opt/robot/perception/install/perception/config/perception/stereo_match/stereo_match_dnn_cfg.yaml
onnx_model_path: model/stereo_match.onnx
precision: fp16
dnn_name: stereo_match
left_input_name: left
right_input_name: right
dnn_config_file: stereo_match_dnn_cfg.yaml   …(截斷 200 行)
@@FILE /opt/robot/perception/install/perception/config/perception/stereo_match/stereo_match.yaml
left_image_path: /data/code/zsibot_perception/src/perception/dnn_ternsorrt/test/config/images/left/000035_10.png
right_image_path: /data/code/zsibot_perception/src/perception/dnn_ternsorrt/test/config/images/right/000035_10.png

input_image_width: 1248
input_image_height: 384

dnn_config_file: stereo_match_app.yaml
hz: 1.2   …(截斷 200 行)
@@FILE /opt/robot/perception/install/perception/config/perception/stereo_match/stereo_match_app.yaml
hz: 10
focal: 7.215377e+02
cx: 609.5593
cy: 172.8540
baseline: 0.533
min_depth: 0.5
max_depth: 50.0
max_image_cache_size: 10
dnn_cfg: stereo_match_dnn_cfg.yaml
   …(截斷 200 行)
@@FILE /opt/robot/perception/install/perception/config/perception/stereo_match/stereo_match_read_local_image.yaml
left_image_path: /data/code/zsibot_perception/src/perception/dnn_ternsorrt/test/config/images/left/000035_10.png
right_image_path: /data/code/zsibot_perception/src/perception/dnn_ternsorrt/test/config/images/right/000035_10.png

input_image_width: 1248
input_image_height: 384

dnn_config_file: stereo_match_app.yaml
hz: 17.0   …(截斷 200 行)
@@FILE /opt/robot/perception/install/perception/config/perception/detection/reid_dnn_config.yaml

onnx_model_path: "detection/model/detection/reid.onnx"
precision: "fp16"
key: reid_detection

rknn_model_path: "detection/model/detection/reid.rknn"

preprocess:
  crop_flag: False

  resize_width: 64
  resize_height: 128
  resize_flag: True

  float_flag: True

  normalize_flag: False
  
  transpose_flag: False

postprocess:
  feat_num: 512

model_yaml_path: model_md5.yaml   …(截斷 200 行)
@@FILE /opt/robot/perception/install/perception/config/perception/detection/camera.yaml
camera:
  intrinsic_matrix:
    - [808.88985, 0., 942.58611]
    - [0., 796.39067145, 482.98616]
    - [0., 0., 1.0]

  distortion_coefficients:
    - [-0.127315, 0.024885919, -0.00632399568, -0.0081869629]
  

  extrinsic_parameters:
    quaternion: 
      w: 0.9998
      x: 0.0175
      y: 0.0004
      z: 0.0175
    
    # 平移向量
    translation_vector: 
      - [0.3, 0., 0.]
  
  depth_scale: 1.2
  
imu_pitch_angle: 42

   …(截斷 200 行)
@@FILE /opt/robot/perception/install/perception/config/perception/detection/app.yaml
max_image_cache_size: 1
hz: 10
det_dnn_cfg: detection/det_dnn_config.yaml
camera_cfg: detection/camera.yaml

track_cfg: detection/track_config.yaml

vis_cfg:
    track_mode: "single_track"
    text_color: [0, 255, 255]
    number_color: [255, 0, 0]
    class_names: ["person", "car"]
   …(截斷 200 行)
@@FILE /opt/robot/perception/install/perception/config/perception/detection/centernet_config.yaml
# CenterNet Detection Configuration

# Model path
onnx_model_path: "detection/model/detection/centernet_charger.onnx"
precision: "fp16"
key: DnnTensorRT

# Input parameters
input_width: 640
input_height: 320
num_classes: 2

# Detection thresholds
score_threshold: 0.3
nms_threshold: 0.5
max_objects: 100
num_keypoints: 4
min_keypoint_score: 0.1  # Minimum score for keypoint refinement (after sigmoid)

# Image preprocessing (ImageNet normalization)
mean: [0., 0., 0.]
std: [1, 1, 1]

# Crop parameters (optional, -1 means use full image)
crop_x: 0
crop_y: 60
crop_width: 1920
crop_height: 960

# Keypoint search parameters
keypoint_search_radius: 20     # Search radius in feature map for keypoint refinement
keypoint_margin: 0.1          # Margin ratio (relative to bbox size) allowing keypoints outside bbox (0.1 = 10% of bbox size)
max_hp_offset: 2.0            # Maximum hp_offset value (pixels) to clip abnormal values

# Output layer names (CenterNet outputs)
hm_name: "hm"           # Heatmap for object centers (1 channel for single class)
wh_name: "wh"           # Width and height regression (2 channels)
hps_name: "hps"         # Keypoints coordinates (8 channels: 4 keypoints × 2)
reg_name: "reg"         # Center point offset refinement (2 channels)
hm_hp_name: "hm_hp"     # Keypoint heatmap (4 channels)
hp_offset_name: "hp_offset"  # Keypoint offset refinement (2 channels)
hp_vis_name: "hp_vis"   # Keypoint visibility/attributes (4 channels)
num_attributes: 4       # Number of attributes per detection
debug_logs: false  # Enable verbose debugging output
enable_visualization: false  # Enable result & heatmap visualization
store_debug_buffers: false  # 保存调试用的输入/输出缓存
   …(截斷 200 行)
@@FILE /opt/robot/perception/install/perception/config/perception/detection/track_config.yaml
frame_rate: 10
track_buffer: 40
track_thresh: 0.4
high_thresh: 0.5
match_thresh: 0.85

reid_dnn_cfg: detection/reid_dnn_config.yaml
reid_similarity_cfg: detection/reid_similarity_config.yaml
global_reid_frame_rate: 2

sam_track_cfg: detection/sam_track.yaml
use_sam_track: false
debug_flag: false

save_track_image: false   …(截斷 200 行)
@@FILE /opt/robot/perception/install/perception/config/perception/detection/camera_imx415.yaml
camera:
  intrinsic_matrix:
    - [808.88985, 0., 942.58611]
    - [0., 796.39067145, 482.98616]
    - [0., 0., 1.0]

  distortion_coefficients:
    - [-0.127315, 0.024885919, -0.00632399568, -0.0081869629]
  

  extrinsic_parameters:
    quaternion: 
      w: 0.9998
      x: 0.0175
      y: 0.0004
      z: 0.0175
    
    # 平移向量
    translation_vector: 
      - [0.3, 0., 0.]
  
  depth_scale: 1.2
  
imu_pitch_angle: 42

   …(截斷 200 行)
@@FILE /opt/robot/perception/install/perception/config/perception/detection/det_dnn_config.yaml

onnx_model_path: "detection/model/detection/yolo11n_bhwc_250918.onnx"
precision: "fp16"
key: detection

rknn_model_path: "detection/model/detection/yolo11n_bchw_250918.rknn"
preprocess:
  crop_x_start: 0
  crop_y_start: 0
  crop_width: 1920
  crop_height: 1080
  crop_flag: True

  resize_width: 800
  resize_height: 448
  resize_flag: True

  float_flag: True

  normalize_flag: False
  transpose_flag: False
postprocess:
  score_thresh: 0.25

model_yaml_path: model_md5.yaml

   …(截斷 200 行)
@@FILE /opt/robot/perception/install/perception/config/perception/detection/reid_similarity_config.yaml

onnx_model_path: "detection/model/detection/reid_siamese.onnx"
precision: "fp32"
key: reid_similarity

rknn_model_path: "detection/model/detection/reid_siamese.rknn"

preprocess:
  crop_flag: False

  resize_width: 64
  resize_height: 128
  resize_flag: True

  float_flag: True

  normalize_flag: False
  
  transpose_flag: False

postprocess:
  feat_num: 512

model_yaml_path: model_md5.yaml   …(截斷 200 行)
@@FILE /opt/robot/perception/install/perception/config/perception/detection/camera_usb.yaml
camera:
  intrinsic_matrix: 
    # - [412.36, 0.0, 628.689]
    # - [0.0, 414.21, 381.311]
    # - [0.0, 0.0, 1.0]
    - [1226.25450464, 0.0,  951.59754177]
    - [0.0, 1226.92161566,  569.75861131]
    - [0.0, 0.0, 1.0]
  
  distortion_coefficients: 
    - [-0.36193283, 0.11481612, -0.000251, -0.00051266]
  

  extrinsic_parameters:
    # 四元数表示的旋转
    quaternion: 
      w: 0.9998
      x: 0.0175
      y: 0.0004
      z: 0.0175
    
    # 平移向量
    translation_vector: 
      - [0.1, 0.2, 0.3]
      
imu_pitch_angle: 42 # 

   …(截斷 200 行)
@@FILE /opt/robot/perception/install/perception/config/perception/detection/sam_track.yaml

sam_type: efficienttam

sam2.1_tiny:
  encode: detection/model/sam_track/sam2.1_tiny_preprocess.onnx
  decode: detection/model/sam_track/sam2.1_tiny.onnx
  memory_attention: detection/model/sam_track/sam2.1_tiny_memory_attention.onnx
  memory_encoder: detection/model/sam_track/sam2.1_tiny_memory_encoder.onnx
  input_width: 1024
  input_height: 1024
  use_high_res_features: true
  token_num: 4096
  memory_num: 2

efficienttam:
  encode: detection/model/sam_track/efficienttam_ti_512x512_preprocess.onnx
  decode: detection/model/sam_track/efficienttam_ti_512x512.onnx
  memory_attention: detection/model/sam_track/efficienttam_ti_512x512_memory_attention.onnx
  memory_encoder: detection/model/sam_track/efficienttam_ti_512x512_memory_encoder.onnx
  encode_type: fp32
  decode_type: fp32
  memory_attention_type: fp32
  memory_encoder_type: fp32
  input_width: 512
  input_height: 512
  use_high_res_features: false
  token_num: 1024
  memory_num: 3

param:
  # 连续跟踪的情况
  min_object_score_thresh: 2.0
  min_iou_score_thresh: 0.5

  object_score_thresh: 4.0
  iou_score_thresh: 0.6  # 为了适配远处的得分

  # 目标召回的阈值 条件苛刻一些 不然很容易误检
  recall_high_object_score_thresh: 7.0
  recall_high_iou_score_thresh: 0.9

  recall_frame: 5
  recall_frame_reid_thresh: 0.6

  recall_object_score_thresh: 2.0
  recall_iou_score_thresh: 0.5
  recall_association_bbox_thresh: 0.7
  
  recall_reid_thresh: 0.7
  recall_reid_interval: 10   …(截斷 200 行)
@@FILE /opt/robot/perception/install/perception/config/perception/perception_job/context_msg_buf_size.yaml

message_cache_size:
  seg_image_msg_name: 10
  seg_vis_msg_name: 1
  polygon_msg_name: 1
  lidar_msg_name: 1
  lidar_2d_msg_name: 1
  leg_odom_msg: 20
  image_msg_name: 5   …(截斷 200 行)
@@FILE /opt/robot/perception/install/perception/config/perception/perception_job/ros_wapper.yaml
pub_obs_point_topic_name: /laser_scan
pub_state_topic_name: /perception_state
pub_polygon_topic_name: /polygons

msg_names_config: perception_job/message_names.yaml
image_topic_name: /front_camera/image_compressed
lidar_topic_name: /front_lidar
odom_topic_name: /odom/mc_odom
pub_seg_vis_topic_name: /seg_vis/compressed

T_lidar_rs: [-0.00442166514215539, -0.33596451162897994, 0.9418642661250463, 0.05676099317985453, -0.9999636570967201, -0.005380133471349607, -0.0066135202111813896, 0.006129523160996329, 0.007289263551545411, -0.9418592788149043, -0.3359285125545979, -0.06997502575552486, 0.0, 0.0, 0.0, 1.0]
   …(截斷 200 行)
@@FILE /opt/robot/perception/install/perception/config/perception/perception_job/perception_manager.yaml
obstacle_detection_config_file: obstacle_detection/obstacle_detection_main.yaml
state_machine_config_file_job: state_config/perception_job_state.txt   …(截斷 200 行)
@@FILE /opt/robot/perception/install/perception/config/perception/perception_job/message_names.yaml
seg_image_msg_name: image_seg
seg_vis_msg_name: image_seg_vis
polygon_msg_name: polygon_msg
lidar_msg_name: lidar_points_msg
lidar_2d_msg_name: lidar_2d_msg
leg_odom_msg_name: leg_odom_msg
image_msg_name: image_msg   …(截斷 200 行)
@@FILE /opt/robot/perception/install/perception/config/perception/perception_job/perception_job.yaml
# log_level: info
log_level: warn
perception_config_file: perception_job/perception_manager.yaml
ros_wapper_config_file: perception_job/ros_wapper.yaml
context_msg_buf_size_file: perception_job/context_msg_buf_size.yaml
jod_period: 0.1
pub_period: 0.1
pub_state_period: 1.0   …(截斷 200 行)
@@FILE /opt/robot/perception/install/perception/config/perception/stereo_rectify/stereo_rectify_app.yaml
calibration_file: stereo_rectify/calibration.json
rectify_params_save_path: stereo_rectify/rectify_params.yaml
remap_table_save_path: stereo_rectify/remap_table/
cam_mode_name: kb4
max_image_cahce_size: 10
image_height: 960
image_width: 1280
alpha: 0.0
fisheye_camera_f_scale_factor: 0.45
fisheye_camera_principal_point_scale: 0.6
pinhole_camera_f_scale_factor: 1.0
pinhole_camera_principal_point_scale: 1.0
   …(截斷 200 行)
@@FILE /opt/robot/perception/install/perception/config/perception/stereo_rectify/calibration.json
{
    "value0": {
        "T_imu_cam": [
            {
                "px": 0.0,
                "py": 0.0,
                "pz": 0.0,
                "qx": 0.0,
                "qy": 0.0,
                "qz": 0.0,
                "qw": 1.0
            },
            {
                "px": 0.05998438844310077,
                "py": -0.000004506878429698638,
                "pz": 0.0000827523383949291,
                "qx": -0.0008662957426883636,
                "qy": -0.0012769160889250385,
                "qz": 0.000833792799055806,
                "qw": 0.9999984619020953
            }
        ],
        "intrinsics": [
            {
                "camera_type": "kb4",
                "intrinsics": {
                    "fx": 1015.4429885398715,
                    "fy": 1015.2442956125486,
                    "cx": 958.6900700308016,
                    "cy": 770.1928540818203,
                    "k1": -0.059237818086024799,
                    "k2": -0.006682329384165643,
                    "k3": -0.002932079895980833,
                    "k4": 0.0007359948557166651
                }
            },
            {
                "camera_type": "kb4",
                "intrinsics": {
                    "fx": 1014.6363007845373,
                    "fy": 1014.6684643392999,
                    "cx": 953.0567478555628,
                    "cy": 763.2848058780934,
                    "k1": -0.05821751492878652,
                    "k2": -0.008876862002486327,
                    "k3": -0.00037516437531083427,
                    "k4": -0.00018215092045267928
                }
            }
        ],
        "resolution": [
            [
                1920,
                1536
            ],
            [
                1920,
                1536
            ]
        ],
        "calib_accel_bias": [
            0.0,
            0.0,
            0.0,
            0.0,
            0.0,
            0.0,
            0.0,
            0.0,
            0.0
        ],
        "calib_gyro_bias": [
            0.0,
            0.0,
            0.0,
            0.0,
            0.0,
            0.0,
            0.0,
            0.0,
            0.0,
            0.0,
            0.0,
            0.0
        ],
        "imu_update_rate": 200.0,
        "accel_noise_std": [
            0.016,
            0.016,
            0.016
        ],
        "gyro_noise_std": [
            0.000282,
            0.000282,
            0.000282
        ],
        "accel_bias_std": [
            0.001,
            0.001,
            0.001
        ],
        "gyro_bias_std": [
            0.0001,
            0.0001,
            0.0001
        ],
        "cam_time_offset_ns": 0,
        "vignette": []
    }
}   …(截斷 200 行)
@@FILE /opt/robot/perception/install/perception/config/perception/stereo_rectify/calibration
   …(截斷 200 行)
@@FILE copy.json
   …(截斷 200 行)
@@FILE /opt/robot/perception/install/perception/config/perception/model_md5.yaml

# TensorRT 模型文件 MD5
tensorrt:
  model/detection/yolo11n_bhwc.onnx: 8b443da6007bc6501fabb5ec969178f4
  model/detection/yolo11n_bhwc_250918.onnx: 39ae0a650caeb432a8fed494cce60510
  model/detection/reid.onnx: e4137a165ff688ec62cb4ada63bb02a3
  model/detection/reid_siamese.onnx: e7c46ce5cfe2a5e5ba920cd419f62c48
  model/detection/centernet_charger.onnx: 69957346485bb7500721dcaa3a15c367
  model/sam_track/efficienttam_ti_512x512_memory_attention.onnx: 63e5a6b4c7fd57f613e4b08f073fe591
  model/sam_track/efficienttam_ti_512x512_memory_encoder.onnx: 2a6046032b6424aacdce80d6ff00470c
  model/sam_track/efficienttam_ti_512x512.onnx: 192ece16447d8f0a437dbd9900ff17b7
  model/sam_track/efficienttam_ti_512x512_preprocess.onnx: ba9147a921ae1846daff807c693e1085

# RKNN 模型文件 MD5
rknn:
  model/detection/yolo11n_bchw.rknn: 39a3df4c41b9a1f2124233b72e8ea41b
  model/detection/yolo11n_bchw_250918.rknn: dabb0e4f79f9a085acb5d2a7f9c14c3a
  model/detection/reid.rknn: 6ad33b68e4ab55963ff0c8c47f700506
  model/detection/reid_siamese.rknn: b98c579a4d1e86f30434f1828558122d   …(截斷 200 行)
@@FILE /opt/robot/perception/install/perception/config/perception/detection_2d.yaml
input_image_topic: /image_raw/compressed
target_id_topic: /start_navigation
output_detection_2d_topic: /perception/detection2d
output_detection_3d_topic: /perception/detection3d
output_target_3d_topic: /perception/target3d
output_detection_vis_topic: /perception/image_vis/compressed
pipeline_config_file: detection/app.yaml

flip_flag: false
channel_order: bgr8

image_from_shared_memory: true
publish_raw_image: false
raw_image_topic: /perception/image_raw/compressed
   …(截斷 200 行)
@@FILE /opt/robot/perception/install/perception/config/perception/state_config/perception_job_state.txt
begin_state
3
IDLE
OBSTACLE_DETETION
PURSUIT
end_state

begin_change_flag
2
OBS_DET_EVENT
PURSUIT_EVENT
end_change_flag

begin_transition
2
IDLE OBS_DET_EVENT OBSTACLE_DETETION
IDLE PURSUIT_EVENT PURSUIT
end_transition
   …(截斷 200 行)
@@FILE /opt/robot/perception/install/perception/config/perception/state_config/obstacle_detection_state_machine.txt
begin_state
5
INIT
STANDBY
ACTIVATE
PASSTIVE
ERROR
end_state

begin_change_flag
5
INIT_SUCCESS
DATA_VALID
DATA_INVLID
RUN_ERROR
INIT_ERROR
end_change_flag

begin_transition
7
INIT INIT_SUCCESS STANDBY
STANDBY DATA_VALID ACTIVATE
STANDBY DATA_INVLID PASSTIVE
ACTIVATE DATA_INVLID PASSTIVE
PASSTIVE DATA_VALID STANDBY
INIT INIT_ERROR ERROR
ACTIVATE RUN_ERROR ERROR
end_transition
   …(截斷 200 行)
@@FILE /opt/robot/perception/install/perception/config/perception/segmentation/segmentation_dnn_cfg.yaml
onnx_model_path: "model/pidnet.onnx"
horzion_model_path: "model/pidnet_grb.hbm"
model_input_heights:
  input: 544
model_input_widths:
  input: 960

model_output_heights:
  output: 544
model_output_widths:
  output: 960

model_input_batch_size:
  input: 1

model_output_batch_size:
  output: 1

model_input_channels:
  input: 3

model_output_channels:
  output: 1

model_input_names:
  input: "input"

model_output_names:
  output: "output"

input_image_height:
  input: 1080

input_image_width:
  input: 1920

precision: "fp16"
sed: can't read /opt/robot/perception/install/perception/config/perception/stereo_rectify/calibration: No such file or directory
sed: can't read copy.json: No such file or directory
   …(截斷 200 行)
@@FILE /opt/robot/perception/install/perception/config/perception/segmentation/segmentation_app.yaml
max_image_cache_size: 10
hz: 10
input_name: input
output_name: output
output_height: 544
output_width: 960
dnn_cfg: segmentation/segmentation_dnn_cfg.yaml
send_seg_vis: false
message_names_file: perception_job/message_names.yaml
   …(截斷 200 行)
@@FILE /opt/robot/perception/install/perception/config/perception/segmentation/lidar_range_seg_config.yaml
onnx_model_path: "detection/model/detection/lidar_range_seg.onnx"
precision: "fp16"
key: DnnTensorRT

rknn_model_path: "detection/model/detection/lidar_range_seg.rknn"
preprocess:
  normalize_flag: False
  img_means: [0, 0, 0, 0, 0]
  img_stds: [1, 1, 1, 1, 1]

model_yaml_path: model_md5.yaml

# Range image投影参数
range_image:
  proj_H: 32           # Range image高度
  proj_W: 512         # Range image宽度
  proj_fov_up: 52.5     # 上方FOV角度（度）
  proj_fov_down: -7.5 # 下方FOV角度（度）


# 可视化配色：采用 BGR 顺序
# 原始标签ID的颜色映射（用于兼容）
color_map_original: # bgr
  0: [0, 0, 0]
  1: [30, 30, 30]
  101: [255, 0, 0] 
  102: [0, 128, 255]

# Learning label ID的颜色映射（用于BEV可视化）
# 根据 learning_map_inv 映射关系定义颜色
color_map: # bgr - learning label (0-14)
  # 根据 learning_map_inv 从 color_map_original 中获取对应颜色
  0: [0, 0, 0]         # unlabeled (0 -> 0)
  1: [255, 0, 0]       # knife switch (1 -> 101)  # 修改了 原来是[0, 0, 255]
  2: [0, 0, 255]     # main transformer (2 -> 102)

# 逆映射：把训练类别 ID 还原成原始标签 ID（推理输出用）。
learning_map_inv:
  0: 0
  1: 101
  2: 102

# 标签名称映射（learning label ID -> 名称）
# 根据 learning_map_inv 映射关系定义
# learning_label -> original_label -> 实际类别名称
labels:
  0: "unlabeled" 
  1: "obstacle"         
  2: "road"     

# 俯视图（BEV）可视化参数
bev:
  x_min: -50.0       # X轴最小值（米）
  x_max: 50.0        # X轴最大值（米）
  y_min: -50.0       # Y轴最小值（米）
  y_max: 50.0        # Y轴最大值（米）
  resolution: 0.1    # 分辨率（米/像素）
  z_min: -2.0        # Z轴过滤最小值（米）
  z_max: 2.0         # Z轴过滤最大值（米）   …(截斷 200 行)
@@FILE /opt/robot/perception/install/perception/config/perception/segmentation/segmentation_2d.yaml
input_image_topic: /image_raw/compressed
output_segmentation_topic: /perception/segmentation/output
output_segmentation_vis_topic: /perception/segmentation_vis/compressed
seg_dnn_cfg_file: perception/segmentation_app.yaml   …(截斷 200 行)
@@FILE /opt/robot/test/perception/config/obstacle.yaml
angle_tan_value: 1.732
camera_Intrinsics:
- 397.14139799501265
- 0.0
- 478.517794412315
- 0.0
- 400.3869140924211
- 252.79709045467985
- 0.0
- 0.0
- 1.0
camera_distortion_coeffs:
- -0.10408897699283098
- 0.010597897454038429
- 0.0005701395644380711
- 0.000318270323994767
- 0.00045900435780258877
fusion_lidar_cam_odom_config_file: obstacle_detection/fusion_lidar_cam_odom_app.yaml
lidar_2_base_T:
- 0.0
- 0.0
- 1.0
- 0.36615
- 0.0
- 1.0
- 0.0
- 0.0
- -1.0
- 0.0
- 0.0
- 0.0
- 0.0
- 0.0
- 1.0
- 0.0
lidar_2_camera_T:
- -0.013797483230018748
- -0.9998662999603894
- 0.00877562875456514
- -0.006424194388237804
- 0.9998991094965699
- -0.013826509119719636
- -0.0032555296847708334
- 0.07164475091677314
- 0.003376430731329273
- 0.008729825260731735
- 0.9999561939737328
- -0.060728156579723
- 0.0
- 0.0
- 0.0
- 1.0
max_angle: 2.0944
max_height: 1.5
max_range: 20.0
min_angle: -2.0944
min_height: 0.1
min_range: 0.5
plane_dis_thre: 0.2
point2image_size: 0.02
radius_filter_flag: false
radius_filter_num: 10
radius_filter_r: 0.3
ransac_thre: 0.1
segmentation_config_file: segmentation/segmentation_app.yaml
state_machine_config_file: state_config/obstacle_detection_state_machine.txt
use_polygon: true
voxel_filter_flag: false
voxel_filter_size: 0.05
   …(截斷 200 行)
-- 模型路徑與推論裝置的關鍵字（跨所有設定檔）--
batch_size: 10
batch_size: 2000
batch_timeout_ms: 100
decode: detection/model/sam_track/efficienttam_ti_512x512.onnx
decode: detection/model/sam_track/sam2.1_tiny.onnx
encode: detection/model/sam_track/efficienttam_ti_512x512_preprocess.onnx
encode: detection/model/sam_track/sam2.1_tiny_preprocess.onnx
flash_device: "/dev/spidev0.2"
horzion_model_path: "model/pidnet_grb.hbm"
imu0_device: "/dev/spidev0.0"
imu1_device: "/dev/spidev0.1"
input_height: 1024
input_height: 320
input_height: 512
input_width: 1024
input_width: 512
input_width: 640
memory_attention: detection/model/sam_track/efficienttam_ti_512x512_memory_attention.onnx
memory_attention: detection/model/sam_track/sam2.1_tiny_memory_attention.onnx
memory_encoder: detection/model/sam_track/efficienttam_ti_512x512_memory_encoder.onnx
memory_encoder: detection/model/sam_track/sam2.1_tiny_memory_encoder.onnx
model/detection/centernet_charger.onnx: 69957346485bb7500721dcaa3a15c367
model/detection/reid.onnx: e4137a165ff688ec62cb4ada63bb02a3
model/detection/reid.rknn: 6ad33b68e4ab55963ff0c8c47f700506
model/detection/reid_siamese.onnx: e7c46ce5cfe2a5e5ba920cd419f62c48
model/detection/reid_siamese.rknn: b98c579a4d1e86f30434f1828558122d
model/detection/yolo11n_bchw_250918.rknn: dabb0e4f79f9a085acb5d2a7f9c14c3a
model/detection/yolo11n_bchw.rknn: 39a3df4c41b9a1f2124233b72e8ea41b
model/detection/yolo11n_bhwc_250918.onnx: 39ae0a650caeb432a8fed494cce60510
model/detection/yolo11n_bhwc.onnx: 8b443da6007bc6501fabb5ec969178f4
model_input_batch_size:
model_input_heights:
model_input_widths:
model_output_batch_size:
model/sam_track/efficienttam_ti_512x512_memory_attention.onnx: 63e5a6b4c7fd57f613e4b08f073fe591
model/sam_track/efficienttam_ti_512x512_memory_encoder.onnx: 2a6046032b6424aacdce80d6ff00470c
model/sam_track/efficienttam_ti_512x512.onnx: 192ece16447d8f0a437dbd9900ff17b7
model/sam_track/efficienttam_ti_512x512_preprocess.onnx: ba9147a921ae1846daff807c693e1085
nms_threshold: 0.5
onnx_model_path: "detection/model/detection/centernet_charger.onnx"
onnx_model_path: "detection/model/detection/lidar_range_seg.onnx"
onnx_model_path: "detection/model/detection/reid.onnx"
onnx_model_path: "detection/model/detection/reid_siamese.onnx"
onnx_model_path: "detection/model/detection/yolo11n_bhwc_250918.onnx"
onnx_model_path: "model/pidnet.onnx"
onnx_model_path: model/stereo_match.onnx
precision: "fp16"
precision: fp16
precision: "fp32"
rknn_model_path: "detection/model/detection/lidar_range_seg.rknn"
rknn_model_path: "detection/model/detection/reid.rknn"
rknn_model_path: "detection/model/detection/reid_siamese.rknn"
rknn_model_path: "detection/model/detection/yolo11n_bchw_250918.rknn"

======== ★★ 6.2　推論平台（TensorRT / CUDA / onnxruntime / DLA） ========
-- TensorRT / CUDA 函式庫 --
lrwxrwxrwx 1 root root        29 12月  2  2025 /usr/lib/aarch64-linux-gnu/libcudnn.so -> /etc/alternatives/libcudnn_so
lrwxrwxrwx 1 root root        17  7月 30  2024 /usr/lib/aarch64-linux-gnu/libcudnn.so.9 -> libcudnn.so.9.3.0
-rw-r--r-- 1 root root    132912  7月 30  2024 /usr/lib/aarch64-linux-gnu/libcudnn.so.9.3.0
lrwxrwxrwx 1 root root        20  9月 15  2024 /usr/lib/aarch64-linux-gnu/libnvinfer.so -> libnvinfer.so.10.3.0
lrwxrwxrwx 1 root root        20  9月 15  2024 /usr/lib/aarch64-linux-gnu/libnvinfer.so.10 -> libnvinfer.so.10.3.0
-rw-r--r-- 1 root root 232442880  9月 15  2024 /usr/lib/aarch64-linux-gnu/libnvinfer.so.10.3.0
lrwxrwxrwx 1 root root        15  8月 15  2024 /usr/local/cuda/lib64/libcudart.so -> libcudart.so.12
lrwxrwxrwx 1 root root        20  8月 15  2024 /usr/local/cuda/lib64/libcudart.so.12 -> libcudart.so.12.6.68
-rw-r--r-- 1 root root    780192  8月 15  2024 /usr/local/cuda/lib64/libcudart.so.12.6.68
cuda-cccl-12-6 12.6.37-1
cuda-command-line-tools-12-6 12.6.11-1
cuda-compat-12-6 12.6.36890662-1
cuda-compiler-12-6 12.6.11-1
cuda-crt-12-6 12.6.68-1
cuda-cudart-12-6 12.6.68-1
cuda-cudart-dev-12-6 12.6.68-1
cuda-cuobjdump-12-6 12.6.68-1
cuda-cupti-12-6 12.6.68-1
cuda-cupti-dev-12-6 12.6.68-1
cuda-cuxxfilt-12-6 12.6.68-1
cuda-documentation-12-6 12.6.68-1
cuda-driver-dev-12-6 12.6.68-1
cuda-gdb-12-6 12.6.68-1
cuda-libraries-12-6 12.6.11-1
cuda-libraries-dev-12-6 12.6.11-1
cuda-nsight-compute-12-6 12.6.11-1
cuda-nvcc-12-6 12.6.68-1
cuda-nvdisasm-12-6 12.6.68-1
cuda-nvml-dev-12-6 12.6.68-1
-- python 套件 --

A module that was compiled using NumPy 1.x cannot be run in
NumPy 2.2.6 as it may crash. To support both 1.x and 2.x
versions of NumPy, modules must be compiled with NumPy 2.0.
Some module may need to rebuild instead e.g. with 'pybind11>=2.12'.

If you are a user of the module, the easiest solution will be to
downgrade to 'numpy<2' or try to upgrade the affected module.
We expect that some modules will need time to support NumPy 2.

Traceback (most recent call last):  File "<string>", line 5, in <module>
  File "/usr/lib/python3.10/importlib/__init__.py", line 126, in import_module
    return _bootstrap._gcd_import(name[level:], package, level)
AttributeError: _ARRAY_API not found
  torch          ✗ ModuleNotFoundError
  onnxruntime    ✗ ModuleNotFoundError
  tensorrt       10.3.0
  cv2            ✗ ImportError
  numpy          2.2.6
  ultralytics    ✗ ModuleNotFoundError
  rclpy          ✗ ModuleNotFoundError
-- 感知行程連到哪些推論庫（看實際用的是什麼）--
pid 2351 bash
pid 2465 robot_slam
pid 2469 ros2
pid 2582 perception_jobs

======== ★ 6.3／5.4　資料來源與紀錄（有沒有在錄資料、有沒有跑過） ========
total 131456
drwxr-xr-x 22 robot robot      4096  9月 22 10:04 .
drwxr-xr-x  4 root  root       4096 12月 28  2025 ..
-rw-r--r--  1 robot robot 132836850  8月 24 14:21 Agibot_D1_Max-main.zip
-rw-------  1 robot robot     21014  8月 24 15:29 .bash_history
-rw-r--r--  1 robot robot      4376 12月  2  2025 .bashrc
drwxrwxr-x  2 robot robot      4096  8月 24 14:05 build
drwx------ 12 robot robot      4096 12月  2  2025 .cache
drwx------ 13 robot robot      4096  1月  1  1970 .config
drwxr-xr-x  2 robot robot      4096  7月 18  2025 Desktop
drwxr-xr-x  2 robot robot      4096 10月 17  2025 Documents
drwxr-xr-x  2 robot robot      4096  3月  5  2026 Downloads
-rw-------  1 robot robot        20 10月 19  2025 .lesshst
-rw-r--r--  1 robot robot   1588896  8月 24 15:08 librobot_sdk.so.0.1.1
drwx------  5 robot robot      4096  9月 22  2025 .local
drwxr-xr-x  8 root  root       4096  9月 22 10:04 log
drwxr-xr-x  2 robot robot      4096  7月 24  2025 Music
drwx------  3 robot robot      4096  9月 22  2025 .nv
drwxr-xr-x  2 robot robot      4096  7月 24  2025 Pictures
-rw-r--r--  1 robot robot       807  1月  7  2022 .profile
-- 最近的 log 目錄 --
-- 導航相關的錯誤（只看最後幾行，判斷成熟度）--
bash: line 121: /proc/2351/maps: Permission denied
bash: line 121: /proc/2465/maps: Permission denied
bash: line 121: /proc/2469/maps: Permission denied
bash: line 121: /proc/2582/maps: Permission denied
Using an engine plan file across different models of devices is not recommended and is likely to affect performance or even cause errors.

======== ★ 5.4　狀態機與生命週期（是不是真的上線在跑） ========
/behavior_server
/bt_navigator
/collision_monitor
/controller_server
/global_costmap/global_costmap
/local_costmap/local_costmap
/local_costmap_controller/local_costmap_controller
/map_server
/planner_server
/velocity_optimizer
/waypoint_follower
/planner_server: active [3]
/controller_server: active [3]
/bt_navigator: active [3]
/map_server: active [3]
/localization: Node not found
/arc_mapping_node/describe_parameters
/arc_mapping_node/get_parameter_types
/arc_mapping_node/get_parameters
/arc_mapping_node/list_parameters
/arc_mapping_node/set_parameters
/arc_mapping_node/set_parameters_atomically
/arc_mapping_service
/bt_navigator/change_state
/bt_navigator/describe_parameters
/bt_navigator/get_available_states
/bt_navigator/get_available_transitions
/bt_navigator/get_parameter_types
/bt_navigator/get_parameters
/bt_navigator/get_state
/bt_navigator/get_transition_graph
/bt_navigator/list_parameters
/bt_navigator/set_parameters
/bt_navigator/set_parameters_atomically
/bt_navigator_navigate_through_poses_rclcpp_node/describe_parameters
/bt_navigator_navigate_through_poses_rclcpp_node/get_parameter_types
/bt_navigator_navigate_through_poses_rclcpp_node/get_parameters
/bt_navigator_navigate_through_poses_rclcpp_node/list_parameters
/bt_navigator_navigate_through_poses_rclcpp_node/set_parameters
/bt_navigator_navigate_through_poses_rclcpp_node/set_parameters_atomically
/bt_navigator_navigate_to_pose_rclcpp_node/describe_parameters
/bt_navigator_navigate_to_pose_rclcpp_node/get_parameter_types
/bt_navigator_navigate_to_pose_rclcpp_node/get_parameters
/bt_navigator_navigate_to_pose_rclcpp_node/list_parameters
/bt_navigator_navigate_to_pose_rclcpp_node/set_parameters
/bt_navigator_navigate_to_pose_rclcpp_node/set_parameters_atomically

======== NX 結束 ========
