
======== 身分與韌體 ========
@@KV host=robot
@@KV kernel=5.10.160-rt78-preempt
@@KV arch=aarch64
@@KV os=Ubuntu 22.04.5 LTS
@@KV board=Firefly AIO-3588SJD4 HDMI(Linux)
@@KV python3=Python 3.10.12
Linux robot 5.10.160-rt78-preempt #15 SMP PREEMPT_RT Mon Mar 23 14:56:00 CST 2026 aarch64 aarch64 aarch64 GNU/Linux
-- /opt/release/version.yaml --
version: "0.1.7"
release_date: "2026-02-06"
description: "A2503 RK3588 Release Image with all modules"

modules:
  kernel:
    name: "Linux Kernel"
    tag: "v0.1.3"
    repo: "http://gitlab.jszr.com/jszr/embedded_software/zg/rk3588/rk3588_rt_sdk.git"

  rootfs:
    name: "Root Filesystem"
    tag: "v0.0.1"
    repo: "http://gitlab.jszr.com/jszr/embedded_software/zg/rk3588/rootfs.git"

  packages:
    - name: "robot-runtime"
      tag: "v0.1.2"
      repo: "http://gitlab.jszr.com/jszr/embedded_software/zg/rk3588/rootfs_overlay.git"
      
    - name: "zsibot_common"
      tag: "v0.5.8"
      repo: "http://gitlab.jszr.com/jszr/zsibot/zsibot_common.git"
      
    - name: "robot-launch"
      tag: "v0.1.5-r2"
      repo: "http://gitlab.jszr.com/jszr/jszr_launch.git"

    - name: "robot-ws"
      tag: "v0.1.4"
      repo: "http://gitlab.jszr.com/jszr/zsibot/robot_ws.git"

    - name: "motion-control"
      tag: "v0.4.6"
      repo: "http://gitlab.jszr.com/jszr/jszr_mc.git"

mcu_firmware:
  - name: "uart2canfd"
    tag: "v1.0.2"
    repo: "http://gitlab.jszr.com/jszr/embedded_software/zg/rk3588/mcu_firmware.git"

  - name: "power_board"
    tag: "v1.0.3"
    repo: "http://gitlab.jszr.com/jszr/embedded_software/zg/mcu/power_board.git"

  - name: "hot_swap_board"
    tag: "v0.1.4"
    repo: "http://gitlab.jszr.com/jszr/embedded_software/zg/mcu/hot_swap_board.git"

  # - name: "imu"
  #   tag: "v0.1.5"
  #   repo: "http://gitlab.jszr.com/jszr/embedded_software/xg01/mcu/imu_board.git"

ota_tools:
  name: "OTA Tools"
  tag: "v0.0.1"
  repo: "http://gitlab.jszr.com/jszr/embedded_software/zg/rk3588/ota_tools.git"

build_info:
  build_date: "2026-02-06 16:12:00"
  build_host: "rk3588-build-server"
  maintainer: "maintainer@zsibot.com"
@@KV firmware=version:"0.1.7"

======== ★ 1.3　CPU 規格 ========
@@KV ncpu=8
Architecture:                    aarch64
CPU op-mode(s):                  32-bit, 64-bit
Byte Order:                      Little Endian
CPU(s):                          8
On-line CPU(s) list:             0-7
Vendor ID:                       ARM
Model name:                      Cortex-A55
Model:                           0
Thread(s) per core:              1
Core(s) per socket:              4
Socket(s):                       1
Stepping:                        r2p0
CPU max MHz:                     1800.0000
CPU min MHz:                     408.0000
BogoMIPS:                        48.00
Flags:                           fp asimd evtstrm aes pmull sha1 sha2 crc32 atomics fphp asimdhp cpuid asimdrdm lrcpc dcpop asimddp
Model name:                      Cortex-A76
Model:                           0
Thread(s) per core:              1
Core(s) per socket:              2
Socket(s):                       2
Stepping:                        r4p0
CPU max MHz:                     2400.0000
CPU min MHz:                     408.0000
BogoMIPS:                        48.00
Flags:                           fp asimd evtstrm aes pmull sha1 sha2 crc32 atomics fphp asimdhp cpuid asimdrdm lrcpc dcpop asimddp
L1d cache:                       384 KiB (8 instances)
L1i cache:                       384 KiB (8 instances)
L2 cache:                        2.5 MiB (8 instances)
L3 cache:                        3 MiB (1 instance)
Vulnerability Itlb multihit:     Not affected
Vulnerability L1tf:              Not affected
Vulnerability Mds:               Not affected
Vulnerability Meltdown:          Not affected
Vulnerability Mmio stale data:   Not affected
Vulnerability Retbleed:          Not affected
Vulnerability Spec store bypass: Mitigation; Speculative Store Bypass disabled via prctl
Vulnerability Spectre v1:        Mitigation; __user pointer sanitization
Vulnerability Spectre v2:        Mitigation; CSV2, BHB
Vulnerability Srbds:             Not affected
Vulnerability Tsx async abort:   Not affected
@@KV cpu_model=Cortex-A55
@@KV cpu_maxmhz=1800.0000
-- /proc/cmdline（看核心隔離）--
storagemedia=emmc androidboot.storagemedia=emmc androidboot.mode=normal  dsi-1=2 storagenode=/mmc@fe2e0000 androidboot.verifiedbootstate=orange ro rootwait nosoftlockup earlycon=uart8250,mmio32,0xfeb50000 console=ttyFIQ0 irqchip.gicv3_pseudo_nmi=0 root=PARTLABEL=rootfs rootfstype=ext4 overlayroot=device:dev=PARTLABEL=userdata,fstype=ext4,mkfs=1 coherent_pool=1m systemd.gpt_auto=0 cgroup_enable=memory swapaccount=1 net.ifnames=0 mce=ignore_ce skew_tick=1 isolcpus=7 nohz_full=7 comm-02/07/2026 androidboot.fwver=ddr-v1.15-d5483af87d,spl-v1.13,bl31-v1.44,bl32-v1.15,uboot--boot
@@KV isolcpus=7
@@KV nohz_full=
-- 每核最高頻與 governor --
policy0  cpus=0 1 2 3  max=1800000  gov=performance
policy4  cpus=4 5  max=2400000  gov=performance
policy6  cpus=6 7  max=2400000  gov=performance

======== ★ 1.3　記憶體 ========
               total        used        free      shared  buff/cache   available
Mem:           7.7Gi       1.3Gi       5.6Gi       150Mi       785Mi       6.1Gi
Swap:             0B          0B          0B
@@KV mem_total_kb=8105660
@@KV swap_total_kb=0
(無 swap 或無工具)

======== ★ 1.3　GPU / NPU 裝置與驅動 ========
-- devfreq 節點（GPU/NPU 的頻率與負載大多掛這裡）--
/sys/class/devfreq/fb000000.gpu -> /sys/devices/platform/fb000000.gpu/devfreq/fb000000.gpu
   cur_freq=300000000  max=1000000000  load=  gov=userspace
/sys/class/devfreq/fdab0000.npu -> /sys/devices/platform/fdab0000.npu/devfreq/fdab0000.npu
   cur_freq=1000000000  max=1000000000  load=100@1000000000Hz  gov=rknpu_ondemand
-- 裝置節點 --
crw-rw---- 1 root video 10, 123 Sep 22 09:44 /dev/mali0

/dev/dri:
total 0
crw-rw----+ 1 root video  226,   0 Sep 22 09:44 card0
crw-rw----+ 1 root video  226,   1 Sep 22 09:44 card1
crw-rw----+ 1 root render 226, 128 Sep 22 09:44 renderD128
crw-rw----+ 1 root render 226, 129 Sep 22 09:44 renderD129
-- RKNPU（RK3588）--
@@KV rknpu_version=
version: RKNPU driver: v0.9.2
load:    NPU load:  Core0:  0%, Core1:  0%, Core2:  0%,
-- Jetson（Orin NX）--
(無 tegrastats)
(無 nvpmodel)
(無 /etc/nv_tegra_release)
-- OpenCL / CUDA 痕跡 --
libmali-hook-injector.a
libmali-hook.so
libmali-hook.so.1
libmali-hook.so.1.9.0
libmali.so
libmali.so.1
libmali.so.1.9.0
libmali-valhall-g610-g13p0-x11-gbm.so
libOpenCL.so.1
libOpenCL.so.1.0.0
bin
etc
firefly.png
games
include
lib
man
sbin
share
src
test.mp4

======== ★ 1.3　溫度與風扇 ========
thermal_zone0  soc-thermal  37923
thermal_zone1  bigcore0-thermal  38846
thermal_zone2  bigcore1-thermal  38846
thermal_zone3  littlecore-thermal  37923
thermal_zone4  center-thermal  37000
thermal_zone5  gpu-thermal  35153
thermal_zone6  npu-thermal  37000
/sys/class/hwmon/hwmon0/name: soc_thermal
/sys/class/hwmon/hwmon1/name: bigcore0_thermal
/sys/class/hwmon/hwmon2/name: bigcore1_thermal
/sys/class/hwmon/hwmon3/name: littlecore_thermal
/sys/class/hwmon/hwmon4/name: center_thermal
/sys/class/hwmon/hwmon5/name: gpu_thermal
/sys/class/hwmon/hwmon6/name: npu_thermal

======== ★ 7.1　USB / 序列埠 / 影像裝置 ========
-- lsusb --
Bus 004 Device 001: ID 1d6b:0003 Linux Foundation 3.0 root hub
Bus 003 Device 001: ID 1d6b:0002 Linux Foundation 2.0 root hub
Bus 006 Device 001: ID 1d6b:0001 Linux Foundation 1.1 root hub
Bus 002 Device 001: ID 1d6b:0002 Linux Foundation 2.0 root hub
Bus 005 Device 001: ID 1d6b:0001 Linux Foundation 1.1 root hub
Bus 001 Device 003: ID 1a86:55d9 QinHeng Electronics USB2.0 To Multi Serial Ports
Bus 001 Device 004: ID 0bda:b85b Realtek Semiconductor Corp. Bluetooth Radio
Bus 001 Device 002: ID 1a86:809e QinHeng Electronics USB2.0 HUB
Bus 001 Device 001: ID 1d6b:0002 Linux Foundation 2.0 root hub
-- lsusb -t --
/:  Bus 06.Port 1: Dev 1, Class=root_hub, Driver=ohci-platform/1p, 12M
/:  Bus 05.Port 1: Dev 1, Class=root_hub, Driver=ohci-platform/1p, 12M
/:  Bus 04.Port 1: Dev 1, Class=root_hub, Driver=xhci-hcd/1p, 5000M
/:  Bus 03.Port 1: Dev 1, Class=root_hub, Driver=xhci-hcd/1p, 480M
/:  Bus 02.Port 1: Dev 1, Class=root_hub, Driver=ehci-platform/1p, 480M
/:  Bus 01.Port 1: Dev 1, Class=root_hub, Driver=ehci-platform/1p, 480M
    |__ Port 1: Dev 2, If 0, Class=Hub, Driver=hub/7p, 480M
        |__ Port 1: Dev 4, If 0, Class=Wireless, Driver=rtk_btusb, 12M
        |__ Port 1: Dev 4, If 1, Class=Wireless, Driver=rtk_btusb, 12M
        |__ Port 2: Dev 3, If 0, Class=Vendor Specific Class, Driver=usb_ch9344, 480M
-- lsusb -v（只留 iProduct / bInterfaceClass，需要 sudo 才完整）--
  iManufacturer           3 Linux 5.10.160-rt78-preempt xhci-hcd
  iProduct                2 xHCI Host Controller
      bInterfaceClass         9 Hub
  iManufacturer           3 Linux 5.10.160-rt78-preempt xhci-hcd
  iProduct                2 xHCI Host Controller
      bInterfaceClass         9 Hub
  iManufacturer           3 Linux 5.10.160-rt78-preempt ohci_hcd
  iProduct                2 Generic Platform OHCI controller
      bInterfaceClass         9 Hub
  iManufacturer           3 Linux 5.10.160-rt78-preempt ehci_hcd
  iProduct                2 EHCI Host Controller
      bInterfaceClass         9 Hub
  iManufacturer           3 Linux 5.10.160-rt78-preempt ohci_hcd
  iProduct                2 Generic Platform OHCI controller
      bInterfaceClass         9 Hub
  iManufacturer           1 wch.cn
  iProduct                2 USB2.0 To Multi Serial Ports
      bInterfaceClass       255 Vendor Specific Class
  iManufacturer           1 Realtek
  iProduct                2 Bluetooth Radio
      bInterfaceClass       224 Wireless
      bInterfaceClass       224 Wireless
      bInterfaceClass       224 Wireless
      bInterfaceClass       224 Wireless
      bInterfaceClass       224 Wireless
      bInterfaceClass       224 Wireless
      bInterfaceClass       224 Wireless
  iManufacturer           0 
  iProduct                2 USB2.0 HUB
      bInterfaceClass         9 Hub
      bInterfaceClass         9 Hub
  iManufacturer           3 Linux 5.10.160-rt78-preempt ehci_hcd
  iProduct                2 EHCI Host Controller
      bInterfaceClass         9 Hub
-- 影像裝置 --
crw-rw----+ 1 root video 81,  0 Sep 22 09:44 /dev/video0
crw-rw----+ 1 root video 81,  1 Sep 22 09:44 /dev/video1
crw-rw----+ 1 root video 81, 10 Sep 22 09:44 /dev/video10
crw-rw----+ 1 root video 81, 11 Sep 22 09:44 /dev/video11
crw-rw----+ 1 root video 81, 12 Sep 22 09:44 /dev/video12
crw-rw----+ 1 root video 81, 13 Sep 22 09:44 /dev/video13
crw-rw----+ 1 root video 81, 14 Sep 22 09:44 /dev/video14
crw-rw----+ 1 root video 81, 15 Sep 22 09:44 /dev/video15
crw-rw----+ 1 root video 81, 16 Sep 22 09:44 /dev/video16
crw-rw----+ 1 root video 81, 17 Sep 22 09:44 /dev/video17
crw-rw----+ 1 root video 81, 18 Sep 22 09:44 /dev/video18
crw-rw----+ 1 root video 81, 19 Sep 22 09:44 /dev/video19
crw-rw----+ 1 root video 81,  2 Sep 22 09:44 /dev/video2
crw-rw----+ 1 root video 81, 20 Sep 22 09:44 /dev/video20
crw-rw----+ 1 root video 81, 21 Sep 22 09:44 /dev/video21
crw-rw----+ 1 root video 81, 22 Sep 22 09:44 /dev/video22
crw-rw----+ 1 root video 81, 23 Sep 22 09:44 /dev/video23
crw-rw----+ 1 root video 81, 24 Sep 22 09:44 /dev/video24
crw-rw----+ 1 root video 81, 25 Sep 22 09:44 /dev/video25
crw-rw----+ 1 root video 81, 26 Sep 22 09:44 /dev/video26
crw-rw----+ 1 root video 81, 27 Sep 22 09:44 /dev/video27
crw-rw----+ 1 root video 81, 28 Sep 22 09:44 /dev/video28
crw-rw----+ 1 root video 81, 29 Sep 22 09:44 /dev/video29
crw-rw----+ 1 root video 81,  3 Sep 22 09:44 /dev/video3
crw-rw----+ 1 root video 81, 30 Sep 22 09:44 /dev/video30
crw-rw----+ 1 root video 81, 31 Sep 22 09:44 /dev/video31
crw-rw----+ 1 root video 81, 32 Sep 22 09:44 /dev/video32
crw-rw----+ 1 root video 81, 33 Sep 22 09:44 /dev/video33
crw-rw----+ 1 root video 81, 34 Sep 22 09:44 /dev/video34
crw-rw----+ 1 root video 81, 35 Sep 22 09:44 /dev/video35
crw-rw----+ 1 root video 81, 36 Sep 22 09:44 /dev/video36
crw-rw----+ 1 root video 81, 37 Sep 22 09:44 /dev/video37
crw-rw----+ 1 root video 81, 38 Sep 22 09:44 /dev/video38
crw-rw----+ 1 root video 81, 39 Sep 22 09:44 /dev/video39
crw-rw----+ 1 root video 81,  4 Sep 22 09:44 /dev/video4
crw-rw----+ 1 root video 81,  5 Sep 22 09:44 /dev/video5
crw-rw----+ 1 root video 81,  6 Sep 22 09:44 /dev/video6
crw-rw----+ 1 root video 81,  7 Sep 22 09:44 /dev/video7
crw-rw----+ 1 root video 81,  8 Sep 22 09:44 /dev/video8
crw-rw----+ 1 root video 81,  9 Sep 22 09:44 /dev/video9
-rw-rw----  1 root video      4 Sep 22 09:44 /dev/video-dec0
-rw-rw----  1 root video      4 Sep 22 09:44 /dev/video-enc0
-- 序列埠（IMU / GPS / UWB 常走 UART）--
crw-rw---- 1 root dialout 4, 65 Sep 22 09:45 /dev/ttyS1
crw-rw---- 1 root dialout 4, 68 Sep 22 09:44 /dev/ttyS4
(沒有)
-- CAN --
4: can2: <NOARP,UP,LOWER_UP,ECHO> mtu 72 qdisc pfifo_fast state UP mode DEFAULT group default qlen 10
    link/can  promiscuity 0 minmtu 0 maxmtu 0 
    can <FD> state STOPPED restart-ms 0 
	  bitrate 1000000 sample-point 0.000 
	  tq 0 prop-seg 0 phase-seg1 0 phase-seg2 0 sjw 0
	  uart2canfd: tseg1 1..128 tseg2 1..128 sjw 1..128 brp 1..256 brp-inc 2
	  dbitrate 5000000 dsample-point 0.000 
	  dtq 0 dprop-seg 0 dphase-seg1 0 dphase-seg2 0 dsjw 0
	  uart2canfd: dtseg1 1..32 dtseg2 1..16 dsjw 1..16 dbrp 1..256 dbrp-inc 2
	  clock 40000000 numtxqueues 1 numrxqueues 1 gso_max_size 65536 gso_max_segs 65535 
5: can1: <NOARP,UP,LOWER_UP,ECHO> mtu 72 qdisc pfifo_fast state UP mode DEFAULT group default qlen 10
    link/can  promiscuity 0 minmtu 0 maxmtu 0 
    can <FD> state STOPPED restart-ms 0 
	  bitrate 1000000 sample-point 0.000 
	  tq 0 prop-seg 0 phase-seg1 0 phase-seg2 0 sjw 0
	  uart2canfd: tseg1 1..128 tseg2 1..128 sjw 1..128 brp 1..256 brp-inc 2
	  dbitrate 5000000 dsample-point 0.000 
	  dtq 0 dprop-seg 0 dphase-seg1 0 dphase-seg2 0 dsjw 0
	  uart2canfd: dtseg1 1..32 dtseg2 1..16 dsjw 1..16 dbrp 1..256 dbrp-inc 2
	  clock 40000000 numtxqueues 1 numrxqueues 1 gso_max_size 65536 gso_max_segs 65535 
6: can0: <NOARP,UP,LOWER_UP,ECHO> mtu 72 qdisc pfifo_fast state UP mode DEFAULT group default qlen 10
    link/can  promiscuity 0 minmtu 0 maxmtu 0 
    can <FD> state STOPPED restart-ms 0 
	  bitrate 1000000 sample-point 0.000 
	  tq 0 prop-seg 0 phase-seg1 0 phase-seg2 0 sjw 0
	  uart2canfd: tseg1 1..128 tseg2 1..128 sjw 1..128 brp 1..256 brp-inc 2
	  dbitrate 5000000 dsample-point 0.000 
	  dtq 0 dprop-seg 0 dphase-seg1 0 dphase-seg2 0 dsjw 0
	  uart2canfd: dtseg1 1..32 dtseg2 1..16 dsjw 1..16 dbrp 1..256 dbrp-inc 2
	  clock 40000000 numtxqueues 1 numrxqueues 1 gso_max_size 65536 gso_max_segs 65535 
-- i2c / spi --
/dev/i2c-0
/dev/i2c-10
/dev/i2c-2
/dev/i2c-6
/dev/i2c-7
/dev/i2c-9
/dev/spidev0.0
/dev/spidev0.1
-- 網路介面（光達走獨立網段）--
lo               UNKNOWN        127.0.0.1/8 ::1/128 
dummy0           DOWN           
eth0             UP             192.168.168.168/24 192.168.144.144/24 fe80::8658:eda1:65b5:27f9/64 
can2             UP             
can1             UP             
can0             UP             
can3             UP             
wlan0            DOWN           
p2p0             UP             192.168.234.1/24 fe80::fc23:cdff:fe9a:25e3/64 
192.168.144.0/24 dev eth0 proto kernel scope link src 192.168.144.144 metric 100 
192.168.168.0/24 dev eth0 proto kernel scope link src 192.168.168.168 metric 100 
192.168.234.0/24 dev p2p0 proto kernel scope link src 192.168.234.1 
224.0.0.0/4 dev lo scope link 

======== ★ 7.1／7.4　光達的獨立網段（從狗上看） ========
❌ ping 192.168.1.102 不通
❌ ping 192.168.2.102 不通
-- 光達 UDP 埠有沒有在收（RoboSense msop 6699 / difop 7788 是慣用值）--
State  Recv-Q Send-Q Local Address:Port  Peer Address:PortProcess
UNCONN 768    0            0.0.0.0:60064      0.0.0.0:*          
UNCONN 0      0            0.0.0.0:60065      0.0.0.0:*          
UNCONN 0      0      192.168.234.1:43900      0.0.0.0:*          
UNCONN 0      0            0.0.0.0:43918      0.0.0.0:*          
UNCONN 0      0      192.168.234.1:43997      0.0.0.0:*          
UNCONN 0      0            0.0.0.0:36184      0.0.0.0:*          
UNCONN 0      0      239.255.76.67:7667       0.0.0.0:*          
UNCONN 0      0            0.0.0.0:53100      0.0.0.0:*          
UNCONN 0      0            0.0.0.0:8082       0.0.0.0:*          
UNCONN 0      0            0.0.0.0:36801      0.0.0.0:*          
UNCONN 0      0         127.0.0.53:53         0.0.0.0:*          
UNCONN 0      0            0.0.0.0:67         0.0.0.0:*          
UNCONN 0      0            0.0.0.0:123        0.0.0.0:*          
UNCONN 0      0          127.0.0.1:323        0.0.0.0:*          
UNCONN 0      0            0.0.0.0:37507      0.0.0.0:*          
UNCONN 0      0            0.0.0.0:5353       0.0.0.0:*          
UNCONN 768    0            0.0.0.0:42274      0.0.0.0:*          
UNCONN 0      0            0.0.0.0:42275      0.0.0.0:*          
UNCONN 0      0            0.0.0.0:34283      0.0.0.0:*          
UNCONN 0      0            0.0.0.0:14000      0.0.0.0:*          
UNCONN 0      0            0.0.0.0:14000      0.0.0.0:*          
UNCONN 0      0            0.0.0.0:14000      0.0.0.0:*          
UNCONN 0      0            0.0.0.0:14000      0.0.0.0:*          
UNCONN 0      0            0.0.0.0:14001      0.0.0.0:*          
UNCONN 0      0            0.0.0.0:14001      0.0.0.0:*          
UNCONN 0      0            0.0.0.0:14001      0.0.0.0:*          
UNCONN 0      0            0.0.0.0:14001      0.0.0.0:*          
UNCONN 0      0            0.0.0.0:14002      0.0.0.0:*          
UNCONN 0      0            0.0.0.0:14002      0.0.0.0:*          
UNCONN 0      0            0.0.0.0:14002      0.0.0.0:*          
UNCONN 0      0            0.0.0.0:34491      0.0.0.0:*          
UNCONN 0      0                  *:56103            *:*          
UNCONN 0      0                  *:8000             *:*          
UNCONN 0      0                  *:8001             *:*          
UNCONN 0      0                  *:8189             *:*          
UNCONN 0      0              [::1]:323              *:*          
UNCONN 0      0                  *:8890             *:*          
UNCONN 0      0                  *:5353             *:*          

======== ★ 7.1　感測相關行程 ========
   2259 62.2 146556 robot_camera_no /opt/robot/install/robot_camera/lib/robot_camera/robot_camera_node --ros-args --params-file /opt/robot/install/robot_camera/share/robot_camera/config/zsm.yaml
   2196 35.7 319392 robot_hal_node /opt/robot/install/robot_hal/lib/robot_hal/robot_hal_node --ros-args --params-file /opt/robot/install/robot_hal/share/robot_hal/config/zsm/robot_hal.yaml --params-file /opt/robot/install/robot_hal/share/robot_hal/config/zsm/controller_manager.yaml --params-file /tmp/launch_params_rehqfmv9
   2279 18.3 46548 robot_roamerx_n /opt/robot/install/robot_roamerx/lib/robot_roamerx/robot_roamerx_node --ros-args -r __node:=robot_roamerx --params-file /opt/robot/install/robot_roamerx/share/robot_roamerx/config/zsm/robot_roamerx.yaml --params-file /tmp/launch_params_cgr4zv9k
   2190  7.5 39136 robot_remote    /opt/robot/install/robot_remote/lib/robot_remote/robot_remote --ros-args -r __node:=robot_remote -r __ns:=/ --params-file /opt/robot/install/robot_remote/share/robot_remote/config/remote_config.yaml
   2430  5.4 161648 mc_ctrl        ./mc_ctrl r
   2145  1.2 28980 robot_monitor_n /opt/robot/install/robot_monitor/lib/robot_monitor/robot_monitor_node --ros-args --params-file /opt/robot/install/robot_monitor/share/robot_monitor/config/zsm/robot_monitor.yaml
   2038  0.8 22352 mediamtx        ./mediamtx ./mediamtx.yml
   2116  0.4 49292 ros2            /usr/bin/python3 /opt/ros/humble/bin/ros2 launch robot_remote zsm.launch.py
   2095  0.3 35776 ros2            /usr/bin/python3 /opt/ros/humble/bin/ros2 launch robot_hal zsm.launch.py
   2172  0.2 24780 ros2            /usr/bin/python3 /opt/ros/humble/bin/ros2 run robot_manager robot_manager
   2199  0.2 36104 ros2            /usr/bin/python3 /opt/ros/humble/bin/ros2 launch robot_roamerx zsm.launch.py
   2283  0.2 22604 aggregator_node /opt/ros/humble/lib/diagnostic_aggregator/aggregator_node --ros-args -r __node:=robot_diagnostic_analyzer --params-file /opt/robot/install/robot_diagnostic_analyzer/share/robot_diagnostic_analyzer/config/zsm/robot_analyzers.yaml
   2100  0.1 36020 ros2            /usr/bin/python3 /opt/ros/humble/bin/ros2 launch robot_monitor zsm.launch.py
   2211  0.1 35728 ros2            /usr/bin/python3 /opt/ros/humble/bin/ros2 launch robot_camera zsm.launch.py
   2257  0.1 35760 ros2            /usr/bin/python3 /opt/ros/humble/bin/ros2 launch robot_diagnostic_analyzer zsm.launch.py
   1034  0.0  3368 gpsd            /usr/sbin/gpsd -s 115200 -G -n -P NMEA /dev/ttyS4 /dev/pps0
   1212  0.0  3284 robot_wifi_wdg. /bin/bash /opt/runtime/bin/robot_wifi_wdg.sh
   1917  0.0  3352 bash            /usr/bin/bash /opt/runtime/bin/robot_start_app.sh
   1985  0.0  3296 bash            bash /opt/runtime/bin/start_robot_diagnostic_analyzer.sh
   1986  0.0  3296 bash            bash /opt/runtime/bin/start_robot_hal.sh
   1987  0.0  3292 bash            bash /opt/runtime/bin/start_robot_roamerx.sh
   1988  0.0  3292 bash            bash /opt/runtime/bin/start_robot_monitor.sh
   1989  0.0  3296 bash            bash /opt/runtime/bin/start_robot_camera.sh
   1998  0.0  3292 bash            bash /opt/runtime/bin/start_robot_manager.sh
   2006  0.0  3296 bash            bash /opt/runtime/bin/start_robot_remote.sh
   2258  0.0 22632 robot_manager   /opt/robot/install/robot_manager/lib/robot_manager/robot_manager
-- mc_ctrl 的核親和性（cpu7 隔離是不是真的只給運控）--
pid 2430  Cpus_allowed_list=0-6
-- robot-launch 服務清單 --

[38;5;11m[38;5;11m⬮[39m[39m [2m[2mall info snapshot[0m[0m


[38;5;11m[38;5;11m⬮[39m[39m [2m[2meggs snapshot[0m[0m

[0m[2m╭[0m[0m[2m────[0m[0m[2m┬[0m[0m[2m──────[0m[0m[2m┬[0m[0m[2m───────────────────────────[0m[0m[2m┬[0m[0m[2m─────────[0m[0m[2m┬[0m[0m[2m───[0m[0m[2m┬[0m[0m[2m────────[0m[0m[2m╮[0m
[0m[0m[2m│[0m[0m[2m [0m[0m[0m[1m[34m# [0m[2m [0m[0m[2m│[0m[0m[2m [0m[0m[0m[1m[34mpid [0m[2m [0m[0m[2m│[0m[0m[2m [0m[0m[0m[1m[34mname                     [0m[2m [0m[0m[2m│[0m[0m[2m [0m[0m[0m[1m[34mstatus [0m[2m [0m[0m[2m│[0m[0m[2m [0m[0m[0m[1m[34m↺[0m[2m [0m[0m[2m│[0m[0m[2m [0m[0m[0m[1m[34muptime[0m[2m [0m[0m[2m│[0m
[0m[0m[2m├[0m[0m[2m────[0m[0m[2m┼[0m[0m[2m──────[0m[0m[2m┼[0m[0m[2m───────────────────────────[0m[0m[2m┼[0m[0m[2m─────────[0m[0m[2m┼[0m[0m[2m───[0m[0m[2m┼[0m[0m[2m────────[0m[0m[2m┤[0m
[0m[0m[2m│[0m[0m[2m [0m[0m[0m[1m[34m1 [0m[2m [0m[0m[2m│[0m[0m[2m [0m[0m[0m1986[0m[2m [0m[0m[2m│[0m[0m[2m [0m[0m[0mrobot_hal                [0m[2m [0m[0m[2m│[0m[0m[2m [0m[0m[0m[1m[32mrunning[0m[2m [0m[0m[2m│[0m[0m[2m [0m[0m[0m0[0m[2m [0m[0m[2m│[0m[0m[2m [0m[0m[0m  3m  [0m[2m [0m[0m[2m│[0m
[0m[0m[2m│[0m[0m[2m [0m[0m[0m[1m[34m2 [0m[2m [0m[0m[2m│[0m[0m[2m [0m[0m[0m1993[0m[2m [0m[0m[2m│[0m[0m[2m [0m[0m[0mmotion_control           [0m[2m [0m[0m[2m│[0m[0m[2m [0m[0m[0m[1m[32mrunning[0m[2m [0m[0m[2m│[0m[0m[2m [0m[0m[0m0[0m[2m [0m[0m[2m│[0m[0m[2m [0m[0m[0m  3m  [0m[2m [0m[0m[2m│[0m
[0m[0m[2m│[0m[0m[2m [0m[0m[0m[1m[34m3 [0m[2m [0m[0m[2m│[0m[0m[2m [0m[0m[0m1988[0m[2m [0m[0m[2m│[0m[0m[2m [0m[0m[0mrobot_monitor            [0m[2m [0m[0m[2m│[0m[0m[2m [0m[0m[0m[1m[32mrunning[0m[2m [0m[0m[2m│[0m[0m[2m [0m[0m[0m0[0m[2m [0m[0m[2m│[0m[0m[2m [0m[0m[0m  3m  [0m[2m [0m[0m[2m│[0m
[0m[0m[2m│[0m[0m[2m [0m[0m[0m[1m[34m4 [0m[2m [0m[0m[2m│[0m[0m[2m [0m[0m[0m1998[0m[2m [0m[0m[2m│[0m[0m[2m [0m[0m[0mrobot_manager            [0m[2m [0m[0m[2m│[0m[0m[2m [0m[0m[0m[1m[32mrunning[0m[2m [0m[0m[2m│[0m[0m[2m [0m[0m[0m0[0m[2m [0m[0m[2m│[0m[0m[2m [0m[0m[0m  3m  [0m[2m [0m[0m[2m│[0m
[0m[0m[2m│[0m[0m[2m [0m[0m[0m[1m[34m5 [0m[2m [0m[0m[2m│[0m[0m[2m [0m[0m[0m2006[0m[2m [0m[0m[2m│[0m[0m[2m [0m[0m[0mrobot_remote             [0m[2m [0m[0m[2m│[0m[0m[2m [0m[0m[0m[1m[32mrunning[0m[2m [0m[0m[2m│[0m[0m[2m [0m[0m[0m0[0m[2m [0m[0m[2m│[0m[0m[2m [0m[0m[0m  3m  [0m[2m [0m[0m[2m│[0m
[0m[0m[2m│[0m[0m[2m [0m[0m[0m[1m[34m6 [0m[2m [0m[0m[2m│[0m[0m[2m [0m[0m[0m1985[0m[2m [0m[0m[2m│[0m[0m[2m [0m[0m[0mrobot_diagnostic_analyzer[0m[2m [0m[0m[2m│[0m[0m[2m [0m[0m[0m[1m[32mrunning[0m[2m [0m[0m[2m│[0m[0m[2m [0m[0m[0m0[0m[2m [0m[0m[2m│[0m[0m[2m [0m[0m[0m  3m  [0m[2m [0m[0m[2m│[0m
[0m[0m[2m│[0m[0m[2m [0m[0m[0m[1m[34m7 [0m[2m [0m[0m[2m│[0m[0m[2m [0m[0m[0m1989[0m[2m [0m[0m[2m│[0m[0m[2m [0m[0m[0mrobot_camera             [0m[2m [0m[0m[2m│[0m[0m[2m [0m[0m[0m[1m[32mrunning[0m[2m [0m[0m[2m│[0m[0m[2m [0m[0m[0m0[0m[2m [0m[0m[2m│[0m[0m[2m [0m[0m[0m  3m  [0m[2m [0m[0m[2m│[0m
[0m[0m[2m│[0m[0m[2m [0m[0m[0m[1m[34m8 [0m[2m [0m[0m[2m│[0m[0m[2m [0m[0m[0m1987[0m[2m [0m[0m[2m│[0m[0m[2m [0m[0m[0mrobot_roamerx            [0m[2m [0m[0m[2m│[0m[0m[2m [0m[0m[0m[1m[32mrunning[0m[2m [0m[0m[2m│[0m[0m[2m [0m[0m[0m0[0m[2m [0m[0m[2m│[0m[0m[2m [0m[0m[0m  3m  [0m[2m [0m[0m[2m│[0m
[0m[0m[2m│[0m[0m[2m [0m[0m[0m[1m[34m9 [0m[2m [0m[0m[2m│[0m[0m[2m [0m[0m[0m1996[0m[2m [0m[0m[2m│[0m[0m[2m [0m[0m[0mdomain_bridge            [0m[2m [0m[0m[2m│[0m[0m[2m [0m[0m[0m[1m[32mrunning[0m[2m [0m[0m[2m│[0m[0m[2m [0m[0m[0m0[0m[2m [0m[0m[2m│[0m[0m[2m [0m[0m[0m  3m  [0m[2m [0m[0m[2m│[0m
[0m[0m[2m│[0m[0m[2m [0m[0m[0m[1m[34m10[0m[2m [0m[0m[2m│[0m[0m[2m [0m[0m[0m0   [0m[2m [0m[0m[2m│[0m[0m[2m [0m[0m[0mrecord_topic             [0m[2m [0m[0m[2m│[0m[0m[2m [0m[0m[0m[1m[33mstopped[0m[2m [0m[0m[2m│[0m[0m[2m [0m[0m[0m0[0m[2m [0m[0m[2m│[0m[0m[2m [0m[0m[0m  _   [0m[2m [0m[0m[2m│[0m
[0m[0m[2m│[0m[0m[2m [0m[0m[0m[1m[34m11[0m[2m [0m[0m[2m│[0m[0m[2m [0m[0m[0m0   [0m[2m [0m[0m[2m│[0m[0m[2m [0m[0m[0mrecord_csv               [0m[2m [0m[0m[2m│[0m[0m[2m [0m[0m[0m[1m[33mstopped[0m[2m [0m[0m[2m│[0m[0m[2m [0m[0m[0m0[0m[2m [0m[0m[2m│[0m[0m[2m [0m[0m[0m  _   [0m[2m [0m[0m[2m│[0m
[0m[0m[2m╰[0m[0m[2m────[0m[0m[2m┴[0m[0m[2m──────[0m[0m[2m┴[0m[0m[2m───────────────────────────[0m[0m[2m┴[0m[0m[2m─────────[0m[0m[2m┴[0m[0m[2m───[0m[0m[2m┴[0m[0m[2m────────[0m[0m[2m╯[0m
[0m

[38;5;11m[38;5;11m⬮[39m[39m [2m[2mno services[0m[0m


======== ★ 7.2　相機設定與能力 ========
@@CAMDEV /dev/video0
Driver Info:
	Driver name      : rkcif
	Card type        : rkcif
	Bus info         : platform:rkcif-mipi-lvds
	Driver version   : 5.10.160
	Capabilities     : 0x84201000
		Video Capture Multiplanar
		Streaming
		Extended Pix Format
		Device Capabilities
	Device Caps      : 0x04201000
		Video Capture Multiplanar
		Streaming
		Extended Pix Format
Media Driver Info:
	Driver name      : rkcif
	Model            : rkcif-mipi-lvds
	Serial           : 
	Bus info         : 
	Media version    : 5.10.160
	Hardware revision: 0x00000000 (0)
	Driver version   : 5.10.160
Interface Info:
	ID               : 0x03000002
	Type             : V4L Video
Entity Info:
	ID               : 0x00000001 (1)
	Name             : stream_cif_mipi_id0
	Function         : V4L2 I/O
	Pad 0x01000004   : 0: Sink
  -- 支援的格式 --
ioctl: VIDIOC_ENUM_FMT
	Type: Video Capture Multiplanar

	[0]: 'RG10' (10-bit Bayer RGRG/GBGB)
		Size: Stepwise 64x64 - 3864x2192 with step 8/8
	[1]: 'BA10' (10-bit Bayer GRGR/BGBG)
		Size: Stepwise 64x64 - 3864x2192 with step 8/8
	[2]: 'GB10' (10-bit Bayer GBGB/RGRG)
		Size: Stepwise 64x64 - 3864x2192 with step 8/8
	[3]: 'BG10' (10-bit Bayer BGBG/GRGR)
		Size: Stepwise 64x64 - 3864x2192 with step 8/8
	[4]: 'Y10 ' (10-bit Greyscale)
		Size: Stepwise 64x64 - 3864x2192 with step 8/8
@@CAMDEV /dev/video1
Driver Info:
	Driver name      : rkcif
	Card type        : rkcif
	Bus info         : platform:rkcif-mipi-lvds
	Driver version   : 5.10.160
	Capabilities     : 0x84201000
		Video Capture Multiplanar
		Streaming
		Extended Pix Format
		Device Capabilities
	Device Caps      : 0x04201000
		Video Capture Multiplanar
		Streaming
		Extended Pix Format
Media Driver Info:
	Driver name      : rkcif
	Model            : rkcif-mipi-lvds
	Serial           : 
	Bus info         : 
	Media version    : 5.10.160
	Hardware revision: 0x00000000 (0)
	Driver version   : 5.10.160
Interface Info:
	ID               : 0x03000006
	Type             : V4L Video
Entity Info:
	ID               : 0x00000005 (5)
	Name             : stream_cif_mipi_id1
	Function         : V4L2 I/O
	Pad 0x01000008   : 0: Sink
  -- 支援的格式 --
ioctl: VIDIOC_ENUM_FMT
	Type: Video Capture Multiplanar

	[0]: 'RG10' (10-bit Bayer RGRG/GBGB)
		Size: Stepwise 64x64 - 3864x2192 with step 8/8
	[1]: 'BA10' (10-bit Bayer GRGR/BGBG)
		Size: Stepwise 64x64 - 3864x2192 with step 8/8
	[2]: 'GB10' (10-bit Bayer GBGB/RGRG)
		Size: Stepwise 64x64 - 3864x2192 with step 8/8
	[3]: 'BG10' (10-bit Bayer BGBG/GRGR)
		Size: Stepwise 64x64 - 3864x2192 with step 8/8
	[4]: 'Y10 ' (10-bit Greyscale)
		Size: Stepwise 64x64 - 3864x2192 with step 8/8
@@CAMDEV /dev/video10
Driver Info:
	Driver name      : rkcif
	Card type        : rkcif
	Bus info         : platform:rkcif-mipi-lvds
	Driver version   : 5.10.160
	Capabilities     : 0x84201000
		Video Capture Multiplanar
		Streaming
		Extended Pix Format
		Device Capabilities
	Device Caps      : 0x04201000
		Video Capture Multiplanar
		Streaming
		Extended Pix Format
Media Driver Info:
	Driver name      : rkcif
	Model            : rkcif-mipi-lvds
	Serial           : 
	Bus info         : 
	Media version    : 5.10.160
	Hardware revision: 0x00000000 (0)
	Driver version   : 5.10.160
Interface Info:
	ID               : 0x0300002b
	Type             : V4L Video
Entity Info:
	ID               : 0x00000029 (41)
	Name             : rkcif_tools_id2
	Function         : V4L2 I/O
	Pad 0x0100002a   : 0: Sink
  -- 支援的格式 --
ioctl: VIDIOC_ENUM_FMT
	Type: Video Capture Multiplanar

	[0]: 'RGGB' (8-bit Bayer RGRG/GBGB)
		Size: Discrete 3864x2192
		Size: Discrete 3864x2192
		Size: Discrete 3864x2192
		Size: Discrete 3864x2192
		Size: Discrete 3864x2192
		Size: Discrete 3864x2192
		Size: Discrete 3864x2192
		Size: Discrete 3864x2192
		Size: Discrete 3864x2192
		Size: Discrete 3864x2192
		Size: Discrete 3864x2192
		Size: Discrete 3864x2192
	[1]: 'GRBG' (8-bit Bayer GRGR/BGBG)
		Size: Discrete 3864x2192
		Size: Discrete 3864x2192
		Size: Discrete 3864x2192
		Size: Discrete 3864x2192
		Size: Discrete 3864x2192
		Size: Discrete 3864x2192
		Size: Discrete 3864x2192
		Size: Discrete 3864x2192
		Size: Discrete 3864x2192
		Size: Discrete 3864x2192
		Size: Discrete 3864x2192
		Size: Discrete 3864x2192
	[2]: 'GBRG' (8-bit Bayer GBGB/RGRG)
		Size: Discrete 3864x2192
		Size: Discrete 3864x2192
		Size: Discrete 3864x2192
		Size: Discrete 3864x2192
		Size: Discrete 3864x2192
		Size: Discrete 3864x2192
		Size: Discrete 3864x2192
		Size: Discrete 3864x2192
		Size: Discrete 3864x2192
		Size: Discrete 3864x2192
		Size: Discrete 3864x2192
		Size: Discrete 3864x2192
	[3]: 'BA81' (8-bit Bayer BGBG/GRGR)
		Size: Discrete 3864x2192
		Size: Discrete 3864x2192
		Size: Discrete 3864x2192
		Size: Discrete 3864x2192
		Size: Discrete 3864x2192
		Size: Discrete 3864x2192
		Size: Discrete 3864x2192
		Size: Discrete 3864x2192
		Size: Discrete 3864x2192
		Size: Discrete 3864x2192
		Size: Discrete 3864x2192
		Size: Discrete 3864x2192
	[4]: 'RG10' (10-bit Bayer RGRG/GBGB)
		Size: Discrete 3864x2192
		Size: Discrete 3864x2192
		Size: Discrete 3864x2192
		Size: Discrete 3864x2192
@@CAMDEV /dev/video11
Driver Info:
	Driver name      : rkcif
	Card type        : rkcif
	Bus info         : platform:rkcif-mipi-lvds2
	Driver version   : 5.10.160
	Capabilities     : 0x84201000
		Video Capture Multiplanar
		Streaming
		Extended Pix Format
		Device Capabilities
	Device Caps      : 0x04201000
		Video Capture Multiplanar
		Streaming
		Extended Pix Format
Media Driver Info:
	Driver name      : rkcif
	Model            : rkcif-mipi-lvds2
	Serial           : 
	Bus info         : 
	Media version    : 5.10.160
	Hardware revision: 0x00000000 (0)
	Driver version   : 5.10.160
Interface Info:
	ID               : 0x03000002
	Type             : V4L Video
Entity Info:
	ID               : 0x00000001 (1)
	Name             : stream_cif_mipi_id0
	Function         : V4L2 I/O
	Pad 0x01000004   : 0: Sink
  -- 支援的格式 --
ioctl: VIDIOC_ENUM_FMT
	Type: Video Capture Multiplanar

	[0]: 'RG10' (10-bit Bayer RGRG/GBGB)
		Size: Stepwise 64x64 - 3864x2192 with step 8/8
	[1]: 'BA10' (10-bit Bayer GRGR/BGBG)
		Size: Stepwise 64x64 - 3864x2192 with step 8/8
	[2]: 'GB10' (10-bit Bayer GBGB/RGRG)
		Size: Stepwise 64x64 - 3864x2192 with step 8/8
	[3]: 'BG10' (10-bit Bayer BGBG/GRGR)
		Size: Stepwise 64x64 - 3864x2192 with step 8/8
	[4]: 'Y10 ' (10-bit Greyscale)
		Size: Stepwise 64x64 - 3864x2192 with step 8/8
@@CAMDEV /dev/video12
Driver Info:
	Driver name      : rkcif
	Card type        : rkcif
	Bus info         : platform:rkcif-mipi-lvds2
	Driver version   : 5.10.160
	Capabilities     : 0x84201000
		Video Capture Multiplanar
		Streaming
		Extended Pix Format
		Device Capabilities
	Device Caps      : 0x04201000
		Video Capture Multiplanar
		Streaming
		Extended Pix Format
Media Driver Info:
	Driver name      : rkcif
	Model            : rkcif-mipi-lvds2
	Serial           : 
	Bus info         : 
	Media version    : 5.10.160
	Hardware revision: 0x00000000 (0)
	Driver version   : 5.10.160
Interface Info:
	ID               : 0x03000006
	Type             : V4L Video
Entity Info:
	ID               : 0x00000005 (5)
	Name             : stream_cif_mipi_id1
	Function         : V4L2 I/O
	Pad 0x01000008   : 0: Sink
  -- 支援的格式 --
ioctl: VIDIOC_ENUM_FMT
	Type: Video Capture Multiplanar

	[0]: 'RG10' (10-bit Bayer RGRG/GBGB)
		Size: Stepwise 64x64 - 3864x2192 with step 8/8
	[1]: 'BA10' (10-bit Bayer GRGR/BGBG)
		Size: Stepwise 64x64 - 3864x2192 with step 8/8
	[2]: 'GB10' (10-bit Bayer GBGB/RGRG)
		Size: Stepwise 64x64 - 3864x2192 with step 8/8
	[3]: 'BG10' (10-bit Bayer BGBG/GRGR)
		Size: Stepwise 64x64 - 3864x2192 with step 8/8
	[4]: 'Y10 ' (10-bit Greyscale)
		Size: Stepwise 64x64 - 3864x2192 with step 8/8
@@CAMDEV /dev/video13
Driver Info:
	Driver name      : rkcif
	Card type        : rkcif
	Bus info         : platform:rkcif-mipi-lvds2
	Driver version   : 5.10.160
	Capabilities     : 0x84201000
		Video Capture Multiplanar
		Streaming
		Extended Pix Format
		Device Capabilities
	Device Caps      : 0x04201000
		Video Capture Multiplanar
		Streaming
		Extended Pix Format
Media Driver Info:
	Driver name      : rkcif
	Model            : rkcif-mipi-lvds2
	Serial           : 
	Bus info         : 
	Media version    : 5.10.160
	Hardware revision: 0x00000000 (0)
	Driver version   : 5.10.160
Interface Info:
	ID               : 0x0300000a
	Type             : V4L Video
Entity Info:
	ID               : 0x00000009 (9)
	Name             : stream_cif_mipi_id2
	Function         : V4L2 I/O
	Pad 0x0100000c   : 0: Sink
  -- 支援的格式 --
ioctl: VIDIOC_ENUM_FMT
	Type: Video Capture Multiplanar

	[0]: 'RG10' (10-bit Bayer RGRG/GBGB)
		Size: Stepwise 64x64 - 3864x2192 with step 8/8
	[1]: 'BA10' (10-bit Bayer GRGR/BGBG)
		Size: Stepwise 64x64 - 3864x2192 with step 8/8
	[2]: 'GB10' (10-bit Bayer GBGB/RGRG)
		Size: Stepwise 64x64 - 3864x2192 with step 8/8
	[3]: 'BG10' (10-bit Bayer BGBG/GRGR)
		Size: Stepwise 64x64 - 3864x2192 with step 8/8
	[4]: 'Y10 ' (10-bit Greyscale)
		Size: Stepwise 64x64 - 3864x2192 with step 8/8
@@CAMDEV /dev/video14
Driver Info:
	Driver name      : rkcif
	Card type        : rkcif
	Bus info         : platform:rkcif-mipi-lvds2
	Driver version   : 5.10.160
	Capabilities     : 0x84201000
		Video Capture Multiplanar
		Streaming
		Extended Pix Format
		Device Capabilities
	Device Caps      : 0x04201000
		Video Capture Multiplanar
		Streaming
		Extended Pix Format
Media Driver Info:
	Driver name      : rkcif
	Model            : rkcif-mipi-lvds2
	Serial           : 
	Bus info         : 
	Media version    : 5.10.160
	Hardware revision: 0x00000000 (0)
	Driver version   : 5.10.160
Interface Info:
	ID               : 0x0300000e
	Type             : V4L Video
Entity Info:
	ID               : 0x0000000d (13)
	Name             : stream_cif_mipi_id3
	Function         : V4L2 I/O
	Pad 0x01000010   : 0: Sink
  -- 支援的格式 --
ioctl: VIDIOC_ENUM_FMT
	Type: Video Capture Multiplanar

	[0]: 'RG10' (10-bit Bayer RGRG/GBGB)
		Size: Stepwise 64x64 - 3864x2192 with step 8/8
	[1]: 'BA10' (10-bit Bayer GRGR/BGBG)
		Size: Stepwise 64x64 - 3864x2192 with step 8/8
	[2]: 'GB10' (10-bit Bayer GBGB/RGRG)
		Size: Stepwise 64x64 - 3864x2192 with step 8/8
	[3]: 'BG10' (10-bit Bayer BGBG/GRGR)
		Size: Stepwise 64x64 - 3864x2192 with step 8/8
	[4]: 'Y10 ' (10-bit Greyscale)
		Size: Stepwise 64x64 - 3864x2192 with step 8/8
@@CAMDEV /dev/video15
Driver Info:
	Driver name      : rkcif
	Card type        : rkcif
	Bus info         : platform:rkcif-mipi-lvds2
	Driver version   : 5.10.160
	Capabilities     : 0x84201000
		Video Capture Multiplanar
		Streaming
		Extended Pix Format
		Device Capabilities
	Device Caps      : 0x04201000
		Video Capture Multiplanar
		Streaming
		Extended Pix Format
Media Driver Info:
	Driver name      : rkcif
	Model            : rkcif-mipi-lvds2
	Serial           : 
	Bus info         : 
	Media version    : 5.10.160
	Hardware revision: 0x00000000 (0)
	Driver version   : 5.10.160
Interface Info:
	ID               : 0x03000013
	Type             : V4L Video
Entity Info:
	ID               : 0x00000011 (17)
	Name             : rkcif_scale_ch0
	Function         : V4L2 I/O
	Pad 0x01000012   : 0: Sink
  -- 支援的格式 --
ioctl: VIDIOC_ENUM_FMT
	Type: Video Capture Multiplanar

	[0]: 'RG16' (16-bit Bayer RGRG/GBGB)
		Size: Discrete 482x274
		Size: Discrete 240x136
		Size: Discrete 120x68
	[1]: 'GR16' (16-bit Bayer GRGR/BGBG)
		Size: Discrete 482x274
		Size: Discrete 240x136
		Size: Discrete 120x68
	[2]: 'GB16' (16-bit Bayer GBGB/RGRG)
		Size: Discrete 482x274
		Size: Discrete 240x136
		Size: Discrete 120x68
	[3]: 'BYR2' (16-bit Bayer BGBG/GRGR)
		Size: Discrete 482x274
		Size: Discrete 240x136
		Size: Discrete 120x68
@@CAMDEV /dev/video16
Driver Info:
	Driver name      : rkcif
	Card type        : rkcif
	Bus info         : platform:rkcif-mipi-lvds2
	Driver version   : 5.10.160
	Capabilities     : 0x84201000
		Video Capture Multiplanar
		Streaming
		Extended Pix Format
		Device Capabilities
	Device Caps      : 0x04201000
		Video Capture Multiplanar
		Streaming
		Extended Pix Format
Media Driver Info:
	Driver name      : rkcif
	Model            : rkcif-mipi-lvds2
	Serial           : 
	Bus info         : 
	Media version    : 5.10.160
	Hardware revision: 0x00000000 (0)
	Driver version   : 5.10.160
Interface Info:
	ID               : 0x03000017
	Type             : V4L Video
Entity Info:
	ID               : 0x00000015 (21)
	Name             : rkcif_scale_ch1
	Function         : V4L2 I/O
	Pad 0x01000016   : 0: Sink
  -- 支援的格式 --
ioctl: VIDIOC_ENUM_FMT
	Type: Video Capture Multiplanar

	[0]: 'RG16' (16-bit Bayer RGRG/GBGB)
		Size: Discrete 482x274
		Size: Discrete 240x136
		Size: Discrete 120x68
	[1]: 'GR16' (16-bit Bayer GRGR/BGBG)
		Size: Discrete 482x274
		Size: Discrete 240x136
		Size: Discrete 120x68
	[2]: 'GB16' (16-bit Bayer GBGB/RGRG)
		Size: Discrete 482x274
		Size: Discrete 240x136
		Size: Discrete 120x68
	[3]: 'BYR2' (16-bit Bayer BGBG/GRGR)
		Size: Discrete 482x274
		Size: Discrete 240x136
		Size: Discrete 120x68
@@CAMDEV /dev/video17
Driver Info:
	Driver name      : rkcif
	Card type        : rkcif
	Bus info         : platform:rkcif-mipi-lvds2
	Driver version   : 5.10.160
	Capabilities     : 0x84201000
		Video Capture Multiplanar
		Streaming
		Extended Pix Format
		Device Capabilities
	Device Caps      : 0x04201000
		Video Capture Multiplanar
		Streaming
		Extended Pix Format
Media Driver Info:
	Driver name      : rkcif
	Model            : rkcif-mipi-lvds2
	Serial           : 
	Bus info         : 
	Media version    : 5.10.160
	Hardware revision: 0x00000000 (0)
	Driver version   : 5.10.160
Interface Info:
	ID               : 0x0300001b
	Type             : V4L Video
Entity Info:
	ID               : 0x00000019 (25)
	Name             : rkcif_scale_ch2
	Function         : V4L2 I/O
	Pad 0x0100001a   : 0: Sink
  -- 支援的格式 --
ioctl: VIDIOC_ENUM_FMT
	Type: Video Capture Multiplanar

	[0]: 'RG16' (16-bit Bayer RGRG/GBGB)
		Size: Discrete 482x274
		Size: Discrete 240x136
		Size: Discrete 120x68
	[1]: 'GR16' (16-bit Bayer GRGR/BGBG)
		Size: Discrete 482x274
		Size: Discrete 240x136
		Size: Discrete 120x68
	[2]: 'GB16' (16-bit Bayer GBGB/RGRG)
		Size: Discrete 482x274
		Size: Discrete 240x136
		Size: Discrete 120x68
	[3]: 'BYR2' (16-bit Bayer BGBG/GRGR)
		Size: Discrete 482x274
		Size: Discrete 240x136
		Size: Discrete 120x68
@@CAMDEV /dev/video18
Driver Info:
	Driver name      : rkcif
	Card type        : rkcif
	Bus info         : platform:rkcif-mipi-lvds2
	Driver version   : 5.10.160
	Capabilities     : 0x84201000
		Video Capture Multiplanar
		Streaming
		Extended Pix Format
		Device Capabilities
	Device Caps      : 0x04201000
		Video Capture Multiplanar
		Streaming
		Extended Pix Format
Media Driver Info:
	Driver name      : rkcif
	Model            : rkcif-mipi-lvds2
	Serial           : 
	Bus info         : 
	Media version    : 5.10.160
	Hardware revision: 0x00000000 (0)
	Driver version   : 5.10.160
Interface Info:
	ID               : 0x0300001f
	Type             : V4L Video
Entity Info:
	ID               : 0x0000001d (29)
	Name             : rkcif_scale_ch3
	Function         : V4L2 I/O
	Pad 0x0100001e   : 0: Sink
  -- 支援的格式 --
ioctl: VIDIOC_ENUM_FMT
	Type: Video Capture Multiplanar

	[0]: 'RG16' (16-bit Bayer RGRG/GBGB)
		Size: Discrete 482x274
		Size: Discrete 240x136
		Size: Discrete 120x68
	[1]: 'GR16' (16-bit Bayer GRGR/BGBG)
		Size: Discrete 482x274
		Size: Discrete 240x136
		Size: Discrete 120x68
	[2]: 'GB16' (16-bit Bayer GBGB/RGRG)
		Size: Discrete 482x274
		Size: Discrete 240x136
		Size: Discrete 120x68
	[3]: 'BYR2' (16-bit Bayer BGBG/GRGR)
		Size: Discrete 482x274
		Size: Discrete 240x136
		Size: Discrete 120x68
@@CAMDEV /dev/video19
Driver Info:
	Driver name      : rkcif
	Card type        : rkcif
	Bus info         : platform:rkcif-mipi-lvds2
	Driver version   : 5.10.160
	Capabilities     : 0x84201000
		Video Capture Multiplanar
		Streaming
		Extended Pix Format
		Device Capabilities
	Device Caps      : 0x04201000
		Video Capture Multiplanar
		Streaming
		Extended Pix Format
Media Driver Info:
	Driver name      : rkcif
	Model            : rkcif-mipi-lvds2
	Serial           : 
	Bus info         : 
	Media version    : 5.10.160
	Hardware revision: 0x00000000 (0)
	Driver version   : 5.10.160
Interface Info:
	ID               : 0x03000023
	Type             : V4L Video
Entity Info:
	ID               : 0x00000021 (33)
	Name             : rkcif_tools_id0
	Function         : V4L2 I/O
	Pad 0x01000022   : 0: Sink
  -- 支援的格式 --
ioctl: VIDIOC_ENUM_FMT
	Type: Video Capture Multiplanar

	[0]: 'RGGB' (8-bit Bayer RGRG/GBGB)
		Size: Discrete 3864x2192
		Size: Discrete 3864x2192
		Size: Discrete 3864x2192
		Size: Discrete 3864x2192
		Size: Discrete 3864x2192
		Size: Discrete 3864x2192
		Size: Discrete 3864x2192
		Size: Discrete 3864x2192
		Size: Discrete 3864x2192
		Size: Discrete 3864x2192
		Size: Discrete 3864x2192
		Size: Discrete 3864x2192
	[1]: 'GRBG' (8-bit Bayer GRGR/BGBG)
		Size: Discrete 3864x2192
		Size: Discrete 3864x2192
		Size: Discrete 3864x2192
		Size: Discrete 3864x2192
		Size: Discrete 3864x2192
		Size: Discrete 3864x2192
		Size: Discrete 3864x2192
		Size: Discrete 3864x2192
		Size: Discrete 3864x2192
		Size: Discrete 3864x2192
		Size: Discrete 3864x2192
		Size: Discrete 3864x2192
	[2]: 'GBRG' (8-bit Bayer GBGB/RGRG)
		Size: Discrete 3864x2192
		Size: Discrete 3864x2192
		Size: Discrete 3864x2192
		Size: Discrete 3864x2192
		Size: Discrete 3864x2192
		Size: Discrete 3864x2192
		Size: Discrete 3864x2192
		Size: Discrete 3864x2192
		Size: Discrete 3864x2192
		Size: Discrete 3864x2192
		Size: Discrete 3864x2192
		Size: Discrete 3864x2192
	[3]: 'BA81' (8-bit Bayer BGBG/GRGR)
		Size: Discrete 3864x2192
		Size: Discrete 3864x2192
		Size: Discrete 3864x2192
		Size: Discrete 3864x2192
		Size: Discrete 3864x2192
		Size: Discrete 3864x2192
		Size: Discrete 3864x2192
		Size: Discrete 3864x2192
		Size: Discrete 3864x2192
		Size: Discrete 3864x2192
		Size: Discrete 3864x2192
		Size: Discrete 3864x2192
	[4]: 'RG10' (10-bit Bayer RGRG/GBGB)
		Size: Discrete 3864x2192
		Size: Discrete 3864x2192
		Size: Discrete 3864x2192
		Size: Discrete 3864x2192
@@CAMDEV /dev/video2
Driver Info:
	Driver name      : rkcif
	Card type        : rkcif
	Bus info         : platform:rkcif-mipi-lvds
	Driver version   : 5.10.160
	Capabilities     : 0x84201000
		Video Capture Multiplanar
		Streaming
		Extended Pix Format
		Device Capabilities
	Device Caps      : 0x04201000
		Video Capture Multiplanar
		Streaming
		Extended Pix Format
Media Driver Info:
	Driver name      : rkcif
	Model            : rkcif-mipi-lvds
	Serial           : 
	Bus info         : 
	Media version    : 5.10.160
	Hardware revision: 0x00000000 (0)
	Driver version   : 5.10.160
Interface Info:
	ID               : 0x0300000a
	Type             : V4L Video
Entity Info:
	ID               : 0x00000009 (9)
	Name             : stream_cif_mipi_id2
	Function         : V4L2 I/O
	Pad 0x0100000c   : 0: Sink
  -- 支援的格式 --
ioctl: VIDIOC_ENUM_FMT
	Type: Video Capture Multiplanar

	[0]: 'RG10' (10-bit Bayer RGRG/GBGB)
		Size: Stepwise 64x64 - 3864x2192 with step 8/8
	[1]: 'BA10' (10-bit Bayer GRGR/BGBG)
		Size: Stepwise 64x64 - 3864x2192 with step 8/8
	[2]: 'GB10' (10-bit Bayer GBGB/RGRG)
		Size: Stepwise 64x64 - 3864x2192 with step 8/8
	[3]: 'BG10' (10-bit Bayer BGBG/GRGR)
		Size: Stepwise 64x64 - 3864x2192 with step 8/8
	[4]: 'Y10 ' (10-bit Greyscale)
		Size: Stepwise 64x64 - 3864x2192 with step 8/8
@@CAMDEV /dev/video20
Driver Info:
	Driver name      : rkcif
	Card type        : rkcif
	Bus info         : platform:rkcif-mipi-lvds2
	Driver version   : 5.10.160
	Capabilities     : 0x84201000
		Video Capture Multiplanar
		Streaming
		Extended Pix Format
		Device Capabilities
	Device Caps      : 0x04201000
		Video Capture Multiplanar
		Streaming
		Extended Pix Format
Media Driver Info:
	Driver name      : rkcif
	Model            : rkcif-mipi-lvds2
	Serial           : 
	Bus info         : 
	Media version    : 5.10.160
	Hardware revision: 0x00000000 (0)
	Driver version   : 5.10.160
Interface Info:
	ID               : 0x03000027
	Type             : V4L Video
Entity Info:
	ID               : 0x00000025 (37)
	Name             : rkcif_tools_id1
	Function         : V4L2 I/O
	Pad 0x01000026   : 0: Sink
  -- 支援的格式 --
ioctl: VIDIOC_ENUM_FMT
	Type: Video Capture Multiplanar

	[0]: 'RGGB' (8-bit Bayer RGRG/GBGB)
		Size: Discrete 3864x2192
		Size: Discrete 3864x2192
		Size: Discrete 3864x2192
		Size: Discrete 3864x2192
		Size: Discrete 3864x2192
		Size: Discrete 3864x2192
		Size: Discrete 3864x2192
		Size: Discrete 3864x2192
		Size: Discrete 3864x2192
		Size: Discrete 3864x2192
		Size: Discrete 3864x2192
		Size: Discrete 3864x2192
	[1]: 'GRBG' (8-bit Bayer GRGR/BGBG)
		Size: Discrete 3864x2192
		Size: Discrete 3864x2192
		Size: Discrete 3864x2192
		Size: Discrete 3864x2192
		Size: Discrete 3864x2192
		Size: Discrete 3864x2192
		Size: Discrete 3864x2192
		Size: Discrete 3864x2192
		Size: Discrete 3864x2192
		Size: Discrete 3864x2192
		Size: Discrete 3864x2192
		Size: Discrete 3864x2192
	[2]: 'GBRG' (8-bit Bayer GBGB/RGRG)
		Size: Discrete 3864x2192
		Size: Discrete 3864x2192
		Size: Discrete 3864x2192
		Size: Discrete 3864x2192
		Size: Discrete 3864x2192
		Size: Discrete 3864x2192
		Size: Discrete 3864x2192
		Size: Discrete 3864x2192
		Size: Discrete 3864x2192
		Size: Discrete 3864x2192
		Size: Discrete 3864x2192
		Size: Discrete 3864x2192
	[3]: 'BA81' (8-bit Bayer BGBG/GRGR)
		Size: Discrete 3864x2192
		Size: Discrete 3864x2192
		Size: Discrete 3864x2192
		Size: Discrete 3864x2192
		Size: Discrete 3864x2192
		Size: Discrete 3864x2192
		Size: Discrete 3864x2192
		Size: Discrete 3864x2192
		Size: Discrete 3864x2192
		Size: Discrete 3864x2192
		Size: Discrete 3864x2192
		Size: Discrete 3864x2192
	[4]: 'RG10' (10-bit Bayer RGRG/GBGB)
		Size: Discrete 3864x2192
		Size: Discrete 3864x2192
		Size: Discrete 3864x2192
		Size: Discrete 3864x2192
@@CAMDEV /dev/video21
Driver Info:
	Driver name      : rkcif
	Card type        : rkcif
	Bus info         : platform:rkcif-mipi-lvds2
	Driver version   : 5.10.160
	Capabilities     : 0x84201000
		Video Capture Multiplanar
		Streaming
		Extended Pix Format
		Device Capabilities
	Device Caps      : 0x04201000
		Video Capture Multiplanar
		Streaming
		Extended Pix Format
Media Driver Info:
	Driver name      : rkcif
	Model            : rkcif-mipi-lvds2
	Serial           : 
	Bus info         : 
	Media version    : 5.10.160
	Hardware revision: 0x00000000 (0)
	Driver version   : 5.10.160
Interface Info:
	ID               : 0x0300002b
	Type             : V4L Video
Entity Info:
	ID               : 0x00000029 (41)
	Name             : rkcif_tools_id2
	Function         : V4L2 I/O
	Pad 0x0100002a   : 0: Sink
  -- 支援的格式 --
ioctl: VIDIOC_ENUM_FMT
	Type: Video Capture Multiplanar

	[0]: 'RGGB' (8-bit Bayer RGRG/GBGB)
		Size: Discrete 3864x2192
		Size: Discrete 3864x2192
		Size: Discrete 3864x2192
		Size: Discrete 3864x2192
		Size: Discrete 3864x2192
		Size: Discrete 3864x2192
		Size: Discrete 3864x2192
		Size: Discrete 3864x2192
		Size: Discrete 3864x2192
		Size: Discrete 3864x2192
		Size: Discrete 3864x2192
		Size: Discrete 3864x2192
	[1]: 'GRBG' (8-bit Bayer GRGR/BGBG)
		Size: Discrete 3864x2192
		Size: Discrete 3864x2192
		Size: Discrete 3864x2192
		Size: Discrete 3864x2192
		Size: Discrete 3864x2192
		Size: Discrete 3864x2192
		Size: Discrete 3864x2192
		Size: Discrete 3864x2192
		Size: Discrete 3864x2192
		Size: Discrete 3864x2192
		Size: Discrete 3864x2192
		Size: Discrete 3864x2192
	[2]: 'GBRG' (8-bit Bayer GBGB/RGRG)
		Size: Discrete 3864x2192
		Size: Discrete 3864x2192
		Size: Discrete 3864x2192
		Size: Discrete 3864x2192
		Size: Discrete 3864x2192
		Size: Discrete 3864x2192
		Size: Discrete 3864x2192
		Size: Discrete 3864x2192
		Size: Discrete 3864x2192
		Size: Discrete 3864x2192
		Size: Discrete 3864x2192
		Size: Discrete 3864x2192
	[3]: 'BA81' (8-bit Bayer BGBG/GRGR)
		Size: Discrete 3864x2192
		Size: Discrete 3864x2192
		Size: Discrete 3864x2192
		Size: Discrete 3864x2192
		Size: Discrete 3864x2192
		Size: Discrete 3864x2192
		Size: Discrete 3864x2192
		Size: Discrete 3864x2192
		Size: Discrete 3864x2192
		Size: Discrete 3864x2192
		Size: Discrete 3864x2192
		Size: Discrete 3864x2192
	[4]: 'RG10' (10-bit Bayer RGRG/GBGB)
		Size: Discrete 3864x2192
		Size: Discrete 3864x2192
		Size: Discrete 3864x2192
		Size: Discrete 3864x2192
@@CAMDEV /dev/video22
Driver Info:
	Driver name      : rkisp_v6
	Card type        : rkisp_mainpath
	Bus info         : platform:rkisp0-vir2
	Driver version   : 2.3.0
	Capabilities     : 0x84201000
		Video Capture Multiplanar
		Streaming
		Extended Pix Format
		Device Capabilities
	Device Caps      : 0x04201000
		Video Capture Multiplanar
		Streaming
		Extended Pix Format
Media Driver Info:
	Driver name      : rkisp0-vir2
	Model            : rkisp0
	Serial           : 
	Bus info         : 
	Media version    : 5.10.160
	Hardware revision: 0x00000000 (0)
	Driver version   : 5.10.160
Interface Info:
	ID               : 0x03000007
	Type             : V4L Video
Entity Info:
	ID               : 0x00000006 (6)
	Name             : rkisp_mainpath
	Function         : V4L2 I/O
	Pad 0x01000009   : 0: Sink
  -- 支援的格式 --
ioctl: VIDIOC_ENUM_FMT
	Type: Video Capture Multiplanar

	[0]: 'UYVY' (UYVY 4:2:2)
		Size: Stepwise 32x32 - 3840x2160 with step 8/8
	[1]: 'NV16' (Y/CbCr 4:2:2)
		Size: Stepwise 32x32 - 3840x2160 with step 8/8
	[2]: 'NV61' (Y/CrCb 4:2:2)
		Size: Stepwise 32x32 - 3840x2160 with step 8/8
	[3]: 'NV21' (Y/CrCb 4:2:0)
		Size: Stepwise 32x32 - 3840x2160 with step 8/8
	[4]: 'NV12' (Y/CbCr 4:2:0)
		Size: Stepwise 32x32 - 3840x2160 with step 8/8
	[5]: 'NM21' (Y/CrCb 4:2:0 (N-C))
		Size: Stepwise 32x32 - 3840x2160 with step 8/8
	[6]: 'NM12' (Y/CbCr 4:2:0 (N-C))
		Size: Stepwise 32x32 - 3840x2160 with step 8/8
@@CAMDEV /dev/video23
Driver Info:
	Driver name      : rkisp_v6
	Card type        : rkisp_selfpath
	Bus info         : platform:rkisp0-vir2
	Driver version   : 2.3.0
	Capabilities     : 0x84201000
		Video Capture Multiplanar
		Streaming
		Extended Pix Format
		Device Capabilities
	Device Caps      : 0x04201000
		Video Capture Multiplanar
		Streaming
		Extended Pix Format
Media Driver Info:
	Driver name      : rkisp0-vir2
	Model            : rkisp0
	Serial           : 
	Bus info         : 
	Media version    : 5.10.160
	Hardware revision: 0x00000000 (0)
	Driver version   : 5.10.160
Interface Info:
	ID               : 0x0300000d
	Type             : V4L Video
Entity Info:
	ID               : 0x0000000c (12)
	Name             : rkisp_selfpath
	Function         : V4L2 I/O
	Pad 0x0100000f   : 0: Sink
  -- 支援的格式 --
ioctl: VIDIOC_ENUM_FMT
	Type: Video Capture Multiplanar

	[0]: 'UYVY' (UYVY 4:2:2)
		Size: Stepwise 32x32 - 1920x2160 with step 8/8
	[1]: 'NV16' (Y/CbCr 4:2:2)
		Size: Stepwise 32x32 - 1920x2160 with step 8/8
	[2]: 'NV61' (Y/CrCb 4:2:2)
		Size: Stepwise 32x32 - 1920x2160 with step 8/8
	[3]: 'NV21' (Y/CrCb 4:2:0)
		Size: Stepwise 32x32 - 1920x2160 with step 8/8
	[4]: 'NV12' (Y/CbCr 4:2:0)
		Size: Stepwise 32x32 - 1920x2160 with step 8/8
	[5]: 'NM21' (Y/CrCb 4:2:0 (N-C))
		Size: Stepwise 32x32 - 1920x2160 with step 8/8
	[6]: 'NM12' (Y/CbCr 4:2:0 (N-C))
		Size: Stepwise 32x32 - 1920x2160 with step 8/8
	[7]: 'GREY' (8-bit Greyscale)
		Size: Stepwise 32x32 - 1920x2160 with step 8/8
	[8]: 'RGBP' (16-bit RGB 5-6-5)
		Size: Stepwise 32x32 - 1920x2160 with step 8/8
@@CAMDEV /dev/video24
Driver Info:
	Driver name      : rkisp_v6
	Card type        : rkisp_fbcpath
	Bus info         : platform:rkisp0-vir2
	Driver version   : 2.3.0
	Capabilities     : 0x84201000
		Video Capture Multiplanar
		Streaming
		Extended Pix Format
		Device Capabilities
	Device Caps      : 0x04201000
		Video Capture Multiplanar
		Streaming
		Extended Pix Format
Media Driver Info:
	Driver name      : rkisp0-vir2
	Model            : rkisp0
	Serial           : 
	Bus info         : 
	Media version    : 5.10.160
	Hardware revision: 0x00000000 (0)
	Driver version   : 5.10.160
Interface Info:
	ID               : 0x03000013
	Type             : V4L Video
Entity Info:
	ID               : 0x00000012 (18)
	Name             : rkisp_fbcpath
	Function         : V4L2 I/O
	Pad 0x01000015   : 0: Sink
  -- 支援的格式 --
ioctl: VIDIOC_ENUM_FMT
	Type: Video Capture Multiplanar

	[0]: 'FBC0' (Rockchip yuv420sp fbc encoder)
		Size: Discrete 3840x2160
	[1]: 'FBC2' (Rockchip yuv422sp fbc encoder)
		Size: Discrete 3840x2160
@@CAMDEV /dev/video25
Driver Info:
	Driver name      : rkisp_v6
	Card type        : rkisp_iqtool
	Bus info         : platform:rkisp0-vir2
	Driver version   : 2.3.0
	Capabilities     : 0x84201000
		Video Capture Multiplanar
		Streaming
		Extended Pix Format
		Device Capabilities
	Device Caps      : 0x04201000
		Video Capture Multiplanar
		Streaming
		Extended Pix Format
Media Driver Info:
	Driver name      : rkisp0-vir2
	Model            : rkisp0
	Serial           : 
	Bus info         : 
	Media version    : 5.10.160
	Hardware revision: 0x00000000 (0)
	Driver version   : 5.10.160
Interface Info:
	ID               : 0x03000019
	Type             : V4L Video
Entity Info:
	ID               : 0x00000018 (24)
	Name             : rkisp_iqtool
	Function         : V4L2 I/O
	Pad 0x0100001b   : 0: Sink
  -- 支援的格式 --
ioctl: VIDIOC_ENUM_FMT
	Type: Video Capture Multiplanar

	[0]: 'UYVY' (UYVY 4:2:2)
		Size: Discrete 3840x2160
	[1]: 'NV16' (Y/CbCr 4:2:2)
		Size: Discrete 3840x2160
	[2]: 'NV61' (Y/CrCb 4:2:2)
		Size: Discrete 3840x2160
	[3]: 'NV21' (Y/CrCb 4:2:0)
		Size: Discrete 3840x2160
	[4]: 'NV12' (Y/CbCr 4:2:0)
		Size: Discrete 3840x2160
	[5]: 'NM21' (Y/CrCb 4:2:0 (N-C))
		Size: Discrete 3840x2160
	[6]: 'NM12' (Y/CbCr 4:2:0 (N-C))
		Size: Discrete 3840x2160
@@CAMDEV /dev/video26
Driver Info:
	Driver name      : rkisp_v6
	Card type        : rkisp_rawrd0_m
	Bus info         : platform:rkisp0-vir2
	Driver version   : 2.3.0
	Capabilities     : 0x84202000
		Video Output Multiplanar
		Streaming
		Extended Pix Format
		Device Capabilities
	Device Caps      : 0x04202000
		Video Output Multiplanar
		Streaming
		Extended Pix Format
Media Driver Info:
	Driver name      : rkisp0-vir2
	Model            : rkisp0
	Serial           : 
	Bus info         : 
	Media version    : 5.10.160
	Hardware revision: 0x00000000 (0)
	Driver version   : 5.10.160
Interface Info:
	ID               : 0x0300001f
	Type             : V4L Video
Entity Info:
	ID               : 0x0000001e (30)
	Name             : rkisp_rawrd0_m
	Function         : V4L2 I/O
	Pad 0x01000021   : 0: Source
  -- 支援的格式 --
ioctl: VIDIOC_ENUM_FMT
	Type: Video Capture Multiplanar

@@CAMDEV /dev/video27
Driver Info:
	Driver name      : rkisp_v6
	Card type        : rkisp_rawrd2_s
	Bus info         : platform:rkisp0-vir2
	Driver version   : 2.3.0
	Capabilities     : 0x84202000
		Video Output Multiplanar
		Streaming
		Extended Pix Format
		Device Capabilities
	Device Caps      : 0x04202000
		Video Output Multiplanar
		Streaming
		Extended Pix Format
Media Driver Info:
	Driver name      : rkisp0-vir2
	Model            : rkisp0
	Serial           : 
	Bus info         : 
	Media version    : 5.10.160
	Hardware revision: 0x00000000 (0)
	Driver version   : 5.10.160
Interface Info:
	ID               : 0x03000025
	Type             : V4L Video
Entity Info:
	ID               : 0x00000024 (36)
	Name             : rkisp_rawrd2_s
	Function         : V4L2 I/O
	Pad 0x01000027   : 0: Source
  -- 支援的格式 --
ioctl: VIDIOC_ENUM_FMT
	Type: Video Capture Multiplanar

@@CAMDEV /dev/video28
Driver Info:
	Driver name      : rkisp_v6
	Card type        : rkisp_rawrd1_l
	Bus info         : platform:rkisp0-vir2
	Driver version   : 2.3.0
	Capabilities     : 0x84202000
		Video Output Multiplanar
		Streaming
		Extended Pix Format
		Device Capabilities
	Device Caps      : 0x04202000
		Video Output Multiplanar
		Streaming
		Extended Pix Format
Media Driver Info:
	Driver name      : rkisp0-vir2
	Model            : rkisp0
	Serial           : 
	Bus info         : 
	Media version    : 5.10.160
	Hardware revision: 0x00000000 (0)
	Driver version   : 5.10.160
Interface Info:
	ID               : 0x0300002b
	Type             : V4L Video
Entity Info:
	ID               : 0x0000002a (42)
	Name             : rkisp_rawrd1_l
	Function         : V4L2 I/O
	Pad 0x0100002d   : 0: Source
  -- 支援的格式 --
ioctl: VIDIOC_ENUM_FMT
	Type: Video Capture Multiplanar

@@CAMDEV /dev/video29
Driver Info:
	Driver name      : rkisp_v6
	Card type        : rkisp-statistics
	Bus info         : platform: rkisp
	Driver version   : 2.3.0
	Capabilities     : 0x84a00000
		Metadata Capture
		Streaming
		Extended Pix Format
		Device Capabilities
	Device Caps      : 0x04a00000
		Metadata Capture
		Streaming
		Extended Pix Format
Media Driver Info:
	Driver name      : rkisp0-vir2
	Model            : rkisp0
	Serial           : 
	Bus info         : 
	Media version    : 5.10.160
	Hardware revision: 0x00000000 (0)
	Driver version   : 5.10.160
Interface Info:
	ID               : 0x03000032
	Type             : V4L Video
Entity Info:
	ID               : 0x00000030 (48)
	Name             : rkisp-statistics
	Function         : V4L2 I/O
	Pad 0x01000031   : 0: Sink
  -- 支援的格式 --
ioctl: VIDIOC_ENUM_FMT
	Type: Video Capture

@@CAMDEV /dev/video3
Driver Info:
	Driver name      : rkcif
	Card type        : rkcif
	Bus info         : platform:rkcif-mipi-lvds
	Driver version   : 5.10.160
	Capabilities     : 0x84201000
		Video Capture Multiplanar
		Streaming
		Extended Pix Format
		Device Capabilities
	Device Caps      : 0x04201000
		Video Capture Multiplanar
		Streaming
		Extended Pix Format
Media Driver Info:
	Driver name      : rkcif
	Model            : rkcif-mipi-lvds
	Serial           : 
	Bus info         : 
	Media version    : 5.10.160
	Hardware revision: 0x00000000 (0)
	Driver version   : 5.10.160
Interface Info:
	ID               : 0x0300000e
	Type             : V4L Video
Entity Info:
	ID               : 0x0000000d (13)
	Name             : stream_cif_mipi_id3
	Function         : V4L2 I/O
	Pad 0x01000010   : 0: Sink
  -- 支援的格式 --
ioctl: VIDIOC_ENUM_FMT
	Type: Video Capture Multiplanar

	[0]: 'RG10' (10-bit Bayer RGRG/GBGB)
		Size: Stepwise 64x64 - 3864x2192 with step 8/8
	[1]: 'BA10' (10-bit Bayer GRGR/BGBG)
		Size: Stepwise 64x64 - 3864x2192 with step 8/8
	[2]: 'GB10' (10-bit Bayer GBGB/RGRG)
		Size: Stepwise 64x64 - 3864x2192 with step 8/8
	[3]: 'BG10' (10-bit Bayer BGBG/GRGR)
		Size: Stepwise 64x64 - 3864x2192 with step 8/8
	[4]: 'Y10 ' (10-bit Greyscale)
		Size: Stepwise 64x64 - 3864x2192 with step 8/8
@@CAMDEV /dev/video30
Driver Info:
	Driver name      : rkisp_v6
	Card type        : rkisp-input-params
	Bus info         : platform: rkisp
	Driver version   : 2.3.0
	Capabilities     : 0x8c200000
		Metadata Output
		Streaming
		Extended Pix Format
		Device Capabilities
	Device Caps      : 0x0c200000
		Metadata Output
		Streaming
		Extended Pix Format
Media Driver Info:
	Driver name      : rkisp0-vir2
	Model            : rkisp0
	Serial           : 
	Bus info         : 
	Media version    : 5.10.160
	Hardware revision: 0x00000000 (0)
	Driver version   : 5.10.160
Interface Info:
	ID               : 0x03000038
	Type             : V4L Video
Entity Info:
	ID               : 0x00000036 (54)
	Name             : rkisp-input-params
	Function         : V4L2 I/O
	Pad 0x01000037   : 0: Source
  -- 支援的格式 --
ioctl: VIDIOC_ENUM_FMT
	Type: Video Capture

@@CAMDEV /dev/video31
Driver Info:
	Driver name      : rkisp_v6
	Card type        : rkisp_mainpath
	Bus info         : platform:rkisp1-vir0
	Driver version   : 2.3.0
	Capabilities     : 0x84201000
		Video Capture Multiplanar
		Streaming
		Extended Pix Format
		Device Capabilities
	Device Caps      : 0x04201000
		Video Capture Multiplanar
		Streaming
		Extended Pix Format
Media Driver Info:
	Driver name      : rkisp1-vir0
	Model            : rkisp0
	Serial           : 
	Bus info         : 
	Media version    : 5.10.160
	Hardware revision: 0x00000000 (0)
	Driver version   : 5.10.160
Interface Info:
	ID               : 0x03000007
	Type             : V4L Video
Entity Info:
	ID               : 0x00000006 (6)
	Name             : rkisp_mainpath
	Function         : V4L2 I/O
	Pad 0x01000009   : 0: Sink
  -- 支援的格式 --
ioctl: VIDIOC_ENUM_FMT
	Type: Video Capture Multiplanar

	[0]: 'UYVY' (UYVY 4:2:2)
		Size: Stepwise 32x32 - 3840x2160 with step 8/8
	[1]: 'NV16' (Y/CbCr 4:2:2)
		Size: Stepwise 32x32 - 3840x2160 with step 8/8
	[2]: 'NV61' (Y/CrCb 4:2:2)
		Size: Stepwise 32x32 - 3840x2160 with step 8/8
	[3]: 'NV21' (Y/CrCb 4:2:0)
		Size: Stepwise 32x32 - 3840x2160 with step 8/8
	[4]: 'NV12' (Y/CbCr 4:2:0)
		Size: Stepwise 32x32 - 3840x2160 with step 8/8
	[5]: 'NM21' (Y/CrCb 4:2:0 (N-C))
		Size: Stepwise 32x32 - 3840x2160 with step 8/8
	[6]: 'NM12' (Y/CbCr 4:2:0 (N-C))
		Size: Stepwise 32x32 - 3840x2160 with step 8/8
@@CAMDEV /dev/video32
Driver Info:
	Driver name      : rkisp_v6
	Card type        : rkisp_selfpath
	Bus info         : platform:rkisp1-vir0
	Driver version   : 2.3.0
	Capabilities     : 0x84201000
		Video Capture Multiplanar
		Streaming
		Extended Pix Format
		Device Capabilities
	Device Caps      : 0x04201000
		Video Capture Multiplanar
		Streaming
		Extended Pix Format
Media Driver Info:
	Driver name      : rkisp1-vir0
	Model            : rkisp0
	Serial           : 
	Bus info         : 
	Media version    : 5.10.160
	Hardware revision: 0x00000000 (0)
	Driver version   : 5.10.160
Interface Info:
	ID               : 0x0300000d
	Type             : V4L Video
Entity Info:
	ID               : 0x0000000c (12)
	Name             : rkisp_selfpath
	Function         : V4L2 I/O
	Pad 0x0100000f   : 0: Sink
  -- 支援的格式 --
ioctl: VIDIOC_ENUM_FMT
	Type: Video Capture Multiplanar

	[0]: 'UYVY' (UYVY 4:2:2)
		Size: Stepwise 32x32 - 1920x2160 with step 8/8
	[1]: 'NV16' (Y/CbCr 4:2:2)
		Size: Stepwise 32x32 - 1920x2160 with step 8/8
	[2]: 'NV61' (Y/CrCb 4:2:2)
		Size: Stepwise 32x32 - 1920x2160 with step 8/8
	[3]: 'NV21' (Y/CrCb 4:2:0)
		Size: Stepwise 32x32 - 1920x2160 with step 8/8
	[4]: 'NV12' (Y/CbCr 4:2:0)
		Size: Stepwise 32x32 - 1920x2160 with step 8/8
	[5]: 'NM21' (Y/CrCb 4:2:0 (N-C))
		Size: Stepwise 32x32 - 1920x2160 with step 8/8
	[6]: 'NM12' (Y/CbCr 4:2:0 (N-C))
		Size: Stepwise 32x32 - 1920x2160 with step 8/8
	[7]: 'GREY' (8-bit Greyscale)
		Size: Stepwise 32x32 - 1920x2160 with step 8/8
	[8]: 'RGBP' (16-bit RGB 5-6-5)
		Size: Stepwise 32x32 - 1920x2160 with step 8/8
@@CAMDEV /dev/video33
Driver Info:
	Driver name      : rkisp_v6
	Card type        : rkisp_fbcpath
	Bus info         : platform:rkisp1-vir0
	Driver version   : 2.3.0
	Capabilities     : 0x84201000
		Video Capture Multiplanar
		Streaming
		Extended Pix Format
		Device Capabilities
	Device Caps      : 0x04201000
		Video Capture Multiplanar
		Streaming
		Extended Pix Format
Media Driver Info:
	Driver name      : rkisp1-vir0
	Model            : rkisp0
	Serial           : 
	Bus info         : 
	Media version    : 5.10.160
	Hardware revision: 0x00000000 (0)
	Driver version   : 5.10.160
Interface Info:
	ID               : 0x03000013
	Type             : V4L Video
Entity Info:
	ID               : 0x00000012 (18)
	Name             : rkisp_fbcpath
	Function         : V4L2 I/O
	Pad 0x01000015   : 0: Sink
  -- 支援的格式 --
ioctl: VIDIOC_ENUM_FMT
	Type: Video Capture Multiplanar

	[0]: 'FBC0' (Rockchip yuv420sp fbc encoder)
		Size: Discrete 3840x2160
	[1]: 'FBC2' (Rockchip yuv422sp fbc encoder)
		Size: Discrete 3840x2160
@@CAMDEV /dev/video34
Driver Info:
	Driver name      : rkisp_v6
	Card type        : rkisp_iqtool
	Bus info         : platform:rkisp1-vir0
	Driver version   : 2.3.0
	Capabilities     : 0x84201000
		Video Capture Multiplanar
		Streaming
		Extended Pix Format
		Device Capabilities
	Device Caps      : 0x04201000
		Video Capture Multiplanar
		Streaming
		Extended Pix Format
Media Driver Info:
	Driver name      : rkisp1-vir0
	Model            : rkisp0
	Serial           : 
	Bus info         : 
	Media version    : 5.10.160
	Hardware revision: 0x00000000 (0)
	Driver version   : 5.10.160
Interface Info:
	ID               : 0x03000019
	Type             : V4L Video
Entity Info:
	ID               : 0x00000018 (24)
	Name             : rkisp_iqtool
	Function         : V4L2 I/O
	Pad 0x0100001b   : 0: Sink
  -- 支援的格式 --
ioctl: VIDIOC_ENUM_FMT
	Type: Video Capture Multiplanar

	[0]: 'UYVY' (UYVY 4:2:2)
		Size: Discrete 3840x2160
	[1]: 'NV16' (Y/CbCr 4:2:2)
		Size: Discrete 3840x2160
	[2]: 'NV61' (Y/CrCb 4:2:2)
		Size: Discrete 3840x2160
	[3]: 'NV21' (Y/CrCb 4:2:0)
		Size: Discrete 3840x2160
	[4]: 'NV12' (Y/CbCr 4:2:0)
		Size: Discrete 3840x2160
	[5]: 'NM21' (Y/CrCb 4:2:0 (N-C))
		Size: Discrete 3840x2160
	[6]: 'NM12' (Y/CbCr 4:2:0 (N-C))
		Size: Discrete 3840x2160
@@CAMDEV /dev/video35
Driver Info:
	Driver name      : rkisp_v6
	Card type        : rkisp_rawrd0_m
	Bus info         : platform:rkisp1-vir0
	Driver version   : 2.3.0
	Capabilities     : 0x84202000
		Video Output Multiplanar
		Streaming
		Extended Pix Format
		Device Capabilities
	Device Caps      : 0x04202000
		Video Output Multiplanar
		Streaming
		Extended Pix Format
Media Driver Info:
	Driver name      : rkisp1-vir0
	Model            : rkisp0
	Serial           : 
	Bus info         : 
	Media version    : 5.10.160
	Hardware revision: 0x00000000 (0)
	Driver version   : 5.10.160
Interface Info:
	ID               : 0x0300001f
	Type             : V4L Video
Entity Info:
	ID               : 0x0000001e (30)
	Name             : rkisp_rawrd0_m
	Function         : V4L2 I/O
	Pad 0x01000021   : 0: Source
  -- 支援的格式 --
ioctl: VIDIOC_ENUM_FMT
	Type: Video Capture Multiplanar

@@CAMDEV /dev/video36
Driver Info:
	Driver name      : rkisp_v6
	Card type        : rkisp_rawrd2_s
	Bus info         : platform:rkisp1-vir0
	Driver version   : 2.3.0
	Capabilities     : 0x84202000
		Video Output Multiplanar
		Streaming
		Extended Pix Format
		Device Capabilities
	Device Caps      : 0x04202000
		Video Output Multiplanar
		Streaming
		Extended Pix Format
Media Driver Info:
	Driver name      : rkisp1-vir0
	Model            : rkisp0
	Serial           : 
	Bus info         : 
	Media version    : 5.10.160
	Hardware revision: 0x00000000 (0)
	Driver version   : 5.10.160
Interface Info:
	ID               : 0x03000025
	Type             : V4L Video
Entity Info:
	ID               : 0x00000024 (36)
	Name             : rkisp_rawrd2_s
	Function         : V4L2 I/O
	Pad 0x01000027   : 0: Source
  -- 支援的格式 --
ioctl: VIDIOC_ENUM_FMT
	Type: Video Capture Multiplanar

@@CAMDEV /dev/video37
Driver Info:
	Driver name      : rkisp_v6
	Card type        : rkisp_rawrd1_l
	Bus info         : platform:rkisp1-vir0
	Driver version   : 2.3.0
	Capabilities     : 0x84202000
		Video Output Multiplanar
		Streaming
		Extended Pix Format
		Device Capabilities
	Device Caps      : 0x04202000
		Video Output Multiplanar
		Streaming
		Extended Pix Format
Media Driver Info:
	Driver name      : rkisp1-vir0
	Model            : rkisp0
	Serial           : 
	Bus info         : 
	Media version    : 5.10.160
	Hardware revision: 0x00000000 (0)
	Driver version   : 5.10.160
Interface Info:
	ID               : 0x0300002b
	Type             : V4L Video
Entity Info:
	ID               : 0x0000002a (42)
	Name             : rkisp_rawrd1_l
	Function         : V4L2 I/O
	Pad 0x0100002d   : 0: Source
  -- 支援的格式 --
ioctl: VIDIOC_ENUM_FMT
	Type: Video Capture Multiplanar

@@CAMDEV /dev/video38
Driver Info:
	Driver name      : rkisp_v6
	Card type        : rkisp-statistics
	Bus info         : platform: rkisp
	Driver version   : 2.3.0
	Capabilities     : 0x84a00000
		Metadata Capture
		Streaming
		Extended Pix Format
		Device Capabilities
	Device Caps      : 0x04a00000
		Metadata Capture
		Streaming
		Extended Pix Format
Media Driver Info:
	Driver name      : rkisp1-vir0
	Model            : rkisp0
	Serial           : 
	Bus info         : 
	Media version    : 5.10.160
	Hardware revision: 0x00000000 (0)
	Driver version   : 5.10.160
Interface Info:
	ID               : 0x03000032
	Type             : V4L Video
Entity Info:
	ID               : 0x00000030 (48)
	Name             : rkisp-statistics
	Function         : V4L2 I/O
	Pad 0x01000031   : 0: Sink
  -- 支援的格式 --
ioctl: VIDIOC_ENUM_FMT
	Type: Video Capture

@@CAMDEV /dev/video39
Driver Info:
	Driver name      : rkisp_v6
	Card type        : rkisp-input-params
	Bus info         : platform: rkisp
	Driver version   : 2.3.0
	Capabilities     : 0x8c200000
		Metadata Output
		Streaming
		Extended Pix Format
		Device Capabilities
	Device Caps      : 0x0c200000
		Metadata Output
		Streaming
		Extended Pix Format
Media Driver Info:
	Driver name      : rkisp1-vir0
	Model            : rkisp0
	Serial           : 
	Bus info         : 
	Media version    : 5.10.160
	Hardware revision: 0x00000000 (0)
	Driver version   : 5.10.160
Interface Info:
	ID               : 0x03000038
	Type             : V4L Video
Entity Info:
	ID               : 0x00000036 (54)
	Name             : rkisp-input-params
	Function         : V4L2 I/O
	Pad 0x01000037   : 0: Source
  -- 支援的格式 --
ioctl: VIDIOC_ENUM_FMT
	Type: Video Capture

@@CAMDEV /dev/video4
Driver Info:
	Driver name      : rkcif
	Card type        : rkcif
	Bus info         : platform:rkcif-mipi-lvds
	Driver version   : 5.10.160
	Capabilities     : 0x84201000
		Video Capture Multiplanar
		Streaming
		Extended Pix Format
		Device Capabilities
	Device Caps      : 0x04201000
		Video Capture Multiplanar
		Streaming
		Extended Pix Format
Media Driver Info:
	Driver name      : rkcif
	Model            : rkcif-mipi-lvds
	Serial           : 
	Bus info         : 
	Media version    : 5.10.160
	Hardware revision: 0x00000000 (0)
	Driver version   : 5.10.160
Interface Info:
	ID               : 0x03000013
	Type             : V4L Video
Entity Info:
	ID               : 0x00000011 (17)
	Name             : rkcif_scale_ch0
	Function         : V4L2 I/O
	Pad 0x01000012   : 0: Sink
  -- 支援的格式 --
ioctl: VIDIOC_ENUM_FMT
	Type: Video Capture Multiplanar

	[0]: 'RG16' (16-bit Bayer RGRG/GBGB)
		Size: Discrete 482x274
		Size: Discrete 240x136
		Size: Discrete 120x68
	[1]: 'GR16' (16-bit Bayer GRGR/BGBG)
		Size: Discrete 482x274
		Size: Discrete 240x136
		Size: Discrete 120x68
	[2]: 'GB16' (16-bit Bayer GBGB/RGRG)
		Size: Discrete 482x274
		Size: Discrete 240x136
		Size: Discrete 120x68
	[3]: 'BYR2' (16-bit Bayer BGBG/GRGR)
		Size: Discrete 482x274
		Size: Discrete 240x136
		Size: Discrete 120x68
@@CAMDEV /dev/video5
Driver Info:
	Driver name      : rkcif
	Card type        : rkcif
	Bus info         : platform:rkcif-mipi-lvds
	Driver version   : 5.10.160
	Capabilities     : 0x84201000
		Video Capture Multiplanar
		Streaming
		Extended Pix Format
		Device Capabilities
	Device Caps      : 0x04201000
		Video Capture Multiplanar
		Streaming
		Extended Pix Format
Media Driver Info:
	Driver name      : rkcif
	Model            : rkcif-mipi-lvds
	Serial           : 
	Bus info         : 
	Media version    : 5.10.160
	Hardware revision: 0x00000000 (0)
	Driver version   : 5.10.160
Interface Info:
	ID               : 0x03000017
	Type             : V4L Video
Entity Info:
	ID               : 0x00000015 (21)
	Name             : rkcif_scale_ch1
	Function         : V4L2 I/O
	Pad 0x01000016   : 0: Sink
  -- 支援的格式 --
ioctl: VIDIOC_ENUM_FMT
	Type: Video Capture Multiplanar

	[0]: 'RG16' (16-bit Bayer RGRG/GBGB)
		Size: Discrete 482x274
		Size: Discrete 240x136
		Size: Discrete 120x68
	[1]: 'GR16' (16-bit Bayer GRGR/BGBG)
		Size: Discrete 482x274
		Size: Discrete 240x136
		Size: Discrete 120x68
	[2]: 'GB16' (16-bit Bayer GBGB/RGRG)
		Size: Discrete 482x274
		Size: Discrete 240x136
		Size: Discrete 120x68
	[3]: 'BYR2' (16-bit Bayer BGBG/GRGR)
		Size: Discrete 482x274
		Size: Discrete 240x136
		Size: Discrete 120x68
@@CAMDEV /dev/video6
Driver Info:
	Driver name      : rkcif
	Card type        : rkcif
	Bus info         : platform:rkcif-mipi-lvds
	Driver version   : 5.10.160
	Capabilities     : 0x84201000
		Video Capture Multiplanar
		Streaming
		Extended Pix Format
		Device Capabilities
	Device Caps      : 0x04201000
		Video Capture Multiplanar
		Streaming
		Extended Pix Format
Media Driver Info:
	Driver name      : rkcif
	Model            : rkcif-mipi-lvds
	Serial           : 
	Bus info         : 
	Media version    : 5.10.160
	Hardware revision: 0x00000000 (0)
	Driver version   : 5.10.160
Interface Info:
	ID               : 0x0300001b
	Type             : V4L Video
Entity Info:
	ID               : 0x00000019 (25)
	Name             : rkcif_scale_ch2
	Function         : V4L2 I/O
	Pad 0x0100001a   : 0: Sink
  -- 支援的格式 --
ioctl: VIDIOC_ENUM_FMT
	Type: Video Capture Multiplanar

	[0]: 'RG16' (16-bit Bayer RGRG/GBGB)
		Size: Discrete 482x274
		Size: Discrete 240x136
		Size: Discrete 120x68
	[1]: 'GR16' (16-bit Bayer GRGR/BGBG)
		Size: Discrete 482x274
		Size: Discrete 240x136
		Size: Discrete 120x68
	[2]: 'GB16' (16-bit Bayer GBGB/RGRG)
		Size: Discrete 482x274
		Size: Discrete 240x136
		Size: Discrete 120x68
	[3]: 'BYR2' (16-bit Bayer BGBG/GRGR)
		Size: Discrete 482x274
		Size: Discrete 240x136
		Size: Discrete 120x68
@@CAMDEV /dev/video7
Driver Info:
	Driver name      : rkcif
	Card type        : rkcif
	Bus info         : platform:rkcif-mipi-lvds
	Driver version   : 5.10.160
	Capabilities     : 0x84201000
		Video Capture Multiplanar
		Streaming
		Extended Pix Format
		Device Capabilities
	Device Caps      : 0x04201000
		Video Capture Multiplanar
		Streaming
		Extended Pix Format
Media Driver Info:
	Driver name      : rkcif
	Model            : rkcif-mipi-lvds
	Serial           : 
	Bus info         : 
	Media version    : 5.10.160
	Hardware revision: 0x00000000 (0)
	Driver version   : 5.10.160
Interface Info:
	ID               : 0x0300001f
	Type             : V4L Video
Entity Info:
	ID               : 0x0000001d (29)
	Name             : rkcif_scale_ch3
	Function         : V4L2 I/O
	Pad 0x0100001e   : 0: Sink
  -- 支援的格式 --
ioctl: VIDIOC_ENUM_FMT
	Type: Video Capture Multiplanar

	[0]: 'RG16' (16-bit Bayer RGRG/GBGB)
		Size: Discrete 482x274
		Size: Discrete 240x136
		Size: Discrete 120x68
	[1]: 'GR16' (16-bit Bayer GRGR/BGBG)
		Size: Discrete 482x274
		Size: Discrete 240x136
		Size: Discrete 120x68
	[2]: 'GB16' (16-bit Bayer GBGB/RGRG)
		Size: Discrete 482x274
		Size: Discrete 240x136
		Size: Discrete 120x68
	[3]: 'BYR2' (16-bit Bayer BGBG/GRGR)
		Size: Discrete 482x274
		Size: Discrete 240x136
		Size: Discrete 120x68
@@CAMDEV /dev/video8
Driver Info:
	Driver name      : rkcif
	Card type        : rkcif
	Bus info         : platform:rkcif-mipi-lvds
	Driver version   : 5.10.160
	Capabilities     : 0x84201000
		Video Capture Multiplanar
		Streaming
		Extended Pix Format
		Device Capabilities
	Device Caps      : 0x04201000
		Video Capture Multiplanar
		Streaming
		Extended Pix Format
Media Driver Info:
	Driver name      : rkcif
	Model            : rkcif-mipi-lvds
	Serial           : 
	Bus info         : 
	Media version    : 5.10.160
	Hardware revision: 0x00000000 (0)
	Driver version   : 5.10.160
Interface Info:
	ID               : 0x03000023
	Type             : V4L Video
Entity Info:
	ID               : 0x00000021 (33)
	Name             : rkcif_tools_id0
	Function         : V4L2 I/O
	Pad 0x01000022   : 0: Sink
  -- 支援的格式 --
ioctl: VIDIOC_ENUM_FMT
	Type: Video Capture Multiplanar

	[0]: 'RGGB' (8-bit Bayer RGRG/GBGB)
		Size: Discrete 3864x2192
		Size: Discrete 3864x2192
		Size: Discrete 3864x2192
		Size: Discrete 3864x2192
		Size: Discrete 3864x2192
		Size: Discrete 3864x2192
		Size: Discrete 3864x2192
		Size: Discrete 3864x2192
		Size: Discrete 3864x2192
		Size: Discrete 3864x2192
		Size: Discrete 3864x2192
		Size: Discrete 3864x2192
	[1]: 'GRBG' (8-bit Bayer GRGR/BGBG)
		Size: Discrete 3864x2192
		Size: Discrete 3864x2192
		Size: Discrete 3864x2192
		Size: Discrete 3864x2192
		Size: Discrete 3864x2192
		Size: Discrete 3864x2192
		Size: Discrete 3864x2192
		Size: Discrete 3864x2192
		Size: Discrete 3864x2192
		Size: Discrete 3864x2192
		Size: Discrete 3864x2192
		Size: Discrete 3864x2192
	[2]: 'GBRG' (8-bit Bayer GBGB/RGRG)
		Size: Discrete 3864x2192
		Size: Discrete 3864x2192
		Size: Discrete 3864x2192
		Size: Discrete 3864x2192
		Size: Discrete 3864x2192
		Size: Discrete 3864x2192
		Size: Discrete 3864x2192
		Size: Discrete 3864x2192
		Size: Discrete 3864x2192
		Size: Discrete 3864x2192
		Size: Discrete 3864x2192
		Size: Discrete 3864x2192
	[3]: 'BA81' (8-bit Bayer BGBG/GRGR)
		Size: Discrete 3864x2192
		Size: Discrete 3864x2192
		Size: Discrete 3864x2192
		Size: Discrete 3864x2192
		Size: Discrete 3864x2192
		Size: Discrete 3864x2192
		Size: Discrete 3864x2192
		Size: Discrete 3864x2192
		Size: Discrete 3864x2192
		Size: Discrete 3864x2192
		Size: Discrete 3864x2192
		Size: Discrete 3864x2192
	[4]: 'RG10' (10-bit Bayer RGRG/GBGB)
		Size: Discrete 3864x2192
		Size: Discrete 3864x2192
		Size: Discrete 3864x2192
		Size: Discrete 3864x2192
@@CAMDEV /dev/video9
Driver Info:
	Driver name      : rkcif
	Card type        : rkcif
	Bus info         : platform:rkcif-mipi-lvds
	Driver version   : 5.10.160
	Capabilities     : 0x84201000
		Video Capture Multiplanar
		Streaming
		Extended Pix Format
		Device Capabilities
	Device Caps      : 0x04201000
		Video Capture Multiplanar
		Streaming
		Extended Pix Format
Media Driver Info:
	Driver name      : rkcif
	Model            : rkcif-mipi-lvds
	Serial           : 
	Bus info         : 
	Media version    : 5.10.160
	Hardware revision: 0x00000000 (0)
	Driver version   : 5.10.160
Interface Info:
	ID               : 0x03000027
	Type             : V4L Video
Entity Info:
	ID               : 0x00000025 (37)
	Name             : rkcif_tools_id1
	Function         : V4L2 I/O
	Pad 0x01000026   : 0: Sink
  -- 支援的格式 --
ioctl: VIDIOC_ENUM_FMT
	Type: Video Capture Multiplanar

	[0]: 'RGGB' (8-bit Bayer RGRG/GBGB)
		Size: Discrete 3864x2192
		Size: Discrete 3864x2192
		Size: Discrete 3864x2192
		Size: Discrete 3864x2192
		Size: Discrete 3864x2192
		Size: Discrete 3864x2192
		Size: Discrete 3864x2192
		Size: Discrete 3864x2192
		Size: Discrete 3864x2192
		Size: Discrete 3864x2192
		Size: Discrete 3864x2192
		Size: Discrete 3864x2192
	[1]: 'GRBG' (8-bit Bayer GRGR/BGBG)
		Size: Discrete 3864x2192
		Size: Discrete 3864x2192
		Size: Discrete 3864x2192
		Size: Discrete 3864x2192
		Size: Discrete 3864x2192
		Size: Discrete 3864x2192
		Size: Discrete 3864x2192
		Size: Discrete 3864x2192
		Size: Discrete 3864x2192
		Size: Discrete 3864x2192
		Size: Discrete 3864x2192
		Size: Discrete 3864x2192
	[2]: 'GBRG' (8-bit Bayer GBGB/RGRG)
		Size: Discrete 3864x2192
		Size: Discrete 3864x2192
		Size: Discrete 3864x2192
		Size: Discrete 3864x2192
		Size: Discrete 3864x2192
		Size: Discrete 3864x2192
		Size: Discrete 3864x2192
		Size: Discrete 3864x2192
		Size: Discrete 3864x2192
		Size: Discrete 3864x2192
		Size: Discrete 3864x2192
		Size: Discrete 3864x2192
	[3]: 'BA81' (8-bit Bayer BGBG/GRGR)
		Size: Discrete 3864x2192
		Size: Discrete 3864x2192
		Size: Discrete 3864x2192
		Size: Discrete 3864x2192
		Size: Discrete 3864x2192
		Size: Discrete 3864x2192
		Size: Discrete 3864x2192
		Size: Discrete 3864x2192
		Size: Discrete 3864x2192
		Size: Discrete 3864x2192
		Size: Discrete 3864x2192
		Size: Discrete 3864x2192
	[4]: 'RG10' (10-bit Bayer RGRG/GBGB)
		Size: Discrete 3864x2192
		Size: Discrete 3864x2192
		Size: Discrete 3864x2192
		Size: Discrete 3864x2192
@@CAMDEV /dev/video-dec0
Unable to detect what device /dev/video-dec0 is, exiting.
  -- 支援的格式 --
Unable to detect what device /dev/video-dec0 is, exiting.
@@CAMDEV /dev/video-enc0
Unable to detect what device /dev/video-enc0 is, exiting.
  -- 支援的格式 --
Unable to detect what device /dev/video-enc0 is, exiting.
-- RTSP 伺服器（mediamtx）--
LISTEN 0      0                  *:8554             *:*          
LISTEN 0      0                  *:1935             *:*          
@@FILE /opt/runtime/bin/mediamtx.yml
logLevel: info
logDestinations: [stdout]
logFile: mediamtx.log
readTimeout: 10s
writeTimeout: 10s
writeQueueSize: 512
udpMaxPayloadSize: 1472
runOnConnect:
runOnConnectRestart: no
runOnDisconnect:
authMethod: internal
authInternalUsers:
- user: any
  pass:
  ips: []
  permissions:
  - action: publish
    path:
  - action: read
    path:
  - action: playback
    path:
- user: any
  pass:
  ips: ['127.0.0.1', '::1']
  permissions:
  - action: api
  - action: metrics
  - action: pprof
authHTTPAddress:
authHTTPExclude:
- action: api
- action: metrics
- action: pprof
authJWTJWKS:
authJWTClaimKey: mediamtx_permissions
api: no
apiAddress: :9997
apiEncryption: no
apiServerKey: server.key
apiServerCert: server.crt
apiAllowOrigin: '*'
apiTrustedProxies: []
metrics: no
metricsAddress: :9998
metricsEncryption: no
metricsServerKey: server.key
metricsServerCert: server.crt
metricsAllowOrigin: '*'
metricsTrustedProxies: []
pprof: no
pprofAddress: :9999
pprofEncryption: no
pprofServerKey: server.key
pprofServerCert: server.crt
pprofAllowOrigin: '*'
pprofTrustedProxies: []
playback: no
playbackAddress: :9996
playbackEncryption: no
playbackServerKey: server.key
playbackServerCert: server.crt
playbackAllowOrigin: '*'
playbackTrustedProxies: []
rtsp: yes
rtspTransports: [udp, multicast, tcp]
rtspEncryption: "no"
rtspAddress: :8554
rtspsAddress: :8322
rtpAddress: :8000
rtcpAddress: :8001
multicastIPRange: 224.1.0.0/16
multicastRTPPort: 8002
multicastRTCPPort: 8003
rtspServerKey: server.key
rtspServerCert: server.crt
rtspAuthMethods: [basic]
rtmp: yes
rtmpAddress: :1935
rtmpEncryption: "no"

======== ★ 7.1／7.2／7.4　感測驅動設定檔 ========
(找不到感測驅動設定檔 —— 換條路：看 /opt/robot/install/*/share/*/config)
/opt/robot/install/robot_camera/share/robot_camera/config
/opt/robot/install/robot_control_server/share/robot_control_server/config
/opt/robot/install/robot_diagnostic_analyzer/share/robot_diagnostic_analyzer/config
/opt/robot/install/robot_hal/share/robot_hal/config
/opt/robot/install/robot_monitor/share/robot_monitor/config
/opt/robot/install/robot_remote/share/robot_remote/config
/opt/robot/install/robot_roamerx/share/robot_roamerx/config
-- 光達設定的關鍵欄位（挑出來標記，方便產表）--

======== ROS2 環境（第一趟就是死在這一段） ========
-- /opt/runtime/env.bash --
export PATH=$PATH:/opt/runtime/bin
export LD_LIBRARY_PATH=$LD_LIBRARY_PATH:/opt/runtime/lib

source /opt/ros/humble/setup.bash
source /opt/robot/install/setup.bash
source /usr/share/colcon_cd/function/colcon_cd.sh
source /usr/share/colcon_argcomplete/hook/colcon-argcomplete.bash
export ROS_DOMAIN_ID=66
export ROS_LOCALHOST_ONLY=0
export LC_NUMERIC="en_US.UTF-8"
export _colcon_cd_root=/opt/ros/humble/
export RMW_IMPLEMENTATION=rmw_zenoh_cpp #rmw_fastrtps_cpp
export RCUTILS_COLORIZED_OUTPUT=1
export RCUTILS_LOGGING_USE_STDOUT=1
export RCUTILS_LOGGING_BUFFERED_STREAM=1
export RCUTILS_CONSOLE_OUTPUT_FORMAT="[{date_time_with_ms}] [{severity}] [{name}]: {message}"
export ROBOT_LOG_DIR=/home/robot
export MILE_PATH=/userdata/robot
# export ROBOT_API_HOST=0.0.0.0
ROS_DOMAIN_ID=66  RMW=rmw_zenoh_cpp
ros2: /opt/ros/humble/bin/ros2
@@KV ros_domain_id=66

======== ★★★ ROS2 topic 全表 ========
/arc/charging_dock_info
/battery_controller/battery1
/battery_controller/battery2
/battery_controller/battery_all
/battery_controller/transition_event
/cmd_vel
/control_right/test
/diagnostics
/diagnostics_agg
/diagnostics_toplevel_state
/estop_controller/hw_estop/state
/estop_controller/sw_estop/state
/fill_light_controller/auto_work
/fill_light_controller/auto_work_state
/fill_light_controller/back_light/cmd
/fill_light_controller/back_light/state
/fill_light_controller/front_light/cmd
/fill_light_controller/front_light/state
/fill_light_controller/lux
/fill_light_controller/transition_event
/front_camera/image_compressed
/imu_shm_publisher/imu_central
/imu_shm_publisher/transition_event
/joint_shm_controller/joint_cmd_echo
/joint_shm_controller/joint_sensor
/joint_shm_controller/joint_states
/joint_shm_controller/transition_event
/led_controller/auto_work
/led_controller/auto_work_state
/led_controller/led_cmd
/led_controller/transition_event
/parameter_events
/rear_camera/image_compressed
/robot_camera/record_mp4
/robot_camera/record_mp4_ack
/robot_camera/record_mp4_status
/robot_camera/take_photo
/robot_camera/take_photo_ack
/robot_hal/transition_event
/robot_manager/robot_status
/robot_monitor/diagnostic_status
/robot_monitor/power_on_status
/robot_remote/knee_mode
/robot_remote/locked_state
/robot_remote/obstacle_avoidance
/robot_remote/reverse_head_tail
/robot_remote/transition_event
/robot_roamerx/alg_dtc
/robot_roamerx/alg_status
/robot_roamerx/is_in_nav_control
/robot_roamerx/transition_event
/rosout
/switch_controller/hw_estop/state
/switch_controller/transition_event
/tf/tf_ack
/tf/tf_req
@@KV topic_count=56

======== ROS2 node 全表 ========
/battery_controller
/bridge_image_topics_66
/ComponentManager
/controller_manager
/fill_light_controller
/imu_shm_publisher
/joint_shm_controller
/launch_ros_2116
/led_controller
/robot_camera
/robot_diagnostic_analyzer
/robot_diagnostic_manager
/robot_hal
/robot_manager
/robot_monitor
/robot_remote
/robot_roamerx
/robot_self_test_manager
/switch_controller
/zsi_actuator_driver
/zsi_imu_driver

======== ★★★ 7.1／7.2／7.4　感測 topic 的型別、QoS、發布者、實測頻率 ========
---------------- /battery_controller/battery1 ----------------
@@TOPIC /battery_controller/battery1|sensor_msgs/msg/BatteryState|1.000|1
-- topic info -v（含 QoS）--
Type: sensor_msgs/msg/BatteryState

Publisher count: 1

Node name: battery_controller
Node namespace: /
Topic type: sensor_msgs/msg/BatteryState
Endpoint type: PUBLISHER
GID: 1d.1f.95.a8.e1.70.77.41.d4.9d.fd.f7.8a.1b.6b.df.00.00.00.00.00.00.00.00
QoS profile:
  Reliability: RELIABLE
  History (Depth): KEEP_LAST (10)
  Durability: VOLATILE
  Lifespan: Infinite
  Deadline: Infinite
  Liveliness: AUTOMATIC
  Liveliness lease duration: Infinite

Subscription count: 3

Node name: robot_remote
Node namespace: /
Topic type: sensor_msgs/msg/BatteryState
Endpoint type: SUBSCRIPTION
GID: b6.55.ab.6b.d7.c9.11.b9.4e.2f.32.0c.b3.5f.56.7a.00.00.00.00.00.00.00.00
QoS profile:
  Reliability: RELIABLE
  History (Depth): KEEP_LAST (42)
  Durability: VOLATILE
  Lifespan: Infinite
  Deadline: Infinite
  Liveliness: AUTOMATIC
  Liveliness lease duration: Infinite

Node name: robot_roamerx
Node namespace: /
Topic type: sensor_msgs/msg/BatteryState
Endpoint type: SUBSCRIPTION
GID: 62.fe.85.5d.8d.be.f8.66.d2.7f.42.0e.7a.cc.b6.59.00.00.00.00.00.00.00.00
QoS profile:
  Reliability: RELIABLE
  History (Depth): KEEP_LAST (42)
  Durability: VOLATILE
  Lifespan: Infinite
  Deadline: Infinite
  Liveliness: AUTOMATIC
  Liveliness lease duration: Infinite

Node name: led_controller
Node namespace: /
Topic type: sensor_msgs/msg/BatteryState
Endpoint type: SUBSCRIPTION
GID: ff.98.9c.a3.f0.49.2b.a5.87.d6.fb.6a.27.5c.d6.07.00.00.00.00.00.00.00.00
QoS profile:
  Reliability: RELIABLE
  History (Depth): KEEP_LAST (42)
  Durability: VOLATILE
  Lifespan: Infinite
  Deadline: Infinite
  Liveliness: AUTOMATIC
  Liveliness lease duration: Infinite
-- 一筆內容（陣列截斷 120）--
header:
  stamp:
    sec: 1790041785
    nanosec: 208150641
  frame_id: ''
voltage: 54.24800109863281
temperature: 24.0
current: -1.0360000133514404
charge: 0.25999999046325684
capacity: 3270.0
design_capacity: 222.0
percentage: 52.0
power_supply_status: 2
power_supply_health: 0
power_supply_technology: 0
present: true
cell_voltage: []
cell_temperature: []
location: ''
serial_number: ''
---

---------------- /battery_controller/battery2 ----------------
@@TOPIC /battery_controller/battery2|sensor_msgs/msg/BatteryState|1.000|1
-- topic info -v（含 QoS）--
Type: sensor_msgs/msg/BatteryState

Publisher count: 1

Node name: battery_controller
Node namespace: /
Topic type: sensor_msgs/msg/BatteryState
Endpoint type: PUBLISHER
GID: a0.c7.b9.1a.a1.ee.42.d2.3d.8e.90.cd.8f.22.f8.08.00.00.00.00.00.00.00.00
QoS profile:
  Reliability: RELIABLE
  History (Depth): KEEP_LAST (10)
  Durability: VOLATILE
  Lifespan: Infinite
  Deadline: Infinite
  Liveliness: AUTOMATIC
  Liveliness lease duration: Infinite

Subscription count: 3

Node name: robot_remote
Node namespace: /
Topic type: sensor_msgs/msg/BatteryState
Endpoint type: SUBSCRIPTION
GID: 21.13.61.e0.49.32.91.8a.9b.a0.f6.a9.2b.b6.23.86.00.00.00.00.00.00.00.00
QoS profile:
  Reliability: RELIABLE
  History (Depth): KEEP_LAST (42)
  Durability: VOLATILE
  Lifespan: Infinite
  Deadline: Infinite
  Liveliness: AUTOMATIC
  Liveliness lease duration: Infinite

Node name: robot_roamerx
Node namespace: /
Topic type: sensor_msgs/msg/BatteryState
Endpoint type: SUBSCRIPTION
GID: dc.15.33.46.2f.42.b3.3b.69.cc.6d.92.31.23.72.88.00.00.00.00.00.00.00.00
QoS profile:
  Reliability: RELIABLE
  History (Depth): KEEP_LAST (42)
  Durability: VOLATILE
  Lifespan: Infinite
  Deadline: Infinite
  Liveliness: AUTOMATIC
  Liveliness lease duration: Infinite

Node name: led_controller
Node namespace: /
Topic type: sensor_msgs/msg/BatteryState
Endpoint type: SUBSCRIPTION
GID: f6.c6.b6.3a.6e.f1.d0.fb.ab.89.68.f2.31.c2.15.66.00.00.00.00.00.00.00.00
QoS profile:
  Reliability: RELIABLE
  History (Depth): KEEP_LAST (42)
  Durability: VOLATILE
  Lifespan: Infinite
  Deadline: Infinite
  Liveliness: AUTOMATIC
  Liveliness lease duration: Infinite
-- 一筆內容（陣列截斷 120）--
header:
  stamp:
    sec: 1790041799
    nanosec: 208068750
  frame_id: ''
voltage: 54.24300003051758
temperature: 0.0
current: -0.6200000047683716
charge: 2.2799999713897705
capacity: 3084.0
design_capacity: 222.0
percentage: 45.0
power_supply_status: 2
power_supply_health: 0
power_supply_technology: 0
present: true
cell_voltage: []
cell_temperature: []
location: ''
serial_number: ''
---

---------------- /battery_controller/battery_all ----------------
@@TOPIC /battery_controller/battery_all|sensor_msgs/msg/BatteryState|1.000|1
-- topic info -v（含 QoS）--
Type: sensor_msgs/msg/BatteryState

Publisher count: 1

Node name: battery_controller
Node namespace: /
Topic type: sensor_msgs/msg/BatteryState
Endpoint type: PUBLISHER
GID: 19.41.b5.4b.bc.5f.75.d4.0b.f7.48.50.4e.e3.b1.44.00.00.00.00.00.00.00.00
QoS profile:
  Reliability: RELIABLE
  History (Depth): KEEP_LAST (10)
  Durability: VOLATILE
  Lifespan: Infinite
  Deadline: Infinite
  Liveliness: AUTOMATIC
  Liveliness lease duration: Infinite

Subscription count: 1

Node name: led_controller
Node namespace: /
Topic type: sensor_msgs/msg/BatteryState
Endpoint type: SUBSCRIPTION
GID: d9.f4.b5.8d.10.7b.c5.81.2f.2c.35.da.c8.f5.5e.06.00.00.00.00.00.00.00.00
QoS profile:
  Reliability: RELIABLE
  History (Depth): KEEP_LAST (42)
  Durability: VOLATILE
  Lifespan: Infinite
  Deadline: Infinite
  Liveliness: AUTOMATIC
  Liveliness lease duration: Infinite
-- 一筆內容（陣列截斷 120）--
header:
  stamp:
    sec: 1790041814
    nanosec: 208164574
  frame_id: ''
voltage: 0.0
temperature: 0.0
current: 0.0
charge: 0.0
capacity: 0.0
design_capacity: 0.0
percentage: 48.5
power_supply_status: 2
power_supply_health: 0
power_supply_technology: 0
present: false
cell_voltage: []
cell_temperature: []
location: ''
serial_number: ''
---

---------------- /battery_controller/transition_event ----------------
@@TOPIC /battery_controller/transition_event|lifecycle_msgs/msg/TransitionEvent|未取到|1
-- topic info -v（含 QoS）--
Type: lifecycle_msgs/msg/TransitionEvent

Publisher count: 1

Node name: battery_controller
Node namespace: /
Topic type: lifecycle_msgs/msg/TransitionEvent
Endpoint type: PUBLISHER
GID: f0.03.5c.3a.41.31.7d.62.66.bb.46.17.d0.be.47.ff.00.00.00.00.00.00.00.00
QoS profile:
  Reliability: RELIABLE
  History (Depth): KEEP_LAST (10)
  Durability: VOLATILE
  Lifespan: Infinite
  Deadline: Infinite
  Liveliness: AUTOMATIC
  Liveliness lease duration: Infinite

Subscription count: 0
-- 一筆內容（陣列截斷 120）--
!rclpy.ok()

---------------- /front_camera/image_compressed ----------------
@@TOPIC /front_camera/image_compressed|sensor_msgs/msg/CompressedImage|9.785|1
-- topic info -v（含 QoS）--
Type: sensor_msgs/msg/CompressedImage

Publisher count: 1

Node name: robot_camera
Node namespace: /
Topic type: sensor_msgs/msg/CompressedImage
Endpoint type: PUBLISHER
GID: 57.9f.71.77.dd.42.13.3f.74.58.da.12.de.21.1c.b7.00.00.00.00.00.00.00.00
QoS profile:
  Reliability: RELIABLE
  History (Depth): KEEP_LAST (10)
  Durability: VOLATILE
  Lifespan: Infinite
  Deadline: Infinite
  Liveliness: AUTOMATIC
  Liveliness lease duration: Infinite

Subscription count: 1

Node name: bridge_image_topics_66
Node namespace: /
Topic type: sensor_msgs/msg/CompressedImage
Endpoint type: SUBSCRIPTION
GID: c8.83.ba.41.63.fc.8a.a6.16.83.7d.10.1d.6d.2b.b7.00.00.00.00.00.00.00.00
QoS profile:
  Reliability: BEST_EFFORT
  History (Depth): KEEP_LAST (10)
  Durability: VOLATILE
  Lifespan: Infinite
  Deadline: Infinite
  Liveliness: AUTOMATIC
  Liveliness lease duration: Infinite
-- 一筆內容（陣列截斷 120）--
header:
  stamp:
    sec: 1790041864
    nanosec: 352719438
  frame_id: camera_front
format: jpeg
data:
- 255
- 216
- 255
- 224
- 0
- 16
- 74
- 70
- 73
- 70
- 0
- 1
- 1
- 0
- 0
- 1
- 0
- 1
- 0
- 0
- 255
- 219
- 0
- 67
- 0
- 5
- 3
- 4
- 4
- 4
- 3
- 5
- 4
- 4
- 4
- 5
- 5
- 5
- 6
- 7
- 12
- 8
- 7
- 7
- 7
- 7
- 15
- 11
- 11
- 9
- 12
- 17
- 15
- 18
- 18
- 17
- 15
- 17
- 17
- 19
- 22
- 28
- 23
- 19
- 20
- 26
- 21
- 17
- 17
- 24
- 33
- 24
- 26
- 29
- 29
- 31
- 31
- 31
- 19
- 23
- 34
- 36
- 34
- 30
- 36
- 28
- 30
- 31
- 30
- 255
- 219
- 0
- 67
- 1
- 5
- 5
- 5
- 7
- 6
- 7
- 14
- 8
- 8
- 14
- 30
- 20
- 17
- 20
- 30
- 30
- 30
- 30
- 30
- 30
- 30
- 30
- 30
- 30
- 30
- 30
- '...'
---

---------------- /imu_shm_publisher/imu_central ----------------
@@TOPIC /imu_shm_publisher/imu_central|sensor_msgs/msg/Imu|199.994|1
-- topic info -v（含 QoS）--
Type: sensor_msgs/msg/Imu

Publisher count: 1

Node name: imu_shm_publisher
Node namespace: /
Topic type: sensor_msgs/msg/Imu
Endpoint type: PUBLISHER
GID: b6.39.41.bb.ad.f0.4a.7e.d8.1a.31.95.e6.c9.c3.d4.00.00.00.00.00.00.00.00
QoS profile:
  Reliability: RELIABLE
  History (Depth): KEEP_LAST (10)
  Durability: VOLATILE
  Lifespan: Infinite
  Deadline: Infinite
  Liveliness: AUTOMATIC
  Liveliness lease duration: Infinite

Subscription count: 2

Node name: robot_remote
Node namespace: /
Topic type: sensor_msgs/msg/Imu
Endpoint type: SUBSCRIPTION
GID: bc.61.ff.f8.92.82.24.0a.52.ea.93.42.b1.7b.08.23.00.00.00.00.00.00.00.00
QoS profile:
  Reliability: RELIABLE
  History (Depth): KEEP_LAST (42)
  Durability: VOLATILE
  Lifespan: Infinite
  Deadline: Infinite
  Liveliness: AUTOMATIC
  Liveliness lease duration: Infinite

Node name: robot_roamerx
Node namespace: /
Topic type: sensor_msgs/msg/Imu
Endpoint type: SUBSCRIPTION
GID: 55.9a.a4.30.04.cf.d2.f3.4c.a6.a1.e9.81.db.19.ab.00.00.00.00.00.00.00.00
QoS profile:
  Reliability: RELIABLE
  History (Depth): KEEP_LAST (42)
  Durability: VOLATILE
  Lifespan: Infinite
  Deadline: Infinite
  Liveliness: AUTOMATIC
  Liveliness lease duration: Infinite
-- 一筆內容（陣列截斷 120）--
header:
  stamp:
    sec: 1790041874
    nanosec: 587051977
  frame_id: imu_sensor_frame
orientation:
  x: -0.0030974876135587692
  y: -0.016761204227805138
  z: -0.15686222910881042
  w: 0.9874733686447144
orientation_covariance:
- 0.0
- 0.0
- 0.0
- 0.0
- 0.0
- 0.0
- 0.0
- 0.0
- 0.0
angular_velocity:
  x: 0.004765767604112625
  y: -0.011880597099661827
  z: -0.0023936873767524958
angular_velocity_covariance:
- 0.0
- 0.0
- 0.0
- 0.0
- 0.0
- 0.0
- 0.0
- 0.0
- 0.0
linear_acceleration:
  x: 0.1080351248383522
  y: -0.08570028841495514
  z: 9.852653503417969
linear_acceleration_covariance:
- 0.0
- 0.0
- 0.0
- 0.0
- 0.0
- 0.0
- 0.0
- 0.0
- 0.0
---

---------------- /imu_shm_publisher/transition_event ----------------
@@TOPIC /imu_shm_publisher/transition_event|lifecycle_msgs/msg/TransitionEvent|未取到|1
-- topic info -v（含 QoS）--
Type: lifecycle_msgs/msg/TransitionEvent

Publisher count: 1

Node name: imu_shm_publisher
Node namespace: /
Topic type: lifecycle_msgs/msg/TransitionEvent
Endpoint type: PUBLISHER
GID: 16.00.50.dd.70.c4.79.b3.1c.47.41.34.55.48.e7.0a.00.00.00.00.00.00.00.00
QoS profile:
  Reliability: RELIABLE
  History (Depth): KEEP_LAST (10)
  Durability: VOLATILE
  Lifespan: Infinite
  Deadline: Infinite
  Liveliness: AUTOMATIC
  Liveliness lease duration: Infinite

Subscription count: 0
-- 一筆內容（陣列截斷 120）--
!rclpy.ok()

---------------- /rear_camera/image_compressed ----------------
@@TOPIC /rear_camera/image_compressed|sensor_msgs/msg/CompressedImage|10.003|1
-- topic info -v（含 QoS）--
Type: sensor_msgs/msg/CompressedImage

Publisher count: 1

Node name: robot_camera
Node namespace: /
Topic type: sensor_msgs/msg/CompressedImage
Endpoint type: PUBLISHER
GID: 77.5b.5e.47.e7.ef.2a.84.46.89.3b.ab.bb.e4.89.5c.00.00.00.00.00.00.00.00
QoS profile:
  Reliability: RELIABLE
  History (Depth): KEEP_LAST (10)
  Durability: VOLATILE
  Lifespan: Infinite
  Deadline: Infinite
  Liveliness: AUTOMATIC
  Liveliness lease duration: Infinite

Subscription count: 1

Node name: bridge_image_topics_66
Node namespace: /
Topic type: sensor_msgs/msg/CompressedImage
Endpoint type: SUBSCRIPTION
GID: 14.84.28.72.7e.ac.b8.8e.ed.87.de.11.0e.39.b9.7b.00.00.00.00.00.00.00.00
QoS profile:
  Reliability: BEST_EFFORT
  History (Depth): KEEP_LAST (10)
  Durability: VOLATILE
  Lifespan: Infinite
  Deadline: Infinite
  Liveliness: AUTOMATIC
  Liveliness lease duration: Infinite
-- 一筆內容（陣列截斷 120）--
header:
  stamp:
    sec: 1790041925
    nanosec: 580806053
  frame_id: camera_back
format: jpeg
data:
- 255
- 216
- 255
- 224
- 0
- 16
- 74
- 70
- 73
- 70
- 0
- 1
- 1
- 0
- 0
- 1
- 0
- 1
- 0
- 0
- 255
- 219
- 0
- 67
- 0
- 5
- 3
- 4
- 4
- 4
- 3
- 5
- 4
- 4
- 4
- 5
- 5
- 5
- 6
- 7
- 12
- 8
- 7
- 7
- 7
- 7
- 15
- 11
- 11
- 9
- 12
- 17
- 15
- 18
- 18
- 17
- 15
- 17
- 17
- 19
- 22
- 28
- 23
- 19
- 20
- 26
- 21
- 17
- 17
- 24
- 33
- 24
- 26
- 29
- 29
- 31
- 31
- 31
- 19
- 23
- 34
- 36
- 34
- 30
- 36
- 28
- 30
- 31
- 30
- 255
- 219
- 0
- 67
- 1
- 5
- 5
- 5
- 7
- 6
- 7
- 14
- 8
- 8
- 14
- 30
- 20
- 17
- 20
- 30
- 30
- 30
- 30
- 30
- 30
- 30
- 30
- 30
- 30
- 30
- 30
- '...'
---

---------------- /robot_camera/record_mp4 ----------------
@@TOPIC /robot_camera/record_mp4|robot_common_interface/msg/RecordMp4Request|未取到|1
-- topic info -v（含 QoS）--
Type: robot_common_interface/msg/RecordMp4Request

Publisher count: 1

Node name: robot_remote
Node namespace: /
Topic type: robot_common_interface/msg/RecordMp4Request
Endpoint type: PUBLISHER
GID: d1.90.1c.3c.a0.0d.f6.5e.80.de.5f.ae.57.d4.3d.12.00.00.00.00.00.00.00.00
QoS profile:
  Reliability: RELIABLE
  History (Depth): KEEP_LAST (1)
  Durability: TRANSIENT_LOCAL
  Lifespan: Infinite
  Deadline: Infinite
  Liveliness: AUTOMATIC
  Liveliness lease duration: Infinite

Subscription count: 1

Node name: robot_camera
Node namespace: /
Topic type: robot_common_interface/msg/RecordMp4Request
Endpoint type: SUBSCRIPTION
GID: df.fd.f8.ca.bc.59.02.de.f9.e9.0a.5e.aa.31.d7.21.00.00.00.00.00.00.00.00
QoS profile:
  Reliability: RELIABLE
  History (Depth): KEEP_LAST (10)
  Durability: VOLATILE
  Lifespan: Infinite
  Deadline: Infinite
  Liveliness: AUTOMATIC
  Liveliness lease duration: Infinite
-- 一筆內容（陣列截斷 120）--
!rclpy.ok()

---------------- /robot_camera/record_mp4_ack ----------------
@@TOPIC /robot_camera/record_mp4_ack|robot_common_interface/msg/RecordMp4Ack|未取到|2
-- topic info -v（含 QoS）--
Type: robot_common_interface/msg/RecordMp4Ack

Publisher count: 2

Node name: robot_camera
Node namespace: /
Topic type: robot_common_interface/msg/RecordMp4Ack
Endpoint type: PUBLISHER
GID: 83.b6.aa.51.20.a1.cd.37.48.93.9d.2b.64.11.08.be.00.00.00.00.00.00.00.00
QoS profile:
  Reliability: RELIABLE
  History (Depth): KEEP_LAST (10)
  Durability: VOLATILE
  Lifespan: Infinite
  Deadline: Infinite
  Liveliness: AUTOMATIC
  Liveliness lease duration: Infinite

Node name: robot_camera
Node namespace: /
Topic type: robot_common_interface/msg/RecordMp4Ack
Endpoint type: PUBLISHER
GID: 51.ea.bf.11.1b.f9.52.88.62.4a.fc.58.79.03.42.57.00.00.00.00.00.00.00.00
QoS profile:
  Reliability: RELIABLE
  History (Depth): KEEP_LAST (10)
  Durability: VOLATILE
  Lifespan: Infinite
  Deadline: Infinite
  Liveliness: AUTOMATIC
  Liveliness lease duration: Infinite

Subscription count: 1

Node name: robot_remote
Node namespace: /
Topic type: robot_common_interface/msg/RecordMp4Ack
Endpoint type: SUBSCRIPTION
GID: c7.52.a3.fe.0a.9f.86.1a.a5.0f.48.25.9a.df.06.c2.00.00.00.00.00.00.00.00
QoS profile:
  Reliability: RELIABLE
  History (Depth): KEEP_LAST (1)
  Durability: TRANSIENT_LOCAL
  Lifespan: Infinite
  Deadline: Infinite
  Liveliness: AUTOMATIC
  Liveliness lease duration: Infinite
-- 一筆內容（陣列截斷 120）--
!rclpy.ok()

---------------- /robot_camera/record_mp4_status ----------------
@@TOPIC /robot_camera/record_mp4_status|robot_common_interface/msg/RecordMp4Status|未取到|2
-- topic info -v（含 QoS）--
Type: robot_common_interface/msg/RecordMp4Status

Publisher count: 2

Node name: robot_camera
Node namespace: /
Topic type: robot_common_interface/msg/RecordMp4Status
Endpoint type: PUBLISHER
GID: 86.49.98.20.c9.23.b9.71.2a.b0.d7.0a.c6.15.41.09.00.00.00.00.00.00.00.00
QoS profile:
  Reliability: RELIABLE
  History (Depth): KEEP_LAST (10)
  Durability: VOLATILE
  Lifespan: Infinite
  Deadline: Infinite
  Liveliness: AUTOMATIC
  Liveliness lease duration: Infinite

Node name: robot_camera
Node namespace: /
Topic type: robot_common_interface/msg/RecordMp4Status
Endpoint type: PUBLISHER
GID: 60.66.c7.38.8f.ac.a8.22.6a.f4.49.32.9a.9e.54.66.00.00.00.00.00.00.00.00
QoS profile:
  Reliability: RELIABLE
  History (Depth): KEEP_LAST (10)
  Durability: VOLATILE
  Lifespan: Infinite
  Deadline: Infinite
  Liveliness: AUTOMATIC
  Liveliness lease duration: Infinite

Subscription count: 1

Node name: robot_remote
Node namespace: /
Topic type: robot_common_interface/msg/RecordMp4Status
Endpoint type: SUBSCRIPTION
GID: bb.eb.5f.4c.db.b4.cd.fb.1e.a9.f5.a4.eb.af.bb.9c.00.00.00.00.00.00.00.00
QoS profile:
  Reliability: RELIABLE
  History (Depth): KEEP_LAST (1)
  Durability: TRANSIENT_LOCAL
  Lifespan: Infinite
  Deadline: Infinite
  Liveliness: AUTOMATIC
  Liveliness lease duration: Infinite
-- 一筆內容（陣列截斷 120）--
!rclpy.ok()

---------------- /robot_camera/take_photo ----------------
@@TOPIC /robot_camera/take_photo|robot_common_interface/msg/RecordPhotoRequest|未取到|1
-- topic info -v（含 QoS）--
Type: robot_common_interface/msg/RecordPhotoRequest

Publisher count: 1

Node name: robot_remote
Node namespace: /
Topic type: robot_common_interface/msg/RecordPhotoRequest
Endpoint type: PUBLISHER
GID: 1a.e5.56.f5.8f.d6.ea.57.84.d0.97.46.eb.d6.3b.ab.00.00.00.00.00.00.00.00
QoS profile:
  Reliability: RELIABLE
  History (Depth): KEEP_LAST (1)
  Durability: TRANSIENT_LOCAL
  Lifespan: Infinite
  Deadline: Infinite
  Liveliness: AUTOMATIC
  Liveliness lease duration: Infinite

Subscription count: 2

Node name: robot_camera
Node namespace: /
Topic type: robot_common_interface/msg/RecordPhotoRequest
Endpoint type: SUBSCRIPTION
GID: bf.c7.1d.21.06.fb.be.83.4a.e0.52.38.3a.4f.c0.80.00.00.00.00.00.00.00.00
QoS profile:
  Reliability: RELIABLE
  History (Depth): KEEP_LAST (10)
  Durability: VOLATILE
  Lifespan: Infinite
  Deadline: Infinite
  Liveliness: AUTOMATIC
  Liveliness lease duration: Infinite

Node name: robot_camera
Node namespace: /
Topic type: robot_common_interface/msg/RecordPhotoRequest
Endpoint type: SUBSCRIPTION
GID: 92.f9.a1.a8.fe.c8.ee.3a.7c.6e.7f.e9.a8.78.35.70.00.00.00.00.00.00.00.00
QoS profile:
  Reliability: RELIABLE
  History (Depth): KEEP_LAST (10)
  Durability: VOLATILE
  Lifespan: Infinite
  Deadline: Infinite
  Liveliness: AUTOMATIC
  Liveliness lease duration: Infinite
-- 一筆內容（陣列截斷 120）--
failed to initialize wait set: the given context is not valid, either rcl_init() was not called or rcl_shutdown() was called., at ./src/rcl/wait.c:130

---------------- /robot_camera/take_photo_ack ----------------
@@TOPIC /robot_camera/take_photo_ack|robot_common_interface/msg/RecordPhotoAck|未取到|2
-- topic info -v（含 QoS）--
Type: robot_common_interface/msg/RecordPhotoAck

Publisher count: 2

Node name: robot_camera
Node namespace: /
Topic type: robot_common_interface/msg/RecordPhotoAck
Endpoint type: PUBLISHER
GID: 89.fe.db.6b.ce.32.42.43.02.dc.27.76.d5.62.15.55.00.00.00.00.00.00.00.00
QoS profile:
  Reliability: RELIABLE
  History (Depth): KEEP_LAST (10)
  Durability: VOLATILE
  Lifespan: Infinite
  Deadline: Infinite
  Liveliness: AUTOMATIC
  Liveliness lease duration: Infinite

Node name: robot_camera
Node namespace: /
Topic type: robot_common_interface/msg/RecordPhotoAck
Endpoint type: PUBLISHER
GID: 38.b8.b6.05.e3.cf.1a.9c.43.d4.0c.ac.4b.f3.6b.c3.00.00.00.00.00.00.00.00
QoS profile:
  Reliability: RELIABLE
  History (Depth): KEEP_LAST (10)
  Durability: VOLATILE
  Lifespan: Infinite
  Deadline: Infinite
  Liveliness: AUTOMATIC
  Liveliness lease duration: Infinite

Subscription count: 1

Node name: robot_remote
Node namespace: /
Topic type: robot_common_interface/msg/RecordPhotoAck
Endpoint type: SUBSCRIPTION
GID: a8.0f.c3.62.b2.be.00.aa.fc.42.ae.24.b5.7a.3c.52.00.00.00.00.00.00.00.00
QoS profile:
  Reliability: RELIABLE
  History (Depth): KEEP_LAST (1)
  Durability: TRANSIENT_LOCAL
  Lifespan: Infinite
  Deadline: Infinite
  Liveliness: AUTOMATIC
  Liveliness lease duration: Infinite
-- 一筆內容（陣列截斷 120）--
!rclpy.ok()


======== 感測 msg 的欄位定義（7.4 要引用的規格欄位） ========
---- sensor_msgs/msg/PointCloud2 ----
# This message holds a collection of N-dimensional points, which may
# contain additional information such as normals, intensity, etc. The
# point data is stored as a binary blob, its layout described by the
# contents of the "fields" array.
#
# The point cloud data may be organized 2d (image-like) or 1d (unordered).
# Point clouds organized as 2d images may be produced by camera depth sensors
# such as stereo or time-of-flight.

# Time of sensor data acquisition, and the coordinate frame ID (for 3d points).
std_msgs/Header header
	builtin_interfaces/Time stamp
		int32 sec
		uint32 nanosec
	string frame_id

# 2D structure of the point cloud. If the cloud is unordered, height is
# 1 and width is the length of the point cloud.
uint32 height
uint32 width

# Describes the channels and their layout in the binary data blob.
PointField[] fields
	uint8 INT8    = 1
	uint8 UINT8   = 2
	uint8 INT16   = 3
	uint8 UINT16  = 4
	uint8 INT32   = 5
	uint8 UINT32  = 6
	uint8 FLOAT32 = 7
	uint8 FLOAT64 = 8
	string name      #
	uint32 offset    #
	uint8  datatype  #
	uint32 count     #

bool    is_bigendian # Is this data bigendian?
uint32  point_step   # Length of a point in bytes
uint32  row_step     # Length of a row in bytes
uint8[] data         # Actual point data, size is (row_step*height)
---- sensor_msgs/msg/Range ----
# Single range reading from an active ranger that emits energy and reports
# one range reading that is valid along an arc at the distance measured.
# This message is  not appropriate for laser scanners. See the LaserScan
# message if you are working with a laser scanner.
#
# This message also can represent a fixed-distance (binary) ranger.  This
# sensor will have min_range===max_range===distance of detection.
# These sensors follow REP 117 and will output -Inf if the object is detected
# and +Inf if the object is outside of the detection range.

std_msgs/Header header # timestamp in the header is the time the ranger
	builtin_interfaces/Time stamp
		int32 sec
		uint32 nanosec
	string frame_id
                             # returned the distance reading

# Radiation type enums
# If you want a value added to this list, send an email to the ros-users list
uint8 ULTRASOUND=0
uint8 INFRARED=1

uint8 radiation_type    # the type of radiation used by the sensor
                        # (sound, IR, etc) [enum]

float32 field_of_view   # the size of the arc that the distance reading is
                        # valid for [rad]
                        # the object causing the range reading may have
                        # been anywhere within -field_of_view/2 and
                        # field_of_view/2 at the measured range.
                        # 0 angle corresponds to the x-axis of the sensor.

float32 min_range       # minimum range value [m]
float32 max_range       # maximum range value [m]
                        # Fixed distance rangers require min_range==max_range

float32 range           # range data [m]
                        # (Note: values < range_min or > range_max should be discarded)
                        # Fixed distance rangers only output -Inf or +Inf.
                        # -Inf represents a detection within fixed distance.
---- sensor_msgs/msg/Imu ----
# This is a message to hold data from an IMU (Inertial Measurement Unit)
#
# Accelerations should be in m/s^2 (not in g's), and rotational velocity should be in rad/sec
#
# If the covariance of the measurement is known, it should be filled in (if all you know is the
# variance of each measurement, e.g. from the datasheet, just put those along the diagonal)
# A covariance matrix of all zeros will be interpreted as "covariance unknown", and to use the
# data a covariance will have to be assumed or gotten from some other source
#
# If you have no estimate for one of the data elements (e.g. your IMU doesn't produce an
# orientation estimate), please set element 0 of the associated covariance matrix to -1
# If you are interpreting this message, please check for a value of -1 in the first element of each
# covariance matrix, and disregard the associated estimate.

std_msgs/Header header
	builtin_interfaces/Time stamp
		int32 sec
		uint32 nanosec
	string frame_id

geometry_msgs/Quaternion orientation
	float64 x 0
	float64 y 0
	float64 z 0
	float64 w 1
float64[9] orientation_covariance # Row major about x, y, z axes

geometry_msgs/Vector3 angular_velocity
	float64 x
	float64 y
	float64 z
float64[9] angular_velocity_covariance # Row major about x, y, z axes

geometry_msgs/Vector3 linear_acceleration
	float64 x
	float64 y
	float64 z
float64[9] linear_acceleration_covariance # Row major x, y z
---- sensor_msgs/msg/Image ----
# This message contains an uncompressed image
# (0, 0) is at top-left corner of image

std_msgs/Header header # Header timestamp should be acquisition time of image
	builtin_interfaces/Time stamp
		int32 sec
		uint32 nanosec
	string frame_id
                             # Header frame_id should be optical frame of camera
                             # origin of frame should be optical center of cameara
                             # +x should point to the right in the image
                             # +y should point down in the image
                             # +z should point into to plane of the image
                             # If the frame_id here and the frame_id of the CameraInfo
                             # message associated with the image conflict
                             # the behavior is undefined

uint32 height                # image height, that is, number of rows
uint32 width                 # image width, that is, number of columns

# The legal values for encoding are in file src/image_encodings.cpp
# If you want to standardize a new string format, join
# ros-users@lists.ros.org and send an email proposing a new encoding.

string encoding       # Encoding of pixels -- channel meaning, ordering, size
                      # taken from the list of strings in include/sensor_msgs/image_encodings.hpp

uint8 is_bigendian    # is this data bigendian?
uint32 step           # Full row length in bytes
uint8[] data          # actual matrix data, size is (step * rows)
---- sensor_msgs/msg/CameraInfo ----
# This message defines meta information for a camera. It should be in a
# camera namespace on topic "camera_info" and accompanied by up to five
# image topics named:
#
#   image_raw - raw data from the camera driver, possibly Bayer encoded
#   image            - monochrome, distorted
#   image_color      - color, distorted
#   image_rect       - monochrome, rectified
#   image_rect_color - color, rectified
#
# The image_pipeline contains packages (image_proc, stereo_image_proc)
# for producing the four processed image topics from image_raw and
# camera_info. The meaning of the camera parameters are described in
# detail at http://www.ros.org/wiki/image_pipeline/CameraInfo.
#
# The image_geometry package provides a user-friendly interface to
# common operations using this meta information. If you want to, e.g.,
# project a 3d point into image coordinates, we strongly recommend
# using image_geometry.
#
# If the camera is uncalibrated, the matrices D, K, R, P should be left
# zeroed out. In particular, clients may assume that K[0] == 0.0
# indicates an uncalibrated camera.

#######################################################################
#                     Image acquisition info                          #
#######################################################################

# Time of image acquisition, camera coordinate frame ID
std_msgs/Header header # Header timestamp should be acquisition time of image
	builtin_interfaces/Time stamp
		int32 sec
		uint32 nanosec
	string frame_id
                             # Header frame_id should be optical frame of camera
                             # origin of frame should be optical center of camera
                             # +x should point to the right in the image
                             # +y should point down in the image
                             # +z should point into the plane of the image

---- sensor_msgs/msg/NavSatFix ----
# Navigation Satellite fix for any Global Navigation Satellite System
#
# Specified using the WGS 84 reference ellipsoid

# header.stamp specifies the ROS time for this measurement (the
#        corresponding satellite time may be reported using the
#        sensor_msgs/TimeReference message).
#
# header.frame_id is the frame of reference reported by the satellite
#        receiver, usually the location of the antenna.  This is a
#        Euclidean frame relative to the vehicle, not a reference
#        ellipsoid.
std_msgs/Header header
	builtin_interfaces/Time stamp
		int32 sec
		uint32 nanosec
	string frame_id

# Satellite fix status information.
NavSatStatus status
	#
	int8 STATUS_NO_FIX =  -1        #
	int8 STATUS_FIX =      0        #
	int8 STATUS_SBAS_FIX = 1        #
	int8 STATUS_GBAS_FIX = 2        #
	int8 status
	uint16 SERVICE_GPS =     1
	uint16 SERVICE_GLONASS = 2
	uint16 SERVICE_COMPASS = 4      #
	uint16 SERVICE_GALILEO = 8
	uint16 service

# Latitude [degrees]. Positive is north of equator; negative is south.
float64 latitude

# Longitude [degrees]. Positive is east of prime meridian; negative is west.
float64 longitude

# Altitude [m]. Positive is above the WGS 84 ellipsoid
# (quiet NaN if no altitude is available).

======== 廠商自訂 msg 介面 ========
Messages:
    ackermann_msgs/msg/AckermannDrive
    ackermann_msgs/msg/AckermannDriveStamped
    bond/msg/Constants
    bond/msg/Status
    domain_bridge/msg/CompressedMsg
    dwb_msgs/msg/CriticScore
    dwb_msgs/msg/LocalPlanEvaluation
    dwb_msgs/msg/Trajectory2D
    dwb_msgs/msg/TrajectoryScore
    mocap4r2_control_msgs/msg/Control
    mocap4r2_control_msgs/msg/MocapInfo
    nav_2d_msgs/msg/Path2D
    nav_2d_msgs/msg/Pose2D32
    nav_2d_msgs/msg/Pose2DStamped
    nav_2d_msgs/msg/Twist2D
    nav_2d_msgs/msg/Twist2D32
    nav_2d_msgs/msg/Twist2DStamped
    pendulum_msgs/msg/JointCommand
    pendulum_msgs/msg/JointState
    pendulum_msgs/msg/RttestResults
    rmw_dds_common/msg/Gid
    rmw_dds_common/msg/NodeEntitiesInfo
    rmw_dds_common/msg/ParticipantEntitiesInfo
    robot_common_interface/msg/ChargingDockInfo
    robot_common_interface/msg/ControlServerCurrentRequesterInfo
    robot_common_interface/msg/ControlServerInPlacePose
    robot_common_interface/msg/ControlServerMcState
    robot_common_interface/msg/ControlServerMove
    robot_common_interface/msg/ControlServerNavPose
    robot_common_interface/msg/JointCommand
    robot_common_interface/msg/JointSensor
    robot_common_interface/msg/LedCommand
    robot_common_interface/msg/PowerOnStatus
    robot_common_interface/msg/RecordMp4Ack
    robot_common_interface/msg/RecordMp4Request
    robot_common_interface/msg/RecordMp4Status
    robot_common_interface/msg/RecordPhotoAck
    robot_common_interface/msg/RecordPhotoRequest
    robot_common_interface/msg/RemoteCommand
    robot_common_interface/msg/RoamerxAlgDtc
    robot_common_interface/msg/RoamerxAlgStatus
    robot_common_interface/msg/RobotDiagnosticError
    robot_common_interface/msg/RobotDiagnosticStatus
    robot_common_interface/msg/RobotStatus
    robot_common_interface/msg/TFCardAck
    robot_common_interface/msg/TFCardRequest
    rosbag2_interfaces/msg/ReadSplitEvent
    rosbag2_interfaces/msg/WriteSplitEvent
    theora_image_transport/msg/Packet
    turtlesim/msg/Color
    turtlesim/msg/Pose
    vision_msgs/msg/BoundingBox2D
    vision_msgs/msg/BoundingBox2DArray
    vision_msgs/msg/BoundingBox3D
    vision_msgs/msg/BoundingBox3DArray
    vision_msgs/msg/Classification
    vision_msgs/msg/Detection2D
    vision_msgs/msg/Detection2DArray
    vision_msgs/msg/Detection3D
    vision_msgs/msg/Detection3DArray
    vision_msgs/msg/LabelInfo
    vision_msgs/msg/ObjectHypothesis
    vision_msgs/msg/ObjectHypothesisWithPose
    vision_msgs/msg/Point2D
    vision_msgs/msg/Pose2D
    vision_msgs/msg/VisionClass
    vision_msgs/msg/VisionInfo
Services:
    dwb_msgs/srv/DebugLocalPlan
    dwb_msgs/srv/GenerateTrajectory
    dwb_msgs/srv/GenerateTwists
    dwb_msgs/srv/GetCriticScore
    dwb_msgs/srv/ScoreTrajectory
    logging_demo/srv/ConfigLogger
    robot_common_interface/srv/ControlServerMotionControl
    robot_common_interface/srv/SelfTestOverallResult
    robot_common_interface/srv/SetCameraBps
    robot_common_interface/srv/SwitchActiveJointShm
    robot_common_interface/srv/SwitchGroupMode

======== dmesg 裡的感測器痕跡（型號常只出現在這） ========

======== 靜態盤點結束 ========
